George Abbott,/players/a/abbotge01.html,G,1,1,0,0,0,0.0,0
John Adams,/players/a/adamsjo02.html,G,14,22,0,0,0,1.5,9
Alex Auld,/players/a/auldal01.html,G,23,237,0,7,7,35.8,91
Scott Bailey,/players/b/bailesc01.html,G,19,19,0,0,0,1.4,6
Mike Bales,/players/b/balesmi01.html,G,1,23,0,0,0,1.6,2
Marco Baron,/players/b/baronma01.html,G,64,86,0,4,4,14.7,34
Yves Belanger,/players/b/belanyv01.html,G,8,78,0,4,4,8.9,29
Harvey Bennett,/players/b/benneha01.html,G,25,25,0,0,0,3.1,10
Daniel Berthiaume,/players/b/berthda01.html,G,8,215,0,4,4,29.4,81
Paul Bibeault,/players/b/bibeapa01.html,G,43,215,0,0,0,31.0,81
Craig Billington,/players/b/billicr01.html,G,35,332,0,6,6,33.4,110
Richard Bittner,/players/b/bittnri01.html,G,1,1,0,0,0,0.1,0
John Blue,/players/b/bluejo01.html,G,41,46,0,2,2,6.0,16
Ken Broderick,/players/b/brodeke01.html,G,20,27,0,1,1,4.2,11
Ross Brooks,/players/b/brookro01.html,G,54,54,0,1,1,11.1,37
Jim Carey,/players/c/careyji01.html,G,29,172,0,1,1,20.5,79
Jon Casey,/players/c/caseyjo01.html,G,57,425,0,13,13,61.8,170
Ed Chadwick,/players/c/chadwed01.html,G,4,184,0,0,0,26.9,57
Tim Cheveldae,/players/c/cheveti01.html,G,2,340,0,16,16,45.8,149
Les Colvin,/players/c/colvile01.html,G,1,1,0,0,0,0.0,0
Maurice Courteau,/players/c/courtma01.html,G,6,6,0,0,0,0.4,2
Jim Craig,/players/c/craigji01.html,G,23,30,0,1,1,4.2,11
Wilf Cude,/players/c/cudewi01.html,G,2,281,0,0,0,33.2,98
Nick Damore,/players/d/damorni01.html,G,1,1,0,0,0,0.2,1
Cleon Daskalakis,/players/d/daskacl01.html,G,12,12,0,0,0,0.7,3
Norm Defelice,/players/d/defelno01.html,G,10,10,0,0,0,1.3,3
Matt DelGuidice,/players/d/delguma01.html,G,11,11,0,0,0,1.3,2
Claude Evans,/players/e/evanscl01.html,G,1,5,0,0,0,0.2,1
Manny Fernandez,/players/f/fernama01.html,G,32,325,0,6,6,59.4,143
Brian Finley,/players/f/finlebr01.html,G,2,4,0,0,0,0.0,0
Norm Foster,/players/f/fosteno01.html,G,3,13,0,0,0,1.1,7
Hec Fowler,/players/f/fowlehe01.html,G,7,7,0,0,0,-1.8,1
Jimmy Franks,/players/f/frankji01.html,G,1,42,0,0,0,5.2,12
Bruce Gamble,/players/g/gamblbr01.html,G,80,328,0,1,1,42.5,111
Bert Gardiner,/players/g/gardibe01.html,G,41,144,0,1,1,19.2,49
Jack Gelineau,/players/g/gelinja01.html,G,141,143,0,0,0,17.3,46
Andre Gill,/players/g/gillan01.html,G,5,5,0,0,0,0.7,3
John Grahame,/players/g/grahajo01.html,G,76,224,0,9,9,29.2,97
Ron Grahame,/players/g/graharo02.html,G,40,114,0,3,3,14.7,50
Benny Grant,/players/g/grantbe01.html,G,1,53,0,0,0,5.0,18
Jonas Gustavsson,/players/g/gustajo01.html,G,24,179,0,4,4,21.7,72
Jeff Hackett,/players/h/hackeje01.html,G,18,500,0,9,9,82.6,166
Jaroslav Halak,/players/h/halakja01.html,G,40,489,0,10,10,88.8,254
Don Head,/players/h/headdo01.html,G,38,38,0,0,0,2.0,9
John Henderson,/players/h/hendejo01.html,G,46,46,0,0,0,7.2,15
Gord Henry,/players/h/henrygo01.html,G,3,3,0,0,0,0.8,1
Percy Jackson,/players/j/jackspe01.html,G,5,7,0,0,0,-0.2,1
Chad Johnson,/players/j/johnsch02.html,G,27,192,0,3,3,26.4,80
Joe Junkin,/players/j/junkijo01.html,G,1,1,0,0,0,0.1,0
Doug Keans,/players/k/keansdo01.html,G,154,210,0,6,6,27.8,96
Don Keenan,/players/k/keenado01.html,G,1,1,0,0,0,0.1,0
Anton Khudobin,/players/k/khudoan01.html,G,62,188,0,3,3,33.0,83
Blaine Lacher,/players/l/lachebl01.html,G,47,47,0,1,1,4.7,22
Reggie Lemelin,/players/l/lemelre01.html,G,183,506,0,17,17,78.4,236
Howard Lockhart,/players/l/lockhho01.html,G,2,59,0,0,0,4.2,16
Harry Lumley,/players/l/lumleha01.html,G,77,803,0,0,0,133.6,330
Joey MacDonald,/players/m/macdojo01.html,G,7,133,0,1,1,19.2,44
Zane McIntyre,/players/m/mcintza01.html,G,8,8,0,0,0,-0.1,0
Al Millar,/players/m/millaal01.html,G,6,6,0,0,0,0.1,1
Mike Moffat,/players/m/moffami01.html,G,18,18,0,0,0,1.7,7
Jack Norris,/players/n/norrija01.html,G,23,58,0,0,0,3.8,20
Bernie Parent,/players/p/parenbe01.html,G,57,608,0,10,10,124.9,271
Pete Peeters,/players/p/peetepe01.html,G,171,489,0,12,12,85.6,246
Bob Perreault,/players/p/perrebo01.html,G,22,31,0,0,0,3.4,8
Jim Pettie,/players/p/pettiji01.html,G,21,21,0,0,0,2.8,9
Jacques Plante,/players/p/plantja01.html,G,8,837,0,6,6,173.7,437
Felix Potvin,/players/p/potvife01.html,G,28,635,0,16,16,106.3,266
Claude Pronovost,/players/p/pronocl01.html,G,1,3,0,0,0,0.2,1
Bill Ranford,/players/r/ranfobi01.html,G,122,647,0,24,24,92.1,240
Andrew Raycroft,/players/r/raycran01.html,G,108,280,0,3,3,38.6,113
George Redding,/players/r/reddige01.html,LW/D,1,33,3,2,5,0.3,0
Dave Reece,/players/r/reeceda01.html,G,14,14,0,0,0,2.2,7
Vincent Riendeau,/players/r/riendvi01.html,G,29,184,0,4,4,23.9,85
Pat Riggin,/players/r/riggipa01.html,G,49,350,0,7,7,51.3,153
Bob Ring,/players/r/ringbo01.html,G,1,1,0,0,0,-0.1,0
Moe Roberts,/players/r/robermo01.html,G,2,10,0,0,0,-0.1,3
Roberto Romano,/players/r/romanro01.html,G,1,126,0,1,1,21.8,46
Philippe Sauve,/players/s/sauveph01.html,G,2,32,0,0,0,3.3,10
Terry Sawchuk,/players/s/sawchte01.html,G,102,971,0,7,7,179.0,445
Paxton Schafer,/players/s/schafpa01.html,G,3,3,0,0,0,-0.2,0
Steve Shields,/players/s/shielst01.html,G,36,246,0,2,2,39.4,80
Jordan Sigalet,/players/s/sigaljo01.html,G,1,1,0,0,0,0.0,0
Don Simmons,/players/s/simmodo01.html,G,169,249,0,0,0,39.0,100
Peter Skudra,/players/s/skudrpe01.html,G,25,146,0,2,2,14.3,51
Charles Stewart,/players/s/stewach01.html,G,77,77,0,0,0,10.2,30
Jim Stewart,/players/s/stewaji01.html,G,1,1,0,0,0,-0.3,0
Malcolm Subban,/players/s/subbama01.html,G,2,45,0,0,0,5.8,21
Niklas Svedberg,/players/s/svedbni01.html,G,19,19,0,0,0,3.0,8
Don Sylvestri,/players/s/sylvedo01.html,G,3,3,0,0,0,0.3,0
Robbie Tallas,/players/t/tallaro01.html,G,87,99,0,0,0,9.8,28
Hannu Toivonen,/players/t/toivoha01.html,G,38,61,0,0,0,7.1,18
Jerry Toppazzini,/players/t/toppaje01.html,RW,1,784,163,244,407,28.8,0
Marty Turco,/players/t/turcoma01.html,G,5,543,0,22,22,83.9,275
Rogie Vachon,/players/v/vachoro01.html,G,91,795,0,10,10,144.4,353
Kay Whitmore,/players/w/whitmka01.html,G,5,155,0,9,9,16.4,60
Lefty Wilson,/players/w/wilsole01.html,G,1,3,0,0,0,0.5,0
Hal Winkler,/players/w/winklha01.html,G,67,75,0,0,0,15.9,35
Noel Acciari,/players/a/acciano01.html,C,180,180,18,13,31,1.1,0
Rick Adduono,/players/a/adduori01.html,C,1,4,0,0,0,-0.2,0
Kenny Agostino,/players/a/agostke01.html,LW,5,85,8,22,30,1.9,0
Johnathan Aitken,/players/a/aitkejo01.html,D,3,44,0,1,1,0.0,0
Andrew Alberts,/players/a/alberan01.html,D,184,459,8,47,55,13.4,0
Gary Aldcorn,/players/a/aldcoga01.html,LW,24,226,41,56,97,6.0,0
Bobby Allen,/players/a/allenbo01.html,D,50,51,0,3,3,0.7,0
Earl Anderson,/players/a/anderea01.html,RW,64,109,19,19,38,1.4,0
Dave Andreychuk*,/players/a/andreda01.html,LW,63,1639,640,698,1338,124.4,0
John Arbour,/players/a/arboujo01.html,D,6,106,1,9,10,3.6,0
Jamie Arniel,/players/a/arnieja01.html,C,1,1,0,0,0,-0.1,0
Scott Arniel,/players/a/arniesc01.html,LW,29,730,149,189,338,16.1,0
Barry Ashbee,/players/a/ashbeba01.html,D,14,284,15,70,85,21.9,0
Brent Ashton,/players/a/ashtobr01.html,LW,87,998,284,345,629,39.7,0
Steve Atkinson,/players/a/atkinst01.html,RW,1,302,60,51,111,5.8,0
Ossie Aubuchon,/players/a/aubucos01.html,LW,12,50,20,12,32,1.3,0
Pete Babando,/players/b/babanpe01.html,LW,118,351,86,73,159,13.8,0
Murray Balfour,/players/b/balfomu01.html,RW,15,306,67,90,157,11.8,0
Stan Baluik,/players/b/baluist01.html,C,7,7,0,0,0,-0.2,0
Darren Banks,/players/b/banksda01.html,LW,20,20,2,2,4,0.1,0
Ralph Barahona,/players/b/barahra01.html,C,6,6,2,2,4,0.4,0
Dave Barr,/players/b/barrda01.html,RW,12,614,128,204,332,19.9,0
Ed Barry,/players/b/barryed01.html,LW,19,19,1,3,4,-0.1,0
Ray Barry,/players/b/barryra01.html,C,18,18,1,2,3,-0.2,0
Matt Bartkowski,/players/b/bartkma01.html,D,131,255,8,40,48,9.2,0
Jim Bartlett,/players/b/bartlji01.html,LW,63,191,34,23,57,2.0,0
Shawn Bates,/players/b/batessh01.html,C,135,465,72,126,198,15.0,0
Ken Baumgartner,/players/b/baumgke01.html,LW,151,696,13,41,54,-6.6,0
Bob Beckett,/players/b/beckebo01.html,C,68,68,7,6,13,-0.6,0
Clayton Beddoes,/players/b/beddocl01.html,C,60,60,2,8,10,-0.7,0
Bob Beers,/players/b/beersbo01.html,D,77,258,28,79,107,14.2,0
Steve Begin,/players/b/beginst01.html,C,77,524,56,52,108,6.6,0
Ken Belanger,/players/b/belanke01.html,LW,122,248,11,12,23,-0.2,0
Matt Beleskey,/players/b/belesma01.html,LW,143,477,76,82,158,14.6,0
Bill Bennett,/players/b/bennebi01.html,LW,7,31,4,7,11,0.3,0
Bobby Benson,/players/b/bensobo01.html,D,8,8,0,2,2,-0.2,0
Paul Beraldo,/players/b/beralpa01.html,RW,10,10,0,0,0,-0.4,0
Bryan Berard,/players/b/berarbr01.html,D,80,619,76,247,323,45.4,0
Fred Bergdinon,/players/b/bergdfr01.html,RW,2,2,0,0,0,-0.1,0
Phil Besler,/players/b/besleph01.html,RW,8,30,1,4,5,-0.4,0
Sam Bettio,/players/b/bettisa01.html,LW,44,44,9,12,21,1.5,0
Nick Beverley,/players/b/beverni01.html,D,82,502,18,94,112,25.7,0
Jack Bionda,/players/b/biondja01.html,D,80,93,3,9,12,5.7,0
Byron Bitz,/players/b/bitzby01.html,RW,80,97,10,12,22,1.4,0
Anders Bjork,/players/b/bjorkan01.html,LW,50,50,5,10,15,1.1,0
Don Blackburn,/players/b/blackdo01.html,LW,6,185,23,44,67,2.0,0
Bob Blake,/players/b/blakebo01.html,LW,12,12,0,0,0,1.0,0
Zdenek Blatny,/players/b/blatnzd01.html,LW,5,25,3,0,3,0.1,0
Anton Blidh,/players/b/blidhan01.html,LW,21,21,1,1,2,0.0,0
John Blum,/players/b/blumjo01.html,D,169,250,7,34,41,12.2,0
Brandon Bochenski,/players/b/bochebr01.html,RW,51,156,28,40,68,6.7,0
Gus Bodnar,/players/b/bodnagu01.html,C,81,667,142,255,397,28.2,0
Andrew Bodnarchuk,/players/b/bodnaan01.html,D,5,42,0,4,4,0.1,0
Ivan Boldirev,/players/b/boldiiv01.html,C,13,1052,361,505,866,62.7,0
Buzz Boll,/players/b/bollbu01.html,LW,82,437,133,130,263,24.9,0
Marcel Bonin,/players/b/boninma01.html,W,67,454,97,175,272,24.0,0
Dennis Bonvie,/players/b/bonvide01.html,RW,23,92,1,2,3,-0.7,0
Buddy Boone,/players/b/boonebu01.html,RW,34,34,5,3,8,0.2,0
Billy Boucher,/players/b/bouchbi01.html,RW,16,213,93,35,128,21.8,0
Chris Bourque,/players/b/bourqch01.html,LW,18,51,2,6,8,-0.4,0
Paul Boutilier,/players/b/boutipa01.html,D,52,288,27,83,110,17.4,0
Irwin Boyd,/players/b/boydir01.html,RW,54,94,10,10,20,-0.3,0
Brad Boyes,/players/b/boyesbr01.html,RW,144,822,211,294,505,53.8,0
John Brackenborough,/players/b/brackjo01.html,LW/C,7,7,0,0,0,-0.4,0
Bart Bradley,/players/b/bradlba01.html,C,1,1,0,0,0,0.0,0
Rich Brennan,/players/b/brennri01.html,D,7,50,2,6,8,1.4,0
Tom Brennan,/players/b/brennto01.html,RW,12,12,2,2,4,-0.1,0
Andy Brickley,/players/b/brickan01.html,LW/C,177,385,82,140,222,12.5,0
Archie Briden,/players/b/bridear01.html,LW,17,73,9,5,14,-0.1,0
Wade Brookbank,/players/b/brookwa01.html,D,7,127,6,3,9,1.7,0
Adam Brown,/players/b/brownad01.html,LW,33,392,104,114,218,15.1,0
Sean Brown,/players/b/brownse01.html,D,81,436,14,43,57,11.7,0
Gordie Bruce,/players/b/brucego01.html,LW,27,27,4,9,13,0.8,0
Ron Buchanan,/players/b/bucharo01.html,C,3,5,0,0,0,-0.2,0
Billy Burch*,/players/b/burchbi01.html,C/LW,25,390,136,60,196,40.2,0
Eddie Burke,/players/b/burkeed01.html,RW/C,16,106,29,20,49,5.9,0
John Byce,/players/b/bycejo01.html,C,21,21,2,3,5,0.0,0
Gord Byers,/players/b/byersgo01.html,D,1,1,0,1,1,0.1,0
Jack Caffery,/players/c/caffeja01.html,C,54,57,3,2,5,-0.8,0
Charles Cahill,/players/c/cahilch01.html,RW,32,32,0,1,1,-1.4,0
Norm Calladine,/players/c/callano01.html,C,63,63,19,29,48,2.0,0
Wade Campbell,/players/c/campbwa01.html,D,28,213,9,27,36,7.0,0
Carter Camper,/players/c/campeca01.html,C,3,3,1,0,1,0.2,0
Jack Capuano,/players/c/capuaja01.html,D,2,6,0,0,0,0.1,0
Paul Carey,/players/c/careypa01.html,C,2,99,8,8,16,0.5,0
Wayne Carleton,/players/c/carlewa01.html,LW,111,278,55,73,128,7.7,0
Jordan Caron,/players/c/caronjo01.html,RW,134,157,12,16,28,0.9,0
Bob Carpenter,/players/c/carpebo01.html,C,187,1178,320,408,728,46.1,0
George Carroll,/players/c/carroge01.html,D,10,14,0,0,0,-0.2,0
Bill Carson,/players/c/carsobi01.html,C,64,159,54,27,81,19.9,0
Billy Carter,/players/c/cartebi01.html,C,8,16,0,0,0,-0.5,0
John Carter,/players/c/cartejo01.html,LW,185,244,40,50,90,3.4,0
Joe Carveth,/players/c/carvejo01.html,RW,73,502,150,187,337,30.0,0
Colby Cave,/players/c/caveco01.html,C,23,56,3,5,8,-0.2,0
Peter Cehlarik,/players/c/cehlape01.html,LW,37,37,5,5,10,1.0,0
Murph Chamberlain,/players/c/chambmu01.html,LW,45,510,100,175,275,19.9,0
Art Chapman,/players/c/chapmar01.html,C,159,431,62,176,238,21.7,0
Dick Cherry,/players/c/cherrdi01.html,D,6,145,12,10,22,6.9,0
Denis Chervyakov,/players/c/chervde01.html,D,2,2,0,0,0,0.0,0
Art Chisholm,/players/c/chishar01.html,C/D,3,3,0,0,0,-0.1,0
Stanislav Chistov,/players/c/chistst01.html,LW,60,196,19,42,61,4.4,0
Dave Christian,/players/c/chrisda01.html,RW,128,1009,340,433,773,54.4,0
Jack Church,/players/c/churcja01.html,D,43,142,4,19,23,10.1,0
Dean Chynoweth,/players/c/chynode01.html,D,94,241,4,18,22,7.1,0
Rob Cimetta,/players/c/cimetro01.html,W,54,103,16,16,32,1.3,0
Gordie Clark,/players/c/clarkgo01.html,RW,8,8,0,1,1,-0.3,0
Nobby Clark,/players/c/clarkno01.html,D,2,2,0,0,0,0.2,0
Sprague Cleghorn*,/players/c/cleghsp01.html,D,109,259,83,60,143,47.7,0
Connor Clifton,/players/c/cliftco01.html,D,19,19,0,1,1,0.8,0
Paul Coffey*,/players/c/coffepa01.html,D,18,1409,396,1135,1531,185.7,0
Roy Conacher*,/players/c/conacro01.html,LW,166,490,226,201,427,50.8,0
Wayne Connelly,/players/c/connewa01.html,C,169,543,133,174,307,21.1,0
Brett Connolly,/players/c/connobr01.html,RW,76,427,79,76,155,15.8,0
Harry Connor,/players/c/connoha01.html,LW,55,132,16,5,21,3.4,0
Bud Cook,/players/c/cookbu02.html,C,28,50,5,4,9,0.0,0
Bun Cook*,/players/c/cookbu01.html,LW,44,477,158,146,304,51.6,0
Lloyd Cook,/players/c/cookll01.html,D,4,4,1,0,1,0.1,0
Carson Cooper,/players/c/coopeca01.html,RW,66,295,110,62,172,38.3,0
Carl Corazzini,/players/c/corazca01.html,C,12,19,2,1,3,0.3,0
Norm Corcoran,/players/c/corcono01.html,C/RW,4,29,1,3,4,-0.5,0
Mark Cornforth,/players/c/cornfma01.html,D,6,6,0,0,0,0.4,0
Joe Corvo,/players/c/corvojo01.html,D,75,708,92,218,310,55.3,0
Murray Costello*,/players/c/costemu01.html,C,95,163,13,19,32,-0.5,0
Alain Cote,/players/c/coteal02.html,D,68,119,2,18,20,6.3,0
Billy Coutu,/players/c/coutubi01.html,D,42,247,33,23,56,23.9,0
Charlie Coyle,/players/c/coylech01.html,C/RW,21,500,93,155,248,24.9,0
Lou Crawford,/players/c/crawflo01.html,LW,26,26,2,1,3,-0.4,0
Terry Crisp,/players/c/crispte01.html,C,3,536,67,134,201,9.2,0
Tommy Cross,/players/c/crossto01.html,D,3,3,0,1,1,0.0,0
Craig Cunningham,/players/c/cunnicr01.html,RW,34,63,3,5,8,-0.2,0
Bill Cupolo,/players/c/cupolbi01.html,RW,49,49,11,14,25,0.9,0
Brian Curran,/players/c/currabr01.html,D,115,381,7,33,40,13.2,0
Austin Czarnik,/players/c/czarnau01.html,C,59,113,11,24,35,2.0,0
Mariusz Czerkawski,/players/c/czerkma01.html,RW,100,745,215,220,435,45.7,0
Kevin Dallman,/players/d/dallmke01.html,D,21,154,8,23,31,5.1,0
Harold Darragh,/players/d/darraha01.html,LW,24,307,68,49,117,18.9,0
Kaspars Daugavins,/players/d/daugaka01.html,LW,6,91,6,9,15,0.0,0
Bob Davie,/players/d/daviebo01.html,D,41,41,0,1,1,2.4,0
Lorne Davis,/players/d/davislo01.html,RW,25,95,8,12,20,0.4,0
Murray Davison,/players/d/davismu01.html,D,1,1,0,0,0,0.0,0
Jake Debrusk,/players/d/debruja01.html,LW,138,138,43,42,85,10.1,0
Armand Delmonte,/players/d/delmoar01.html,RW,1,1,0,0,0,0.0,0
Ab DeMarco,/players/d/demarab01.html,C,4,210,72,95,167,12.3,0
Ab DeMarco,/players/d/demarab02.html,D,3,344,44,80,124,26.6,0
Nathan Dempsey,/players/d/dempsna01.html,D,17,260,21,67,88,15.2,0
Cy Denneny*,/players/d/dennecy01.html,LW,23,329,247,89,336,58.4,0
Bill Derlago,/players/d/derlabi01.html,C,39,555,189,227,416,26.7,0
Bob Dillabough,/players/d/dillabo01.html,C,113,283,32,54,86,0.9,0
Brian Dobbin,/players/d/dobbibr01.html,RW,7,63,7,8,15,-0.1,0
Clark Donatelli,/players/d/donatcl01.html,LW,10,35,3,4,7,-0.6,0
Ryan Donato,/players/d/donatry01.html,C,46,68,15,19,34,3.0,0
Dave Donnelly,/players/d/donneda01.html,C,62,137,15,24,39,0.3,0
Shean Donovan,/players/d/donovsh01.html,RW,76,951,112,129,241,13.3,0
Gary Dornhoefer,/players/d/dornhga01.html,RW,62,787,214,328,542,43.9,0
Doug Doull,/players/d/doulldo01.html,LW,35,37,0,1,1,0.0,0
Peter Douris,/players/d/douripe01.html,RW,148,321,54,67,121,6.6,0
Aaron Downey,/players/d/downeaa01.html,RW,1,243,8,10,18,0.5,0
P.C. Drouin,/players/d/drouipc01.html,LW,3,3,0,0,0,0.0,0
Luc Dufour,/players/d/dufoulu01.html,LW,114,167,23,21,44,0.5,0
Lorne Duguid,/players/d/duguilo01.html,LW,31,136,9,15,24,-0.2,0
Dale Dunbar,/players/d/dunbada01.html,D,1,2,0,0,0,0.1,0
Gerry Ehman,/players/e/ehmange01.html,RW,1,429,96,118,214,15.1,0
Todd Elik,/players/e/elikto01.html,C,90,448,110,219,329,24.4,0
Dave Ellett,/players/e/elletda01.html,D,136,1129,153,415,568,88.4,0
Mikko Eloranta,/players/e/elorami01.html,LW,118,264,32,44,76,5.4,0
David Emma,/players/e/emmada01.html,C,5,34,5,6,11,0.4,0
John Emmons,/players/e/emmonjo01.html,C,22,85,2,4,6,-0.9,0
Hap Emms,/players/e/emmsha01.html,LW/D,10,330,36,53,89,5.0,0
Aut Erickson,/players/e/erickau01.html,D,126,226,7,24,31,10.6,0
Grant Erickson,/players/e/erickgr01.html,LW,2,6,1,0,1,-0.1,0
Bill Ezinicki,/players/e/ezinibi01.html,RW,81,368,79,105,184,15.3,0
Glen Featherstone,/players/f/feathgl01.html,D,99,384,19,61,80,21.0,0
Brian Ferlin,/players/f/ferlibr01.html,RW,7,7,0,1,1,0.0,0
Landon Ferraro,/players/f/ferrala01.html,C,58,77,7,5,12,0.3,0
Peter Ferraro,/players/f/ferrape01.html,LW,51,92,9,15,24,1.6,0
Marcel Fillion,/players/f/fillima01.html,LW,1,1,0,0,0,0.0,0
Tommy Filmore,/players/f/filmoto01.html,RW,5,117,16,13,29,1.2,0
Ed Finnigan,/players/f/finnied01.html,LW,3,15,1,0,1,-0.2,0
Dunc Fisher,/players/f/fishedu01.html,RW,125,274,45,70,115,8.1,0
Tom Fitzgerald,/players/f/fitzgto01.html,RW,71,1097,139,190,329,15.3,0
Reggie Fleming,/players/f/flemire01.html,D/LW,101,749,108,132,240,8.9,0
Ron Flockhart,/players/f/flockro02.html,C,4,453,145,183,328,21.6,0
Justin Florek,/players/f/floreju01.html,LW,4,4,1,1,2,0.3,0
Mike Forbes,/players/f/forbemi01.html,D,32,50,1,11,12,1.9,0
Jakob Forsbacka Karlsson,/players/f/forsbja01.html,C,29,29,3,6,9,0.7,0
Yip Foster,/players/f/fosteyi01.html,D,32,81,3,2,5,2.2,0
Matt Fraser,/players/f/frasema02.html,LW,38,87,11,6,17,0.9,0
Trent Frederic,/players/f/fredetr01.html,C,15,15,0,0,0,-0.4,0
Frank Fredrickson*,/players/f/fredrfr01.html,C,80,161,39,34,73,15.2,0
Harry Frost,/players/f/frostha01.html,RW,2,2,0,0,0,0.0,0
Art Gagne,/players/g/gagnear01.html,RW,9,228,67,34,101,22.5,0
Pierre Gagne,/players/g/gagnepi01.html,LW,2,2,0,0,0,-0.1,0
Simon Gagne,/players/g/gagnesi01.html,LW,23,822,291,310,601,74.9,0
Johnny Gagnon,/players/g/gagnojo01.html,RW,23,454,121,143,264,32.2,0
Dutch Gainor,/players/g/gainodu01.html,C,164,247,51,56,107,18.5,0
Ray Gariepy,/players/g/gariera01.html,D,35,36,1,6,7,2.0,0
Armand Gaudreault,/players/g/gaudrar01.html,LW,45,45,15,9,24,1.4,0
Jean Gauthier,/players/g/gauthje01.html,D,11,166,6,29,35,12.1,0
Gerry Geran,/players/g/gerange01.html,C,33,37,5,1,6,0.2,0
Ray Getliffe,/players/g/getlira01.html,C/LW,128,397,136,137,273,26.7,0
Barry Gibbs,/players/g/gibbsba01.html,D,24,797,58,224,282,49.8,0
Doug Gibson,/players/g/gibsodo01.html,C,52,63,9,19,28,1.2,0
Jeannot Gilbert,/players/g/gilbeje01.html,C,9,9,0,1,1,-0.3,0
Mike Gillis,/players/g/gillimi01.html,LW,125,246,33,43,76,0.4,0
Brian Gionta,/players/g/giontbr01.html,RW,20,1026,291,304,595,67.7,0
Jonathan Girard,/players/g/girarjo01.html,D,150,150,10,34,44,7.9,0
Art Giroux,/players/g/girouar01.html,RW,10,54,6,4,10,0.2,0
Jean-Paul Gladu,/players/g/gladuje01.html,LW,40,40,6,14,20,0.5,0
Matt Glennon,/players/g/glennma01.html,LW,3,3,0,0,0,-0.1,0
Bill Goldsworthy,/players/g/goldsbi01.html,RW,33,771,283,258,541,47.5,0
Leroy Goldsworthy,/players/g/goldsle01.html,RW,93,336,66,57,123,11.9,0
Sergei Gonchar,/players/g/gonchse01.html,D,15,1301,220,591,811,141.9,0
Fred Gordon,/players/g/gordofr01.html,RW,43,81,8,7,15,1.0,0
Lee Goren,/players/g/gorenle01.html,RW,35,67,5,4,9,0.0,0
Butch Goring,/players/g/gorinbu01.html,C,39,1107,375,513,888,69.5,0
Bobby Gould,/players/g/gouldbo01.html,RW,77,697,145,159,304,15.9,0
Bob Gracie,/players/g/gracibo01.html,C/LW,23,380,82,110,192,20.5,0
Thomas Gradin,/players/g/gradith01.html,C,64,677,209,384,593,40.8,0
Rod Graham,/players/g/graharo01.html,LW,14,14,2,1,3,-0.1,0
Ted Graham,/players/g/grahate01.html,D,49,347,14,26,40,25.6,0
Terry Gray,/players/g/grayte01.html,RW,42,147,26,28,54,2.4,0
Red Green,/players/g/greenre01.html,LW,22,195,60,27,87,15.3,0
Travis Green,/players/g/greentr01.html,C,146,970,193,262,455,36.1,0
Seth Griffith,/players/g/griffse01.html,C,34,79,8,11,19,1.2,0
Lloyd Gronsdahl,/players/g/gronsll01.html,RW,10,10,1,2,3,0.1,0
Michal Grosek,/players/g/grosemi01.html,LW,96,526,84,137,221,19.7,0
Lloyd Gross,/players/g/grossll01.html,LW,6,52,11,4,15,1.8,0
Don Grosso,/players/g/grossdo01.html,LW/C,33,335,87,117,204,14.1,0
John Gruden,/players/g/grudejo01.html,D,59,92,1,8,9,3.4,0
Bob Gryp,/players/g/grypbo01.html,LW,1,74,11,13,24,-0.1,0
Matt Grzelcyk,/players/g/grzelma01.html,D,129,129,6,27,33,8.4,0
Paul Guay,/players/g/guaypa01.html,RW,5,117,11,23,34,-0.5,0
Bill Guerin,/players/g/gueribi01.html,RW,142,1263,429,427,856,94.3,0
Bep Guidolin,/players/g/guidobe01.html,LW,195,519,107,171,278,17.1,0
Ben Guite,/players/g/guitebe01.html,RW,1,175,19,26,45,2.7,0
Matti Hagman,/players/h/hagmama01.html,C,90,237,56,89,145,7.5,0
Taylor Hall,/players/h/hallta01.html,LW,7,41,7,9,16,0.2,0
Doug Halward,/players/h/halwado01.html,D,65,653,69,224,293,41.1,0
Red Hamill,/players/h/hamilre02.html,LW,59,429,128,94,222,16.3,0
Zach Hamill,/players/h/hamilza01.html,C,20,20,0,4,4,0.2,0
Dougie Hamilton,/players/h/hamildo01.html,D,178,505,82,177,259,47.7,0
Ken Hammond,/players/h/hammoke01.html,D,1,193,18,29,47,6.1,0
Brett Harkins,/players/h/harkibr01.html,LW,45,78,6,30,36,2.0,0
Walter Harnott,/players/h/harnowa01.html,LW,6,6,0,0,0,-0.2,0
Hago Harrington,/players/h/harriha01.html,LW,48,72,9,5,14,0.8,0
Henry Harris,/players/h/harrihe01.html,RW,32,32,2,4,6,0.2,0
Smokey Harris,/players/h/harrism01.html,LW,6,6,3,1,4,0.6,0
Ed Harrison,/players/h/harried01.html,C/LW,189,194,27,24,51,1.7,0
Jim Harrison,/players/h/harriji01.html,C,39,324,67,86,153,9.2,0
Greg Hawgood,/players/h/hawgogr01.html,D,134,474,60,164,224,37.6,0
Jimmy Hayes,/players/h/hayesji01.html,RW,133,334,54,55,109,10.1,0
Paul Haynes,/players/h/haynepa01.html,C,30,384,61,133,194,17.1,0
Fern Headley,/players/h/headlfe01.html,D,13,30,1,4,5,1.9,0
Eric Healey,/players/h/healeer01.html,LW,2,2,0,0,0,0.0,0
Andy Hebenton,/players/h/hebenan01.html,RW,70,630,189,202,391,34.9,0
Danton Heinen,/players/h/heineda01.html,C/LW,162,162,27,54,81,8.0,0
Lionel Heinrich,/players/h/heinrli01.html,LW,35,35,1,1,2,-0.8,0
Jay Henderson,/players/h/hendeja01.html,LW,33,33,1,3,4,0.2,0
Josh Hennessy,/players/h/hennejo01.html,C,3,23,1,0,1,-0.1,0
Jimmy Herbert,/players/h/herbeji01.html,C/RW,112,206,83,34,117,28.0,0
Phil Hergesheimer,/players/h/hergeph01.html,RW,3,125,21,41,62,4.1,0
Matt Herr,/players/h/herrma01.html,C,3,58,4,5,9,0.3,0
Matt Hervey,/players/h/hervema01.html,D,16,35,0,5,5,1.0,0
Obs Heximer,/players/h/heximob01.html,LW/C,48,84,13,7,20,1.5,0
Wayne Hicks,/players/h/hickswa01.html,RW,65,115,13,23,36,0.3,0
Andy Hilbert,/players/h/hilbean01.html,C/LW,38,307,42,62,104,8.4,0
Mel Hill,/players/h/hillme01.html,RW,131,324,89,108,197,16.2,0
Dutch Hiller,/players/h/hilledu01.html,LW,44,382,91,112,203,14.8,0
Randy Hillier,/players/h/hillira01.html,D,164,543,16,110,126,23.5,0
Floyd Hillman,/players/h/hillmfl01.html,D,6,6,0,0,0,0.3,0
Larry Hillman,/players/h/hillmla01.html,D,127,789,36,196,232,57.3,0
Shane Hnidy,/players/h/hnidysh01.html,D,111,550,16,55,71,16.7,0
Ken Hodge,/players/h/hodgeke02.html,C/RW,112,142,39,48,87,6.4,0
Ted Hodgson,/players/h/hodgste01.html,RW,4,4,0,0,0,-0.1,0
Jeff Hoggan,/players/h/hoggaje01.html,RW,47,107,2,9,11,-1.1,0
Benoit Hogue,/players/h/hoguebe01.html,C,17,863,222,321,543,44.3,0
Nick Holden,/players/h/holdeni01.html,D,18,435,39,88,127,26.1,0
Ron Hoover,/players/h/hoovero01.html,C,17,18,4,0,4,0.1,0
Pete Horeck,/players/h/horecpe01.html,LW,100,426,106,118,224,17.3,0
Nathan Horton,/players/h/hortona01.html,RW,169,627,203,218,421,49.5,0
Marty Howe,/players/h/howema01.html,D,78,197,2,29,31,9.6,0
Bill Huard,/players/h/huardbi01.html,LW,2,223,16,18,34,-1.3,0
Brent Hughes,/players/h/hughebr02.html,LW,191,357,41,39,80,1.2,0
Ryan Hughes,/players/h/hughery01.html,C,3,3,0,0,0,-0.1,0
Joe Hulbig,/players/h/hulbijo01.html,LW,31,55,4,4,8,-0.2,0
Ivan Huml,/players/h/humliv01.html,LW,49,49,6,12,18,1.5,0
Matt Hunwick,/players/h/hunwima01.html,D,164,535,25,94,119,22.6,0
Paul Hurley,/players/h/hurlepa01.html,D,1,1,0,1,1,0.2,0
Jamie Huscroft,/players/h/huscrja01.html,D,70,352,5,33,38,13.9,0
Bill Hutton,/players/h/huttobi01.html,D/RW,29,64,3,1,4,-1.7,0
Dave Hynes,/players/h/hynesda01.html,LW,22,22,4,0,4,0.0,0
Gord Hynes,/players/h/hynesgo01.html,D,15,52,3,9,12,2.6,0
Al Iafrate,/players/i/iafraal01.html,D,12,799,152,311,463,64.3,0
Jarome Iginla,/players/i/iginlja01.html,RW,78,1554,625,675,1300,157.9,0
John Ingram,/players/i/ingrajo01.html,C,1,1,0,0,0,-0.1,0
Ted Irvine,/players/i/irvinte01.html,LW,1,724,154,177,331,18.8,0
Matt Irwin,/players/i/irwinma01.html,D,2,323,22,57,79,17.7,0
Brad Isbister,/players/i/isbisbr01.html,LW,58,541,106,116,222,19.4,0
Ric Jackman,/players/j/jackmri01.html,D,2,231,19,58,77,8.8,0
Busher Jackson*,/players/j/jacksbu01.html,LW,112,634,241,234,475,61.4,0
Stan Jackson,/players/j/jacksst01.html,LW,52,86,9,9,18,-1.1,0
Walter Jackson,/players/j/jackswa01.html,LW,2,84,16,11,27,2.5,0
Jaromir Jagr,/players/j/jagrja01.html,RW,11,1733,766,1155,1921,217.1,0
Roger Jenkins,/players/j/jenkiro01.html,RW/D,40,324,15,41,56,2.4,0
Bill Jennings,/players/j/jennibi01.html,RW,39,108,32,34,66,4.3,0
Ed Jeremiah,/players/j/jeremed01.html,RW/D,5,15,0,1,1,0.6,0
Frank Jerwa,/players/j/jerwafr01.html,LW/D,65,81,11,16,27,2.3,0
Joe Jerwa,/players/j/jerwajo01.html,D,39,234,29,58,87,23.9,0
Jeff Jillson,/players/j/jillsje01.html,D,50,140,9,32,41,6.7,0
Marcus Johansson,/players/j/johanma03.html,C/W,10,588,120,214,334,33.4,0
Aaron Johnson,/players/j/johnsaa01.html,D,10,291,17,45,62,13.3,0
Nick Johnson,/players/j/johnsni01.html,RW,9,113,14,23,37,3.1,0
Norm Johnson,/players/j/johnsno01.html,C,54,61,5,20,25,0.9,0
Tom Johnson*,/players/j/johnsto01.html,D,121,978,51,213,264,81.6,0
Greg Johnston,/players/j/johnsgr01.html,RW,183,187,26,29,55,1.1,0
Ron Jones,/players/j/jonesro01.html,D,8,54,1,4,5,0.7,0
Bob Joyce,/players/j/joycebo01.html,LW,115,158,34,49,83,5.2,0
Joe Juneau,/players/j/juneajo01.html,C,161,828,156,416,572,44.5,0
Milan Jurcina,/players/j/jurcimi01.html,D,91,430,22,59,81,14.3,0
Tomas Kaberle,/players/k/kaberto01.html,D,24,984,87,476,563,87.0,0
Walter Kalbfleisch,/players/k/kalbfwa01.html,D,1,36,0,4,4,1.3,0
Petr Kalus,/players/k/kaluspe01.html,LW,9,11,4,1,5,0.7,0
Max Kaminsky,/players/k/kaminma01.html,C,75,130,22,34,56,5.6,0
Steven Kampfer,/players/k/kampfst01.html,D,83,201,13,19,32,6.9,0
Martins Karsums,/players/k/karsuma01.html,RW,6,24,1,5,6,-0.1,0
Alexei Kasatonov,/players/k/kasatal01.html,D,63,383,38,122,160,30.5,0
Duke Keats*,/players/k/keatsdu01.html,C,17,82,29,19,48,11.0,0
Jarmo Kekalainen,/players/k/kekalja01.html,LW,27,55,5,8,13,0.0,0
Chris Kelleher,/players/k/kellech01.html,D,1,1,0,0,0,0.0,0
Joonas Kemppainen,/players/k/kemppjo01.html,LW,44,44,2,3,5,-0.4,0
Sheldon Kennedy,/players/k/kennesh01.html,RW,56,310,49,58,107,3.7,0
Alexander Khokhlachev,/players/k/khokhal01.html,C,9,9,0,0,0,-0.3,0
Dmitri Khristich,/players/k/khrisdm01.html,LW/C,161,811,259,337,596,60.3,0
Darin Kimble,/players/k/kimblda01.html,RW,55,311,23,20,43,-3.5,0
Lloyd Klein,/players/k/kleinll01.html,LW,13,164,30,25,55,4.5,0
Joe Klukay,/players/k/klukajo01.html,LW,150,566,109,127,236,20.3,0
Bill Knibbs,/players/k/knibbbi01.html,C,53,53,7,10,17,0.4,0
Fred Knipscheer,/players/k/knipsfr01.html,C,27,28,6,3,9,0.8,0
Chuck Kobasew,/players/k/kobasch01.html,RW,158,601,110,100,210,19.7,0
Pavel Kolarik,/players/k/kolarpa01.html,D,23,23,0,0,0,0.0,0
Russ Kopak,/players/k/kopakru01.html,C,24,24,7,9,16,0.5,0
Doug Kostynski,/players/k/kostydo01.html,C,15,15,3,1,4,0.2,0
Andrei Kovalenko,/players/k/kovalan01.html,RW,76,620,173,206,379,33.5,0
Stephen Kraftcheck*,/players/k/kraftst01.html,D,21,156,11,18,29,7.7,0
Skip Krake,/players/k/krakesk01.html,C,87,249,23,40,63,-1.1,0
Mike Krushelnyski,/players/k/krushmi01.html,LW/C,162,897,241,328,569,38.4,0
Karson Kuhlman,/players/k/kuhlmka01.html,C,11,11,3,2,5,0.8,0
Arnie Kullman,/players/k/kullmar01.html,C,13,13,0,1,1,-0.4,0
Jarno Kultanen,/players/k/kultaja01.html,D,102,102,2,11,13,3.0,0
Sean Kuraly,/players/k/kuralse01.html,C,154,154,14,22,36,1.9,0
Orland Kurtenbach,/players/k/kurteor01.html,C,142,640,119,213,332,20.1,0
Zdenek Kutlak,/players/k/kutlazd01.html,D,16,16,1,2,3,0.3,0
Dmitri Kvartalnov,/players/k/kvartdm01.html,LW,112,112,42,49,91,7.4,0
Gus Kyle,/players/k/kylegu01.html,D,69,203,6,20,26,11.1,0
Antti Laaksonen,/players/l/laaksan01.html,LW,38,483,81,87,168,14.5,0
Guy Labrie,/players/l/labrigu01.html,D,15,42,4,9,13,1.5,0
Dan LaCouture,/players/l/lacouda01.html,LW,55,337,20,25,45,-0.2,0
Daniel Lacroix,/players/l/lacroda01.html,LW,23,188,11,7,18,-2.5,0
Bobby Lalonde,/players/l/lalonbo01.html,C,133,641,124,210,334,17.0,0
Joe Lamb,/players/l/lambjo01.html,RW,90,443,110,101,211,26.2,0
Myles Lane,/players/l/lanemy01.html,D,47,71,4,1,5,5.9,0
Robert Lang,/players/l/langro01.html,C,3,989,261,442,703,70.3,0
Steve Langdon,/players/l/langdst01.html,LW,7,7,0,1,1,-0.2,0
Josh Langfeld,/players/l/langfjo01.html,RW,18,143,9,23,32,2.3,0
Albert Langlois,/players/l/langlal01.html,D,65,498,21,91,112,31.6,0
Guy Lapointe*,/players/l/lapoigu01.html,D,45,884,171,451,622,108.3,0
Drew Larman,/players/l/larmadr01.html,C,4,26,2,1,3,0.1,0
Bonner Larose,/players/l/larosbo01.html,LW,6,6,0,0,0,-0.3,0
Reed Larson,/players/l/larsore01.html,D,141,904,222,463,685,89.7,0
Matt Lashoff,/players/l/lashoma01.html,D,46,74,1,15,16,1.6,0
Martin Lauder,/players/l/laudema01.html,D/C,3,3,0,0,0,0.2,0
Jeremy Lauzon,/players/l/lauzoje01.html,D,16,16,1,0,1,0.4,0
Dominic Lavoie,/players/l/lavoido01.html,D,2,38,5,8,13,2.2,0
Brian Lawton,/players/l/lawtobr01.html,LW,8,483,112,154,266,14.5,0
Jeff Lazaro,/players/l/lazarje01.html,LW,76,102,14,23,37,1.7,0
Jay Leach,/players/l/leachja02.html,D,2,70,1,2,3,1.6,0
Larry Leach,/players/l/leachla01.html,C,126,126,13,29,42,0.7,0
Reggie Leach,/players/l/leachre01.html,RW,79,934,381,285,666,57.8,0
Patrick Leahy,/players/l/leahypa01.html,RW,49,50,4,4,8,0.4,0
Rich LeDuc,/players/l/leducri01.html,C,33,130,28,38,66,2.5,0
Grant Ledyard,/players/l/ledyagr01.html,D,69,1028,90,276,366,63.2,0
Brian Leetch*,/players/l/leetcbr01.html,D,61,1205,247,781,1028,146.6,0
Guillaume Lefebvre,/players/l/lefebgu01.html,LW,1,39,2,4,6,0.0,0
Tommy Lehman,/players/l/lehmato01.html,C,35,36,5,5,10,0.1,0
Mikko Lehtonen,/players/l/lehtomi02.html,RW,2,2,0,0,0,-0.1,0
Bobby Leiter,/players/l/leitebo01.html,C,135,447,98,126,224,13.0,0
Moe Lemay,/players/l/lemaymo01.html,LW,14,317,72,94,166,8.5,0
Bill Lesuk,/players/l/lesukbi01.html,LW,8,388,44,63,107,1.7,0
Pete Leswick,/players/l/leswipe01.html,W,2,3,1,0,1,0.1,0
Normand Leveille,/players/l/leveino01.html,LW,75,75,17,25,42,2.4,0
John-Michael Liles,/players/l/lilesjo01.html,D,53,836,87,283,370,61.1,0
Matt Lindblad,/players/l/lindbma01.html,C,4,4,0,0,0,-0.1,0
Ross Lonsberry,/players/l/lonsbro01.html,LW,33,968,256,310,566,41.7,0
Jim Lorentz,/players/l/lorenji01.html,C/RW,79,659,161,238,399,28.2,0
Ross Lowe,/players/l/lowero01.html,D/LW,46,77,6,8,14,5.4,0
Morris Lukowich,/players/l/lukowmo01.html,LW,36,582,199,219,418,26.9,0
Pentti Lund,/players/l/lundpe01.html,RW,77,259,44,55,99,7.0,0
Vic Lynn,/players/l/lynnvi01.html,LW/D,68,327,49,76,125,20.5,0
Ron Lyons,/players/l/lyonsro01.html,LW,12,34,2,4,6,-0.6,0
Lane MacDermid,/players/m/macdela01.html,LW,8,21,2,2,4,0.6,0
Craig MacDonald,/players/m/macdocr01.html,LW,18,233,11,24,35,0.5,0
Parker MacDonald,/players/m/macdopa01.html,C,29,676,144,179,323,23.5,0
Mickey MacKay*,/players/m/mackami01.html,C,65,147,44,19,63,14.6,0
Mikko Makela,/players/m/makelmi01.html,RW,11,423,118,147,265,17.1,0
Dean Malkoc,/players/m/malkode01.html,D,73,116,1,3,4,1.3,0
Troy Mallette,/players/m/malletr01.html,LW,68,456,51,68,119,1.5,0
Phil Maloney,/players/m/malonph01.html,C,83,159,28,43,71,5.0,0
Ray Maluta,/players/m/malutra01.html,D,25,25,2,3,5,1.2,0
Eric Manlow,/players/m/manloer01.html,C,11,37,2,4,6,0.2,0
Cameron Mann,/players/m/mannca01.html,RW,89,93,14,10,24,2.1,0
Ray Manson,/players/m/mansora01.html,LW,1,2,0,1,1,0.0,0
Sylvio Mantha*,/players/m/manthsy01.html,D,4,542,63,77,140,67.5,0
Paul Mara,/players/m/marapa01.html,D,59,734,64,189,253,41.3,0
Frank Mario,/players/m/mariofr01.html,C,53,53,9,19,28,1.1,0
Daniel Marois,/players/m/maroida01.html,RW,22,350,117,93,210,14.2,0
Gilles Marotte,/players/m/marotgi01.html,D,118,808,56,265,321,53.2,0
Mark Marquess,/players/m/marquma01.html,RW,27,27,5,4,9,0.5,0
Clare Martin,/players/m/marticl01.html,D,78,237,12,28,40,16.4,0
Frank Martin,/players/m/martifr01.html,D,82,282,11,46,57,13.0,0
Pit Martin,/players/m/martipi01.html,C,111,1101,324,485,809,69.9,0
Marquis Mathieu,/players/m/mathima01.html,C,16,16,0,2,2,-0.1,0
Joe Matte,/players/m/mattejo01.html,D,4,68,17,15,32,2.3,0
Wayne Maxner,/players/m/maxnewa01.html,LW,61,61,8,9,17,0.1,0
Alan May,/players/m/mayal01.html,RW,3,393,31,45,76,-2.0,0
Norm McAtee,/players/m/mcateno01.html,C,13,13,0,1,1,-0.3,0
Charlie McAvoy,/players/m/mcavoch01.html,D,117,117,14,46,60,12.5,0
Sandy McCarthy,/players/m/mccarsa01.html,RW,37,736,72,76,148,4.3,0
Tom McCarthy,/players/m/mccarto02.html,LW,75,460,178,221,399,30.5,0
Tom McCarthy,/players/m/mccarto01.html,LW,24,60,8,9,17,0.3,0
Trent McCleary,/players/m/mccletr01.html,RW,59,192,8,15,23,-1.8,0
Bob McCord,/players/m/mccorbo01.html,D,108,316,10,58,68,15.7,0
Ab McDonald,/players/m/mcdonab01.html,LW,60,762,182,248,430,35.4,0
Shawn McEachern,/players/m/mceacsh01.html,RW,110,911,256,323,579,55.8,0
Jack McGill,/players/m/mcgilja02.html,C,98,98,23,36,59,4.4,0
Dan McGillis,/players/m/mcgilda01.html,D,90,634,56,182,238,48.7,0
Bert McInenly,/players/m/mcinebe01.html,LW/D,42,166,19,15,34,14.4,0
Marty McInnis,/players/m/mcinnma01.html,RW,96,796,170,250,420,33.8,0
Jack McIntyre,/players/m/mcintja01.html,D,123,499,109,102,211,16.6,0
Walt McKechnie,/players/m/mckecwa01.html,C,53,955,214,392,606,37.5,0
Andrew McKim,/players/m/mckiman01.html,C,36,38,1,4,5,-0.7,0
Scott McLellan,/players/m/mclelsc01.html,RW,2,2,0,0,0,-0.1,0
Mike McMahon,/players/m/mcmahmi01.html,D,2,58,7,18,25,7.8,0
Sammy McManus,/players/m/mcmansa01.html,LW,1,26,0,1,1,-0.6,0
Pat McReavy,/players/m/mcreapa01.html,C,22,55,5,8,13,0.0,0
Marty McSorley,/players/m/mcsorma01.html,D/RW,27,961,108,251,359,46.5,0
Harry Meeking,/players/m/meekiha01.html,LW,26,64,19,13,32,0.9,0
Dick Meissner,/players/m/meissdi01.html,RW,135,171,11,15,26,-3.0,0
Larry Melnyk,/players/m/melnyla01.html,D,75,432,11,63,74,17.9,0
Andrej Meszaros,/players/m/meszaan01.html,D,14,645,63,175,238,41.7,0
Glen Metropolit,/players/m/metrogl01.html,C,82,407,57,102,159,13.6,0
Nick Mickoski,/players/m/mickoni01.html,LW,18,705,158,185,343,29.4,0
Mike Millar,/players/m/millami01.html,RW,15,78,18,18,36,2.0,0
Colin Miller,/players/m/milleco02.html,D,103,250,22,77,99,16.4,0
Herb Mitchell,/players/m/mitchhe01.html,LW,55,55,6,2,8,1.9,0
Sandy Moger,/players/m/mogersa01.html,C,132,236,41,38,79,4.7,0
Carl Mokosak,/players/m/mokosca01.html,LW,7,83,11,15,26,0.1,0
Steve Montador,/players/m/montast01.html,D,13,571,33,98,131,27.8,0
Dominic Moore,/players/m/mooredo01.html,C,82,897,106,176,282,19.2,0
John Moore,/players/m/moorejo01.html,D,61,508,36,76,112,24.0,0
Ian Moran,/players/m/morania01.html,D,55,489,21,50,71,9.1,0
Bernie Morris,/players/m/morribe01.html,C/RW,6,6,1,1,2,-0.2,0
Derek Morris,/players/m/morride01.html,D,58,1107,92,332,424,74.6,0
Jon Morris,/players/m/morrijo02.html,C,4,103,16,33,49,2.4,0
Doug Morrison,/players/m/morrido02.html,RW,23,23,7,3,10,0.7,0
Jim Morrison,/players/m/morriji01.html,D,84,704,40,161,201,52.6,0
Shaone Morrisonn,/players/m/morrish01.html,D,41,480,11,64,75,16.3,0
Joseph Morrow,/players/m/morrojo02.html,D,65,162,9,23,32,5.4,0
Mike Mottau,/players/m/mottami01.html,D,6,321,7,51,58,12.4,0
Alex Motter,/players/m/motteal01.html,C,26,266,39,64,103,21.6,0
Mark Mowers,/players/m/mowerma01.html,C,78,278,18,44,62,3.5,0
Joe Mullen*,/players/m/mullejo01.html,RW,37,1062,502,561,1063,91.2,0
Gord Murphy,/players/m/murphgo01.html,D,106,862,85,238,323,55.7,0
Joe Murphy,/players/m/murphjo01.html,RW,26,779,233,295,528,46.8,0
Ron Murphy,/players/m/murphro01.html,LW,133,889,205,274,479,38.4,0
Brantt Myhres,/players/m/myhrebr01.html,RW,1,154,6,2,8,-1.5,0
Anders Myrvold,/players/m/myrvoan01.html,D,9,33,0,5,5,0.5,0
Rick Nash,/players/n/nashri01.html,LW,11,1060,437,368,805,102.6,0
Riley Nash,/players/n/nashri02.html,C,157,477,56,95,151,12.3,0
Mats Naslund,/players/n/nasluma01.html,LW,34,651,251,383,634,51.2,0
Andrei Nazarov,/players/n/nazaran01.html,LW,110,571,53,71,124,5.0,0
Ray Neufeld,/players/n/neufera01.html,RW,15,595,157,200,357,17.7,0
Al Nicholson,/players/n/nichoal01.html,LW,19,19,0,1,1,-0.5,0
Eric Nickulas,/players/n/nickuer01.html,RW,45,118,15,23,38,3.2,0
Graeme Nicolson,/players/n/nicolgr01.html,D,1,52,2,7,9,1.7,0
Kirk Nielsen,/players/n/nielski01.html,RW,6,6,0,0,0,-0.2,0
Kraig Nienhuis,/players/n/nienhkr01.html,LW,87,87,20,16,36,1.2,0
Chris Nilan,/players/n/nilanch01.html,RW,80,688,110,115,225,6.4,0
Jim Nill,/players/n/nillji01.html,RW,76,524,58,87,145,-0.8,0
Petteri Nokelainen,/players/n/nokelpe01.html,C,90,245,20,21,41,1.6,0
Joakim Nordstrom,/players/n/nordsjo02.html,C,70,352,27,34,61,1.5,0
Peter Nordstrom,/players/n/nordspe01.html,C,2,2,0,0,0,-0.1,0
Jeff Norton,/players/n/nortoje01.html,D,3,799,52,332,384,56.2,0
Hank Nowak,/players/n/nowakha01.html,LW,111,180,26,29,55,0.2,0
Michael Nylander,/players/n/nylanmi01.html,C,15,920,209,470,679,65.0,0
Dennis O'Brien,/players/o/obriede01.html,D,83,592,31,91,122,30.5,0
Ellard O'Brien,/players/o/obrieel01.html,D,2,2,0,0,0,-0.1,0
Fred O'Donnell,/players/o/odonnfr01.html,RW,115,115,15,11,26,-0.5,0
Bill O'Dwyer,/players/o/odwyebi01.html,C,102,120,9,13,22,-1.0,0
Rob O'Gara,/players/o/ogararo01.html,D,11,33,0,3,3,0.4,0
Jim O'Neil,/players/o/oneilji01.html,C/RW,140,156,6,30,36,0.6,0
Paul O'Neil,/players/o/oneilpa01.html,C/RW,1,6,0,0,0,-0.3,0
Willie O'Ree*,/players/o/oreewi01.html,W,45,45,4,10,14,0.0,0
Chris Oddleifson,/players/o/oddlech01.html,C,55,524,95,191,286,15.9,0
Jeff Odgers,/players/o/odgerje01.html,RW,80,821,75,70,145,0.0,0
Krzysztof Oliwa,/players/o/oliwakr01.html,LW,33,410,17,28,45,0.7,0
Colton Orr,/players/o/orrco01.html,RW,21,477,12,12,24,-2.4,0
Gerry Ouellette,/players/o/ouellge01.html,RW,35,35,5,4,9,0.0,0
George Owen,/players/o/owenge01.html,D,183,183,44,33,77,32.6,0
Clayton Pachal,/players/p/pachacl01.html,C/LW,11,35,2,3,5,-0.7,0
Samuel Pahlsson,/players/p/pahlssa01.html,C,17,798,68,131,199,4.0,0
Aldo Palazzari,/players/p/palazal01.html,RW,24,35,8,3,11,-0.3,0
Brad Palmer,/players/p/palmebr01.html,LW,73,168,32,38,70,1.8,0
Ed Panagabko,/players/p/panaged01.html,C,29,29,0,3,3,-0.6,0
Jay Pandolfo,/players/p/pandoja01.html,LW,18,899,100,126,226,11.8,0
Grigori Panteleev,/players/p/pantegr01.html,LW,50,54,8,6,14,0.0,0
J.P. Parise,/players/p/parisjp01.html,LW,21,890,238,356,594,45.5,0
Dave Pasin,/players/p/pasinda01.html,RW,71,76,18,19,37,1.7,0
George Patterson,/players/p/pattege01.html,W,6,270,51,27,78,8.8,0
Davis Payne,/players/p/payneda01.html,LW,22,22,0,1,1,-0.6,0
Scott Pellerin,/players/p/pellesc01.html,LW,35,536,72,126,198,14.3,0
Pascal Pelletier,/players/p/pellepa01.html,LW,6,16,0,0,0,-0.5,0
Jeff Penner,/players/p/penneje01.html,D,2,2,0,0,0,0.0,0
Cliff Pennington,/players/p/pennicl01.html,C,98,102,17,42,59,2.6,0
Garry Peters,/players/p/peterga01.html,C,2,311,34,34,68,-1.3,0
Jimmy Peters,/players/p/peterji01.html,RW,97,574,125,150,275,24.7,0
Eric Pettinger,/players/p/pettier01.html,LW/C,18,98,7,12,19,0.0,0
Gord Pettinger,/players/p/pettigo01.html,C,106,292,42,72,114,11.2,0
Rich Peverley,/players/p/peverri01.html,C,127,442,84,157,241,22.0,0
Harry Pidhirny,/players/p/pidhiha01.html,C,2,2,0,0,0,-0.1,0
Willi Plett,/players/p/plettwi01.html,RW,65,834,222,215,437,24.8,0
Ray Podloski,/players/p/podlora01.html,C,8,8,0,1,1,-0.1,0
Bud Poile*,/players/p/poilebu01.html,RW,38,311,107,122,229,22.2,0
Dan Poliziani*,/players/p/polizda01.html,RW,1,1,0,0,0,0.0,0
Poul Popiel,/players/p/popiepo01.html,D,4,225,13,41,54,12.1,0
Peter Popovic,/players/p/popovpe01.html,D,60,485,10,63,73,18.5,0
Jack Portland,/players/p/portlja01.html,D,188,388,15,56,71,29.7,0
Paul Postma,/players/p/postmpa01.html,D,14,205,10,25,35,6.1,0
Corey Potter,/players/p/potteco01.html,D,3,130,8,24,32,5.9,0
Marc Potvin,/players/p/potvima01.html,RW,33,121,3,5,8,-3.0,0
Dave Poulin,/players/p/poulida02.html,C,165,724,205,325,530,40.3,0
Benoit Pouliot,/players/p/poulibe01.html,LW,74,625,130,133,263,30.9,0
Petr Prajsler,/players/p/prajspe01.html,D,3,46,3,10,13,1.7,0
Babe Pratt*,/players/p/prattba01.html,D,31,518,83,210,293,64.7,0
Jack Pratt,/players/p/prattja01.html,C/D,37,37,2,0,2,-0.6,0
Dean Prentice,/players/p/prentde01.html,LW,170,1378,391,469,860,72.2,0
Wayne Primeau,/players/p/primewa01.html,C,101,774,69,125,194,5.4,0
Sean Pronger,/players/p/prongse01.html,C,11,260,23,36,59,1.4,0
Andre Pronovost,/players/p/pronoan01.html,LW,138,557,94,104,198,10.4,0
Brian Propp,/players/p/proppbr01.html,LW,14,1016,425,579,1004,83.6,0
Joel Prpic,/players/p/prpicjo01.html,C,15,18,0,3,3,-0.1,0
Jean Pusie,/players/p/pusieje01.html,D,8,65,1,4,5,3.5,0
Max Quackenbush,/players/q/quackma01.html,D,47,61,4,7,11,3.3,0
John Quilty,/players/q/quiltjo01.html,C,10,125,36,34,70,6.3,0
Stephane Quintal,/players/q/quintst01.html,D,158,1037,63,180,243,50.5,0
Tyler Randell,/players/r/randety01.html,RW,27,27,6,0,6,0.9,0
George Ranieri,/players/r/raniege01.html,LW,2,2,0,0,0,-0.1,0
Jake Rathwell,/players/r/rathwja01.html,RW,1,1,0,0,0,0.0,0
Matt Ravlich,/players/r/ravlima01.html,D,33,411,12,78,90,24.6,0
Terry Reardon,/players/r/reardte01.html,C/RW,148,194,47,53,100,7.4,0
Marty Reasoner,/players/r/reasoma01.html,C,19,798,97,169,266,17.7,0
Mark Recchi*,/players/r/recchma01.html,RW,180,1652,577,956,1533,147.5,0
Gord Redahl,/players/r/redahgo01.html,RW,18,18,0,1,1,-0.5,0
Wade Redden,/players/r/reddewa01.html,D,6,1023,109,348,457,95.0,0
George Redding,/players/r/reddige01.html,LW/D,33,33,3,2,5,0.3,0
Larry Regan,/players/r/reganla01.html,RW,164,280,41,95,136,9.0,0
Dutch Reibel,/players/r/reibedu01.html,C,63,409,84,161,245,24.5,0
Jeremy Reich,/players/r/reichje01.html,LW,90,99,2,4,6,-1.3,0
Ed Reigle,/players/r/reigled01.html,D,17,17,0,2,2,0.8,0
Stephane Richer,/players/r/richest01.html,D,21,27,1,5,6,0.9,0
Barry Richter,/players/r/richtba01.html,D,50,151,11,34,45,8.1,0
Jack Riley,/players/r/rileyja01.html,C,8,104,10,22,32,1.8,0
Zac Rinaldo,/players/r/rinalza01.html,C,52,351,15,22,37,-1.2,0
Vic Ripley,/players/r/riplevi01.html,LW,37,280,51,49,100,11.9,0
Alan Rittinger,/players/r/rittial01.html,W,19,19,3,7,10,0.0,0
Jamie Rivers,/players/r/riverja01.html,D,64,454,17,49,66,15.7,0
Wayne Rivers,/players/r/riverwa01.html,RW,80,108,15,30,45,2.0,0
Doug Roberts,/players/r/roberdo01.html,RW,55,419,43,104,147,9.2,0
Gordie Roberts,/players/r/robergo02.html,D,124,1097,61,359,420,68.9,0
Bobby Robins,/players/r/robinbo01.html,C,3,3,0,0,0,0.0,0
Nathan Robinson,/players/r/robinna01.html,C,2,7,0,0,0,-0.1,0
Randy Robitaille,/players/r/robitra01.html,C,9,531,84,172,256,20.7,0
Earl Roche,/players/r/rocheea01.html,LW,3,147,25,27,52,4.3,0
Eddie Rodden,/players/r/roddeed01.html,C,11,90,6,14,20,0.7,0
Jon Rohloff,/players/r/rohlojo01.html,D,150,150,7,25,32,6.4,0
Dale Rolfe,/players/r/rolfeda01.html,D,3,509,25,125,150,35.2,0
Bobby Rowe,/players/r/rowebo01.html,RW/D,4,4,1,0,1,0.1,0
Andre Roy,/players/r/royan01.html,RW,13,515,35,33,68,4.3,0
Jean-Yves Roy,/players/r/royje01.html,RW,54,61,12,16,28,2.0,0
Gino Rozzini,/players/r/rozzigi01.html,C,31,31,5,10,15,0.4,0
Kent Ruhnke,/players/r/ruhnkke01.html,RW,2,2,0,1,1,0.0,0
Paul Runge,/players/r/rungepa01.html,C/LW,48,142,18,22,40,2.4,0
Vladimir Ruzicka,/players/r/ruzicvl01.html,C,166,233,82,85,167,11.9,0
Martin Samuelsson,/players/s/samuema01.html,RW,14,14,0,1,1,-0.2,0
Craig Sarner,/players/s/sarnecr01.html,RW,7,7,0,0,0,-0.3,0
Miroslav Satan,/players/s/satanmi01.html,LW,38,1050,363,372,735,82.3,0
Glen Sather*,/players/s/sathegl01.html,LW,146,658,80,113,193,3.4,0
Max Sauve,/players/s/sauvema01.html,C,1,1,0,0,0,0.0,0
Andre Savage,/players/s/savagan01.html,C,50,66,10,14,24,2.1,0
Tony Savage,/players/s/savagto01.html,D,8,49,1,5,6,2.4,0
Kevin Sawyer,/players/s/sawyeke01.html,LW,4,110,3,3,6,-0.4,0
Dave Scatchard,/players/s/scatcda01.html,C,16,659,128,141,269,24.3,0
Peter Schaefer,/players/s/schaepe01.html,LW,63,572,99,162,261,23.8,0
Tim Schaller,/players/s/schalti01.html,LW,141,223,24,27,51,3.2,0
Chuck Scherza,/players/s/scherch01.html,LW/C,9,36,6,6,12,-0.3,0
Clarence Schmidt,/players/s/schmicl01.html,RW,7,7,1,0,1,-0.2,0
Jackie Schmidt,/players/s/schmija01.html,LW,45,45,6,7,13,-0.1,0
Otto Schmidt,/players/s/schmiot01.html,D,2,2,0,0,0,0.0,0
Werner Schnarr,/players/s/schnawe01.html,C,26,26,0,0,0,-2.0,0
Danny Schock,/players/s/schocda01.html,LW,6,20,1,2,3,-0.3,0
Ron Schock,/players/s/schocro01.html,C,128,909,166,351,517,30.4,0
Jim Schoenfeld,/players/s/schoeji01.html,D,39,719,51,204,255,62.5,0
Al Secord,/players/s/secoral01.html,LW,166,766,273,223,496,33.5,0
Zachary Senyshyn,/players/s/senysza01.html,RW,2,2,1,0,1,0.2,0
Jeff Serowik,/players/s/serowje01.html,D,1,28,0,6,6,0.7,0
Eddie Shack,/players/s/shacked01.html,LW,120,1047,239,226,465,30.7,0
Yevgeny Shaldybin,/players/s/shaldye01.html,D,3,3,1,0,1,0.1,0
Sean Shanahan,/players/s/shanase01.html,C/RW,6,40,1,3,4,-1.1,0
Gerry Shannon,/players/s/shannge01.html,LW,39,180,23,29,52,2.8,0
David Shaw,/players/s/shawda01.html,D,176,769,41,153,194,42.2,0
Norm Shay,/players/s/shayno01.html,D/RW,31,53,5,5,10,-1.1,0
Johnny Sheppard,/players/s/sheppjo01.html,LW,3,311,69,58,127,19.2,0
Jack Shewchuk,/players/s/shewcja01.html,D,187,187,9,19,28,13.0,0
Al Shields,/players/s/shielal01.html,D,19,459,42,47,89,31.2,0
Bill Shill,/players/s/shillbi01.html,RW,79,79,21,13,34,2.6,0
Jack Shill,/players/s/shillja01.html,C,45,160,15,20,35,0.4,0
Bruce Shoebottom,/players/s/shoebbr01.html,D,35,35,1,4,5,1.9,0
Babe Siebert*,/players/s/siebeba01.html,LW/D,125,594,140,154,294,47.0,0
Jonathan Sigalet,/players/s/sigaljo02.html,D,1,1,0,0,0,-0.1,0
Dave Silk,/players/s/silkda01.html,RW,64,249,54,59,113,4.6,0
Al Simmons,/players/s/simmoal01.html,D,10,11,0,1,1,0.2,0
Frank Simonetti,/players/s/simonfr01.html,D,115,115,5,8,13,4.7,0
Alf Skinner,/players/s/skinnal01.html,RW,10,71,26,12,38,1.5,0
Petri Skriko,/players/s/skrikpe01.html,RW,37,541,183,222,405,28.2,0
Jiri Slegr,/players/s/slegrji01.html,D,68,622,56,193,249,43.8,0
Louis Sleigher,/players/s/sleiglo01.html,RW,83,194,46,53,99,5.2,0
Don Smillie,/players/s/smilldo01.html,LW,12,12,2,2,4,0.3,0
Alex Smith,/players/s/smithal02.html,D,61,443,41,51,92,48.0,0
Barry Smith,/players/s/smithba01.html,C,19,114,7,7,14,-1.7,0
Brandon Smith,/players/s/smithbr04.html,D,30,33,3,4,7,1.3,0
Des Smith,/players/s/smithde01.html,D,113,195,22,26,48,16.7,0
Floyd Smith,/players/s/smithfl01.html,RW,27,617,129,178,307,22.1,0
Gemel Smith,/players/s/smithge02.html,C,3,80,11,9,20,2.0,0
Hooley Smith*,/players/s/smithho01.html,C/RW,44,717,200,226,426,65.2,0
Reilly Smith,/players/s/smithre01.html,RW,163,506,117,183,300,34.4,0
Bryan Smolinski,/players/s/smolibr01.html,C,136,1056,274,377,651,63.6,0
Vladimir Sobotka,/players/s/sobotvl01.html,C,134,532,52,116,168,10.7,0
Carl Soderberg,/players/s/soderca01.html,C,161,482,86,159,245,21.8,0
Tom Songin,/players/s/songito01.html,RW,43,43,5,5,10,-0.2,0
Emory Sparrow,/players/s/sparrem01.html,RW/C,8,8,0,0,0,-0.6,0
Bill Speer,/players/s/speerbi01.html,D,28,130,5,20,25,6.6,0
Irv Spencer,/players/s/spencir01.html,D,69,230,12,38,50,10.4,0
Frank Spring,/players/s/sprinfr01.html,RW,1,61,14,20,34,2.2,0
Martin St. Pierre,/players/s/stpiema01.html,C,14,39,3,5,8,-0.1,0
Drew Stafford,/players/s/staffdr01.html,RW,18,841,196,232,428,43.6,0
Steve Staios,/players/s/staiost01.html,D,66,1001,56,164,220,37.0,0
Allan Stanley*,/players/s/stanlal01.html,D,129,1244,100,333,433,103.6,0
Paul Stanton,/players/s/stantpa01.html,D,71,295,14,49,63,12.2,0
Pat Stapleton,/players/s/staplpa01.html,D,90,635,43,294,337,63.7,0
Yan Stastny,/players/s/stastya01.html,C,38,91,6,10,16,0.0,0
Lee Stempniak,/players/s/stemple01.html,RW,21,911,203,266,469,47.5,0
Kevin Stevens,/players/s/steveke01.html,LW,41,874,329,397,726,60.5,0
Mike Stevens,/players/s/stevemi01.html,LW,7,23,1,4,5,-0.2,0
Phil Stevens,/players/s/steveph01.html,C/D,17,25,1,0,1,1.3,0
Shayne Stevenson,/players/s/stevesh01.html,RW,19,27,0,2,2,-0.7,0
Allan Stewart,/players/s/stewaal01.html,LW,4,64,6,4,10,-0.7,0
Bob Stewart,/players/s/stewabo01.html,D,8,575,27,101,128,19.1,0
Cam Stewart,/players/s/stewaca01.html,LW,83,202,16,23,39,0.9,0
Nels Stewart*,/players/s/stewane01.html,C,153,650,324,191,515,101.3,0
Ron Stewart,/players/s/stewaro01.html,RW,126,1353,276,253,529,38.1,0
P.J. Stock,/players/s/stockpj01.html,C,130,235,5,21,26,0.0,0
Billy Stuart,/players/s/stuarbi01.html,D,101,195,30,19,49,16.1,0
Brad Stuart,/players/s/stuarbr02.html,D,103,1056,80,255,335,66.0,0
Mike Sullivan,/players/s/sullimi01.html,C,77,709,54,82,136,-2.0,0
Red Sullivan,/players/s/sullire01.html,C,102,557,107,239,346,27.1,0
Max Sutherland,/players/s/suthema01.html,LW,2,2,0,0,0,0.1,0
Ron Sutter,/players/s/suttero01.html,C,18,1093,205,330,535,31.0,0
Tim Sweeney,/players/s/sweenti01.html,LW,91,291,55,83,138,10.3,0
Jordan Szwarz,/players/s/szwarjo01.html,RW,12,47,4,3,7,-0.1,0
Maxime Talbot,/players/t/talboma01.html,C,56,704,91,113,204,12.4,0
David Tanabe,/players/t/tanabda01.html,D,54,449,30,84,114,21.4,0
Jamie Tardif,/players/t/tardija01.html,RW,2,2,0,0,0,0.0,0
Mikhail Tatarinov,/players/t/tatarmi01.html,D,2,161,21,48,69,12.6,0
Billy Taylor,/players/t/taylobi01.html,C,39,321,87,179,266,23.1,0
Bob Taylor,/players/t/taylobo01.html,RW,6,6,0,0,0,-0.2,0
Chris Taylor,/players/t/tayloch01.html,C,37,149,11,21,32,1.5,0
Tim Taylor,/players/t/tayloti01.html,C,128,746,73,94,167,5.2,0
Skip Teal,/players/t/tealsk01.html,C,1,1,0,0,0,0.0,0
Petr Tenkrat,/players/t/tenkrpe01.html,RW,64,177,22,30,52,2.9,0
Orval Tessier,/players/t/tessior01.html,C,55,59,5,7,12,-0.3,0
Mats Thelin,/players/t/thelima01.html,D,163,163,8,19,27,8.1,0
Dave Thomlinson,/players/t/thomlda01.html,LW,12,42,1,3,4,-1.2,0
Cliff Thompson,/players/t/thompcl01.html,D,16,16,0,1,1,0.9,0
Nate Thompson,/players/t/thompna01.html,C,4,697,58,83,141,3.3,0
Bill Thoms,/players/t/thomsbi01.html,C,17,549,135,207,342,37.5,0
Mattias Timander,/players/t/timanma01.html,D,146,419,13,57,70,14.4,0
Rick Tocchet,/players/t/tocchri01.html,RW,67,1144,440,512,952,85.8,0
Zellio Toppazzini,/players/t/toppaze01.html,RW,45,123,21,21,42,2.6,0
Bill Touhey,/players/t/touhebi01.html,LW,26,280,65,38,103,14.4,0
Graeme Townshend,/players/t/townsgr01.html,RW,22,45,3,7,10,-0.1,0
Patrick Traverse,/players/t/travepa01.html,D,37,279,14,51,65,14.1,0
Zach Trotman,/players/t/trotmza01.html,D,67,83,3,10,13,2.9,0
Gord Turlik,/players/t/turligo01.html,LW/C,2,2,0,0,0,-0.1,0
Tony Tuzzolino,/players/t/tuzzoto01.html,RW,2,9,0,0,0,-0.2,0
Urho Vaakanainen,/players/v/vaakaur01.html,D,2,2,0,0,0,-0.1,0
Dennis Vaske,/players/v/vaskede01.html,D,3,235,5,41,46,12.3,0
Frank Vatrano,/players/v/vatrafr01.html,LW,108,205,49,29,78,8.5,0
Kris Vernarsky,/players/v/vernakr01.html,C,17,17,1,0,1,-0.2,0
Jim Vesey,/players/v/veseyji01.html,C/RW,4,15,1,2,3,-0.2,0
Terry Virtue,/players/v/virtute01.html,D,4,5,0,0,0,0.1,0
Phil Von Stefenelli,/players/v/vonstph01.html,D,27,33,0,5,5,1.3,0
Chris Wagner,/players/w/wagnech01.html,C,76,250,29,19,48,2.8,0
Ben Walter,/players/w/waltebe01.html,C,10,24,1,0,1,-0.2,0
Mike Walton,/players/w/waltomi01.html,C,168,588,201,247,448,37.4,0
Wes Walz,/players/w/walzwe01.html,C,73,607,109,151,260,22.8,0
Aaron Ward,/players/w/wardaa01.html,D,150,839,44,107,151,34.0,0
Dixon Ward,/players/w/warddi01.html,RW,63,537,95,129,224,17.2,0
Don Ward,/players/w/warddo01.html,D,31,34,0,1,1,0.9,0
David Warsofsky,/players/w/warsoda01.html,D,10,55,2,9,11,1.6,0
Grant Warwick,/players/w/warwigr01.html,RW,76,395,147,142,289,25.9,0
Joe Watson,/players/w/watsojo01.html,D,74,836,38,178,216,58.9,0
Tom Webster,/players/w/webstto01.html,RW,11,102,33,42,75,5.0,0
Eric Weinrich,/players/w/weinrer01.html,D,22,1157,70,318,388,82.0,0
Trent Whitfield,/players/w/whitftr01.html,C,17,194,11,18,29,0.8,0
Archie Wilcox,/players/w/wilcoar01.html,RW/D,13,208,8,14,22,12.9,0
Barry Wilkins,/players/w/wilkiba01.html,D,8,418,27,125,152,22.0,0
John Wilkinson,/players/w/wilkijo01.html,D,9,9,0,0,0,0.1,0
Burr Williams,/players/w/willibu01.html,D,7,22,0,1,1,1.2,0
Landon Wilson,/players/w/wilsola02.html,RW,130,375,53,66,119,10.4,0
Wally Wilson,/players/w/wilsowa01.html,C,53,53,11,8,19,1.4,0
Tommy Wingels,/players/w/wingeto01.html,C,18,448,62,81,143,11.0,0
Chris Winnes,/players/w/winnech01.html,RW,29,33,1,6,7,-0.3,0
Eddie Wiseman,/players/w/wisemed01.html,RW,111,456,114,165,279,30.5,0
Bob Woytowich,/players/w/woytobo01.html,D,154,504,32,126,158,29.4,0
Andy Wozniewski,/players/w/woznian01.html,D,2,79,2,10,12,2.0,0
Ken Yackel,/players/y/yackeke01.html,RW,6,6,0,0,0,-0.2,0
Stephane Yelle,/players/y/yellest01.html,C,77,991,96,169,265,12.2,0
Jason York,/players/y/yorkja01.html,D,49,757,42,187,229,48.8,0
C.J. Young,/players/y/youngcj01.html,RW,15,43,7,7,14,0.3,0
Rob Zamuner,/players/z/zamunro01.html,LW,178,798,139,172,311,23.3,0
Greg Zanon,/players/z/zanongr01.html,D,17,493,12,50,62,18.1,0
Joe Zanussi,/players/z/zanusjo01.html,D,68,87,1,13,14,4.0,0
Jakub Zboril,/players/z/zborija01.html,D,2,2,0,0,0,0.0,0
Jeff Zehr,/players/z/zehrje01.html,LW,4,4,0,0,0,-0.1,0
Alex Zhamnov,/players/z/zhamnal01.html,C,24,807,249,470,719,68.0,0
Sergei Zholtok,/players/z/zholtse01.html,C,25,588,111,147,258,24.3,0
Sergei Zinovjev,/players/z/zinovse01.html,C/LW,10,10,0,1,1,0.0,0
Rick Zombo,/players/z/zombori01.html,D,67,652,24,130,154,32.0,0
