Jorge Alves,/players/a/alvesjo01.html,G,1,1,0,0,0,0.0,0,0,0,0,0
Tom Barrasso,/players/b/barrato01.html,G,34,777,0,48,48,127.8,369,0,0,0,13
Brian Boucher,/players/b/bouchbr01.html,G,10,328,0,3,3,43.0,120,0,0,0,1
Richard Brodeur,/players/b/broderi01.html,G,6,385,0,8,8,56.7,131,0,0,0,4
Corrie D'Alessio,/players/d/dalesco01.html,G,1,1,0,0,0,0.0,0,0,0,0,0
Scott Darling,/players/d/darlisc01.html,G,51,126,0,0,0,18.5,54,0,0,0,15
Patrick DesRochers,/players/d/desropa01.html,G,2,11,0,0,0,0.5,2,0,0,0,1
Dan Ellis,/players/e/ellisda01.html,G,19,212,0,6,6,30.1,87,0,2,2,6
Eric Fichaud,/players/f/fichaer01.html,G,9,95,0,1,1,12.2,22,0,0,0,3
Mark Fitzpatrick,/players/f/fitzpma01.html,G,3,329,0,12,12,52.5,113,0,0,0,0
Mike Fountain,/players/f/fountmi01.html,G,3,11,0,0,0,0.7,2,0,0,0,0
John Garrett,/players/g/garrejo01.html,G,122,207,0,3,3,23.4,68,0,3,3,36
Martin Gerber,/players/g/gerbema01.html,G,60,229,0,7,7,41.7,113,0,2,2,38
Jean-Sebastien Giguere,/players/g/gigueje01.html,G,8,597,0,7,7,107.6,262,0,0,0,1
Mario Gosselin,/players/g/gossema01.html,G,23,241,0,9,9,29.2,91,0,1,1,5
John Grahame,/players/g/grahajo01.html,G,45,224,0,9,9,29.2,97,0,4,4,15
Ken Holland,/players/h/hollake01.html,G,1,4,0,0,0,-0.1,0,0,0,0,0
Pat Jablonski,/players/j/jablopa01.html,G,5,128,0,4,4,14.4,28,0,0,0,1
Anton Khudobin,/players/k/khudoan01.html,G,70,188,0,3,3,33.0,83,0,0,0,27
Trevor Kidd,/players/k/kiddtr01.html,G,72,387,0,13,13,56.2,140,0,0,0,28
Eddie Lack,/players/l/lacked01.html,G,54,144,0,2,2,20.5,56,0,2,2,20
Manny Legace,/players/l/legacma01.html,G,28,365,0,9,9,60.2,187,0,1,1,10
Michael Leighton,/players/l/leighmi01.html,G,33,110,0,4,4,14.5,37,0,1,1,10
Mike Lenarduzzi,/players/l/lenarmi01.html,G,4,4,0,0,0,0.6,1,0,0,0,1
Curtis McElhinney,/players/m/mcelhcu01.html,G,33,219,0,4,4,31.6,82,0,0,0,20
Ross McKay,/players/m/mckayro01.html,G,1,1,0,0,0,0.0,0,0,0,0,0
Kirk McLean,/players/m/mcleaki01.html,G,8,612,0,23,23,84.0,245,0,1,1,4
Tyler Moss,/players/m/mossty01.html,G,12,30,0,1,1,3.3,6,0,0,0,1
Petr Mrazek,/players/m/mrazepe01.html,G,40,223,0,3,3,34.1,101,0,1,1,23
Mike Murphy,/players/m/murphmi02.html,G,2,2,0,0,0,0.1,0,0,0,0,0
Jason Muzzatti,/players/m/muzzaja01.html,G,53,62,0,1,1,7.3,13,0,1,1,13
Alex Nedeljkovic,/players/n/nedelal01.html,G,2,2,0,0,0,0.5,1,0,0,0,1
Justin Peters,/players/p/peterju01.html,G,68,83,0,2,2,10.6,25,0,2,2,22
Frank Pietrangelo,/players/p/pietrfr01.html,G,54,141,0,3,3,16.9,46,0,0,0,12
Daryl Reaugh,/players/r/reaugda01.html,G,20,27,0,0,0,3.5,8,0,0,0,7
Jeff Reese,/players/r/reeseje01.html,G,37,174,0,8,8,19.9,53,0,1,1,9
Peter Sidorkiewicz,/players/s/sidorpe01.html,G,178,246,0,9,9,28.3,79,0,9,9,71
Al Smith,/players/s/smithal03.html,G,30,231,0,7,7,30.4,73,0,1,1,11
Ed Staniowski,/players/s/stanied01.html,G,19,219,0,9,9,26.0,67,0,0,0,6
Jamie Storr,/players/s/storrja01.html,G,14,219,0,3,3,33.2,85,0,0,0,0
Mike Veisor,/players/v/veisomi01.html,G,69,139,0,3,3,16.0,41,0,1,1,17
Kevin Weekes,/players/w/weekeke01.html,G,119,348,0,3,3,52.6,105,0,0,0,39
Steve Weeks,/players/w/weeksst01.html,G,94,291,0,7,7,40.3,112,0,1,1,41
Kay Whitmore,/players/w/whitmka01.html,G,75,155,0,9,9,16.4,60,0,5,5,23
Thommy Abrahamsson,/players/a/abrahth01.html,D,32,32,6,11,17,2.5,0,6,11,17,0
Greg Adams,/players/a/adamsgr01.html,LW,79,544,84,143,227,8.8,0,10,13,23,0
Jim Agnew,/players/a/agnewji01.html,D,16,81,0,1,1,2.0,0,0,0,0,0
Andrew Alberts,/players/a/alberan01.html,D,62,459,8,47,55,13.4,0,2,8,10,0
Bryan Allen,/players/a/allenbr01.html,D,101,721,29,107,136,31.1,0,1,18,19,0
Steve Alley,/players/a/alleyst01.html,LW,15,15,3,3,6,0.1,0,3,3,6,0
Ray Allison,/players/a/allisra01.html,RW,70,238,64,93,157,9.7,0,17,12,29,0
Russ Anderson,/players/a/anderru01.html,D,82,519,22,99,121,24.7,0,1,9,10,0
Mikael Andersson,/players/a/andermi01.html,LW,165,761,95,169,264,12.8,0,35,60,95,0
Mike Antonovich,/players/a/antonmi01.html,C,5,87,10,15,25,-0.2,0,0,1,1,0
Fred Arthur,/players/a/arthufr01.html,D,3,80,1,8,9,2.2,0,0,0,0,0
Keith Aucoin,/players/a/aucoike01.html,C,53,145,17,32,49,4.3,0,5,10,15,0
Anton Babchuk,/players/b/babchan01.html,D,163,289,36,71,107,21.1,0,24,38,62,0
Wayne Babych,/players/b/babycwa01.html,RW,41,519,192,246,438,31.4,0,11,17,28,0
Jergus Baca,/players/b/bacaje01.html,D,10,10,0,2,2,0.3,0,0,2,2,0
Reid Bailey,/players/b/bailere01.html,D,12,40,1,3,4,1.5,0,0,0,0,0
Norm Barnes,/players/b/barneno01.html,D,74,156,6,38,44,7.3,0,2,14,16,0
Dave Barr,/players/b/barrda01.html,RW,30,614,128,204,332,19.9,0,2,4,6,0
Ryan Bayda,/players/b/baydary01.html,LW,179,179,16,24,40,1.8,0,16,24,40,0
Jake Bean,/players/b/beanja01.html,D,2,2,0,0,0,0.0,0,0,0,0,0
Eric Belanger,/players/b/belaner01.html,C,56,820,138,220,358,28.9,0,8,12,20,0
Brett Bellemore,/players/b/bellebr01.html,D,121,121,4,16,20,5.2,0,4,16,20,0
Bill Bennett,/players/b/bennebi01.html,LW,24,31,4,7,11,0.3,0,3,3,6,0
Marc-Andre Bergeron,/players/b/bergema02.html,D,13,490,82,153,235,42.6,0,0,4,4,0
Marc Bergevin,/players/b/bergema01.html,D,79,1191,36,145,181,46.5,0,7,17,24,0
Bryan Bickell,/players/b/bickebr01.html,LW,11,395,66,70,136,14.0,0,1,0,1,0
Danny Biega,/players/b/biegada01.html,D,10,10,0,2,2,0.1,0,0,2,2,0
Clark Bishop,/players/b/bishocl01.html,C,20,20,1,2,3,0.0,0,1,2,3,0
James Black,/players/b/blackja01.html,LW,32,352,58,57,115,8.6,0,4,6,10,0
Nicolas Blanchard,/players/b/blancni01.html,LW,9,9,0,0,0,-0.2,0,0,0,0,0
Bob Bodak,/players/b/bodakbo01.html,LW,1,4,0,0,0,-0.2,0,0,0,0,0
Troy Bodie,/players/b/bodietr01.html,RW,50,159,9,12,21,0.5,0,1,2,3,0
Casey Borer,/players/b/borerca01.html,D,16,16,1,2,3,0.3,0,1,2,3,0
Tim Bothwell,/players/b/bothwti01.html,D,66,501,28,93,121,28.9,0,3,8,11,0
Bob Boughner,/players/b/boughbo01.html,D,43,630,15,57,72,22.7,0,0,5,5,0
Jesse Boulerice,/players/b/bouleje01.html,RW,150,172,8,2,10,0.1,0,8,2,10,0
Dan Bourbonnais,/players/b/bourbda01.html,LW,59,59,3,25,28,0.6,0,3,25,28,0
Charlie Bourgeois,/players/b/bourgch01.html,D,1,290,16,54,70,16.7,0,0,0,0,0
Pat Boutette,/players/b/boutepa01.html,C/RW,160,756,171,282,453,23.0,0,47,91,138,0
Drayson Bowman,/players/b/bowmadr01.html,C/LW,176,179,15,18,33,1.7,0,15,18,33,0
Zach Boychuk,/players/b/boychza01.html,C,115,127,12,18,30,2.3,0,11,17,28,0
Pavel Brendl,/players/b/brendpa01.html,RW,26,78,11,11,22,2.3,0,5,4,9,0
Tim Brent,/players/b/brentti01.html,C,109,207,21,27,48,3.1,0,12,15,27,0
Greg Britz,/players/b/britzgr01.html,RW,1,8,0,0,0,-0.2,0,0,0,0,0
Wade Brookbank,/players/b/brookwa01.html,D,59,127,6,3,9,1.7,0,2,1,3,0
Jeff Brown,/players/b/brownje02.html,D,81,747,154,430,584,78.3,0,10,41,51,0
Kevin Brown,/players/b/brownke03.html,RW,15,64,7,9,16,0.1,0,0,4,4,0
Patrick Brown,/players/b/brownpa02.html,C,28,28,1,1,2,-0.3,0,1,1,2,0
Rob Brown,/players/b/brownro01.html,RW,86,543,190,248,438,35.5,0,34,39,73,0
Jack Brownschidle,/players/b/brownja01.html,D,39,494,39,162,201,32.0,0,3,6,9,0
Jeff Brownschidle,/players/b/brownje01.html,D,7,7,0,1,1,-0.2,0,0,1,1,0
Jeff Brubaker,/players/b/brubaje01.html,LW,46,178,16,9,25,-2.2,0,5,4,9,0
Trevor Carrick,/players/c/carritr01.html,D,4,4,0,0,0,-0.1,0,0,0,0,0
Greg Carroll,/players/c/carrogr01.html,C,71,131,20,34,54,1.7,0,13,19,32,0
Brett Carson,/players/c/carsobr01.html,D,72,90,2,11,13,3.6,0,2,10,12,0
Jimmy Carson,/players/c/carsoji01.html,C,49,626,275,286,561,45.6,0,10,10,20,0
Lindsay Carson,/players/c/carsoli01.html,C,27,373,66,80,146,4.8,0,5,4,9,0
Anson Carter,/players/c/cartean01.html,RW,10,674,202,219,421,45.1,0,1,0,1,0
Ryan Carter,/players/c/cartery01.html,LW,32,473,41,52,93,6.1,0,0,3,3,0
Brian Chapman,/players/c/chapmbr01.html,D,3,3,0,0,0,0.1,0,0,0,0,0
Kelly Chase,/players/c/chaseke01.html,RW,111,458,17,36,53,-4.5,0,3,10,13,0
Steve Chiasson,/players/c/chiasst01.html,D,112,751,93,305,398,61.7,0,11,46,57,0
Igor Chibirev,/players/c/chibiig01.html,C,45,45,7,12,19,1.4,0,7,12,19,0
Shane Churla,/players/c/churlsh01.html,RW,22,488,26,45,71,-5.9,0,0,1,1,0
Enrico Ciccone,/players/c/ciccoen01.html,D,14,374,10,18,28,14.1,0,0,3,3,0
Paul Coffey*,/players/c/coffepa01.html,D,133,1409,396,1135,1531,185.7,0,16,42,58,0
Mike Commodore,/players/c/commomi01.html,D,195,484,23,83,106,20.3,0,13,41,54,0
Tim Conboy,/players/c/conboti01.html,D,59,59,0,6,6,0.1,0,0,6,6,0
Yvon Corriveau,/players/c/corriyv01.html,LW,114,280,48,40,88,3.3,0,22,15,37,0
Yves Courteau,/players/c/courtyv01.html,RW,4,22,2,5,7,-0.1,0,0,0,0,0
Murray Craven,/players/c/cravemu01.html,LW,128,1071,266,493,759,55.8,0,49,72,121,0
Bob Crawford,/players/c/crawfbo01.html,RW,182,246,71,71,142,8.0,0,64,59,123,0
Mike Crombeen,/players/c/crombmi01.html,RW,102,475,55,68,123,-1.4,0,5,11,16,0
Doug Crossman,/players/c/crossdo01.html,D,41,914,105,359,464,67.4,0,4,19,23,0
Ted Crowley,/players/c/crowlte01.html,D,21,34,2,4,6,1.4,0,1,2,3,0
Jim Culhane,/players/c/culhaji01.html,D,6,6,0,1,1,0.5,0,0,1,1,0
John Cullen,/players/c/cullejo01.html,C,109,621,187,363,550,39.2,0,39,63,102,0
Tony Currie,/players/c/currito01.html,RW,45,290,92,119,211,14.5,0,15,24,39,0
Paul Cyr,/players/c/cyrpa01.html,LW,87,471,101,140,241,11.9,0,12,16,28,0
Klas Dahlbeck,/players/d/dahlbkl01.html,D,76,170,6,17,23,3.3,0,3,8,11,0
Zac Dalpe,/players/d/dalpeza01.html,RW,41,141,12,13,25,0.9,0,5,5,10,0
Scott Daniels,/players/d/daniesc01.html,LW,66,149,8,12,20,-1.3,0,3,6,9,0
Joe Day,/players/d/dayjo01.html,C,48,72,1,10,11,-1.4,0,1,10,11,0
Calvin de Haan,/players/d/dehaaca01.html,D,74,378,13,82,95,19.2,0,1,13,14,0
Dave Debol,/players/d/debolda01.html,C,92,92,26,26,52,2.7,0,26,26,52,0
Brad DeFauw,/players/d/defaubr01.html,LW,9,9,3,0,3,0.4,0,3,0,3,0
Phillip Di Giuseppe,/players/d/digiuph01.html,LW,147,150,14,27,41,2.7,0,14,27,41,0
Gerald Diduck,/players/d/diducge01.html,D,135,932,56,156,212,51.7,0,2,19,21,0
Rob DiMaio,/players/d/dimairo01.html,RW,74,894,106,171,277,13.7,0,6,18,24,0
Chris Dingman,/players/d/dingmch01.html,LW,30,385,15,19,34,-3.0,0,0,1,1,0
Hnat Domenichelli,/players/d/domenhn01.html,LW,13,267,52,61,113,8.6,0,2,1,3,0
Jordy Douglas,/players/d/dougljo01.html,LW,162,268,76,62,138,6.6,0,56,40,96,0
Harold Druken,/players/d/drukeha01.html,C,14,146,27,36,63,7.2,0,0,1,1,0
Ted Drury,/players/d/druryte01.html,C,50,414,41,52,93,1.6,0,4,11,15,0
Richie Dunn,/players/d/dunnri01.html,D,76,483,36,140,176,32.7,0,6,24,30,0
Norm Dupont,/players/d/duponno01.html,LW,40,256,55,85,140,4.5,0,7,15,22,0
Radek Dvorak,/players/d/dvorara01.html,RW,60,1260,227,363,590,48.5,0,4,5,9,0
Steve Dykstra,/players/d/dykstst01.html,D,9,217,8,32,40,8.0,0,0,0,0,0
Patrick Eaves,/players/e/eavespa01.html,RW,85,633,132,110,242,25.5,0,7,12,19,0
Brad Fast,/players/f/fastbr01.html,D,1,1,1,0,1,0.3,0,1,0,1,0
Glen Featherstone,/players/f/feathgl01.html,D,122,384,19,61,80,21.0,0,5,16,21,0
Paul Fenton,/players/f/fentopa01.html,LW,34,411,100,83,183,8.9,0,7,5,12,0
Micheal Ferland,/players/f/ferlami01.html,LW,71,321,59,70,129,12.8,0,17,23,40,0
Mike Fidler,/players/f/fidlemi01.html,LW,40,271,84,97,181,12.6,0,9,10,19,0
Haydn Fleury,/players/f/fleurha01.html,D,87,87,0,9,9,2.7,0,0,9,9,0
Warren Foegele,/players/f/foegewa01.html,LW,79,79,12,6,18,1.0,0,12,6,18,0
Nick Fotiu,/players/f/fotiuni01.html,LW,116,646,60,77,137,-5.4,0,14,11,25,0
Dan Fridgen,/players/f/fridgda01.html,LW,13,13,2,3,5,0.2,0,2,3,5,0
Martin Frk,/players/f/frkma01.html,RW,2,100,12,19,31,1.8,0,0,0,0,0
Mark Fusco,/players/f/fuscoma01.html,D,80,80,3,12,15,3.3,0,3,12,15,0
Michel Galarneau,/players/g/galarmi01.html,C,78,78,7,10,17,-0.9,0,7,10,17,0
Bill Gardner,/players/g/gardnbi01.html,C,26,380,73,115,188,7.7,0,1,9,10,0
Dallas Gaume,/players/g/gaumeda01.html,C,4,4,1,1,2,0.2,0,1,1,2,0
Randy Gilhen,/players/g/gilhera01.html,C,2,457,55,60,115,-0.7,0,0,1,1,0
Don Gillen,/players/g/gilledo01.html,RW,34,35,2,4,6,-0.5,0,1,4,5,0
Paul Gillis,/players/g/gillipa01.html,C,33,624,88,154,242,6.1,0,1,3,4,0
Larry Giroux,/players/g/giroula01.html,D,47,274,15,74,89,12.2,0,2,5,7,0
Brian Glynn,/players/g/glynnbr01.html,D,98,431,25,79,104,17.9,0,2,10,12,0
Alexander Godynyuk,/players/g/godynal01.html,D,115,223,10,39,49,11.5,0,4,15,19,0
Steven Goertzen,/players/g/goertst01.html,RW,6,68,2,2,4,-1.2,0,0,0,0,0
David Gove,/players/g/goveda01.html,C/RW,2,2,0,1,1,0.2,0,0,1,1,0
Chris Govedaris,/players/g/govedch01.html,LW,33,45,4,6,10,0.0,0,2,4,6,0
Marc-Andre Gragnani,/players/g/gragnma01.html,D,1,78,3,15,18,0.7,0,0,0,0,0
Mark Greig,/players/g/greigma01.html,RW,74,125,13,27,40,1.6,0,5,17,22,0
Stu Grimson,/players/g/grimsst01.html,LW,157,729,17,22,39,-10.0,0,5,6,11,0
Steven Halko,/players/h/halkost01.html,D,155,155,0,15,15,4.9,0,0,15,15,0
Adam Hall,/players/h/hallad01.html,RW,6,682,69,87,156,5.3,0,0,0,0,0
Kevin Haller,/players/h/halleke01.html,D,100,642,41,97,138,34.6,0,5,11,16,0
Dougie Hamilton,/players/h/hamildo01.html,D,82,505,82,177,259,47.7,0,18,21,39,0
Jeff Hamilton,/players/h/hamilje01.html,C,58,157,32,45,77,7.6,0,9,15,24,0
Al Hangsleben,/players/h/hangsal01.html,D,37,185,21,48,69,12.5,0,3,15,18,0
Todd Harkins,/players/h/harkito01.html,C,28,48,3,3,6,-0.8,0,1,0,1,0
Kevin Hatcher,/players/h/hatchke01.html,D,57,1157,227,450,677,110.1,0,4,14,18,0
Jeff Heerema,/players/h/heereje01.html,RW,10,32,4,2,6,0.3,0,3,0,3,0
Dwight Helminen,/players/h/helmidw01.html,C,23,27,2,1,3,0.1,0,1,1,2,0
Archie Henderson,/players/h/hendear01.html,RW,15,23,3,1,4,-0.1,0,2,1,3,0
Bob Hess,/players/h/hessbo01.html,D,3,329,27,95,122,22.4,0,0,0,0,0
Brian Hill,/players/h/hillbr01.html,RW,19,19,1,1,2,-0.4,0,1,1,2,0
Jack Hillen,/players/h/hilleja01.html,D,3,304,13,58,71,13.2,0,0,0,0,0
Jan Hlavac,/players/h/hlavaja01.html,LW,52,436,90,134,224,21.3,0,9,15,24,0
Rick Hodgson,/players/h/hodgsri01.html,D,6,6,0,0,0,-0.2,0,0,0,0,0
Mike Hoffman,/players/h/hoffmmi01.html,LW,9,9,1,3,4,0.0,0,1,3,4,0
Josh Holden,/players/h/holdejo01.html,C,8,60,5,9,14,0.6,0,0,0,0,0
Bobby Holik,/players/h/holikbo01.html,C,154,1314,326,421,747,72.1,0,42,46,88,0
Ed Hospodar,/players/h/hospoed01.html,D,131,450,17,51,68,16.7,0,1,18,19,0
Doug Houda,/players/h/houdado01.html,D,142,561,19,63,82,19.5,0,6,14,20,0
Garry Howatt,/players/h/howatga01.html,LW,80,720,112,156,268,10.0,0,18,32,50,0
Gordie Howe*,/players/h/howego01.html,RW,80,1767,801,1049,1850,217.1,0,15,26,41,0
Marty Howe,/players/h/howema01.html,D,119,197,2,29,31,9.6,0,1,18,19,0
Pat Hughes,/players/h/hughepa01.html,RW,2,573,130,128,258,9.3,0,0,0,0,0
Bobby Hull*,/players/h/hullbo01.html,LW,9,1063,610,560,1170,136.3,0,2,5,7,0
Jody Hull,/players/h/hulljo01.html,RW,98,831,124,137,261,15.2,0,23,28,51,0
Mark Hunter,/players/h/huntema01.html,RW,74,628,213,171,384,26.3,0,14,16,30,0
Andrew Hutchinson,/players/h/hutchan01.html,D,77,140,12,27,39,5.9,0,6,19,25,0
Doug Jarvis,/players/j/jarvido01.html,C,139,964,139,264,403,15.9,0,17,29,46,0
Grant Jennings,/players/j/jennigr01.html,D,163,389,14,43,57,15.1,0,7,20,27,0
David Jensen,/players/j/jenseda03.html,C,13,69,9,13,22,0.3,0,0,4,4,0
Joe Jensen,/players/j/jensejo01.html,C,6,6,1,0,1,0.2,0,1,0,1,0
Bernie Johnston,/players/j/johnsbe01.html,C,57,57,12,24,36,2.1,0,12,24,36,0
Josh Jooris,/players/j/joorijo01.html,C,31,213,23,32,55,3.7,0,3,3,6,0
Michal Jordan,/players/j/jordami01.html,D,79,79,3,4,7,1.8,0,3,4,7,0
Derek Joslin,/players/j/joslide01.html,D,61,116,4,12,16,2.4,0,3,6,9,0
Tomas Kaberle,/players/k/kaberto01.html,D,29,984,87,476,563,87.0,0,0,9,9,0
Dave Karpa,/players/k/karpada01.html,D,140,557,18,80,98,21.4,0,5,12,17,0
Ed Kastelic,/players/k/kasteed01.html,W,147,220,11,10,21,-3.2,0,9,9,18,0
Dan Keczmer,/players/k/keczmda01.html,D,36,235,8,38,46,9.8,0,4,5,9,0
Kevin Kemp,/players/k/kempke01.html,D,3,3,0,0,0,0.0,0,0,0,0,0
Tim Kerr,/players/k/kerrti01.html,C/RW,22,655,370,304,674,58.2,0,0,6,6,0
Derek King,/players/k/kingde01.html,LW,12,830,261,351,612,53.1,0,3,3,6,0
Greg Koehler,/players/k/koehlgr01.html,C,1,1,0,0,0,0.0,0,0,0,0,0
Mike Komisarek,/players/k/komismi01.html,D,32,551,14,67,81,17.6,0,0,4,4,0
Steve Konroyd,/players/k/konrost01.html,D,92,895,41,195,236,46.0,0,5,21,26,0
Tom Kostopoulos,/players/k/kostoto01.html,RW,99,630,61,96,157,7.4,0,9,16,25,0
Andrei Kovalenko,/players/k/kovalan01.html,RW,94,620,173,206,379,33.5,0,21,30,51,0
Marcus Kruger,/players/k/krugema01.html,C,48,520,38,85,123,5.3,0,1,5,6,0
Todd Krygier,/players/k/krygito01.html,LW,130,543,100,143,243,14.0,0,31,29,60,0
Frantisek Kucera,/players/k/kucerfr01.html,D,94,465,24,95,119,27.9,0,6,26,32,0
Janne Kuokkanen,/players/k/kuokkja01.html,C/LW,11,11,0,0,0,-0.4,0,0,0,0,0
Tomas Kurka,/players/k/kurkato01.html,LW,17,17,3,2,5,0.6,0,3,2,5,0
Greg Kuznik,/players/k/kuznigr01.html,D,1,1,0,0,0,0.0,0,0,0,0,0
Nick Kypreos,/players/k/kypreni01.html,LW,85,442,46,44,90,-1.0,0,17,10,27,0
Dan LaCouture,/players/l/lacouda01.html,LW,11,337,20,25,45,-0.2,0,2,0,2,0
Andre Lacroix,/players/l/lacroan01.html,C,29,325,79,119,198,15.1,0,3,14,17,0
Pierre Lacroix,/players/l/lacropi01.html,D,56,274,24,108,132,18.5,0,6,25,31,0
Andrew Ladd,/players/l/laddan01.html,LW,137,946,248,289,537,59.1,0,26,24,50,0
Marc Laforge,/players/l/laforma02.html,LW,9,14,0,0,0,0.3,0,0,0,0,0
Darren Langdon,/players/l/langdda01.html,LW,121,521,16,23,39,-3.0,0,2,3,5,0
Pierre Larouche,/players/l/laroupi01.html,C,83,812,395,427,822,68.3,0,43,47,90,0
Brian Lawton,/players/l/lawtobr01.html,LW,48,483,112,154,266,14.5,0,12,17,29,0
Jamie Leach,/players/l/leachja01.html,RW,19,81,11,9,20,-0.2,0,3,2,5,0
Stephen Leach,/players/l/leachst01.html,RW,45,702,130,153,283,14.1,0,4,5,9,0
Jocelyn Lemieux,/players/l/lemiejo01.html,RW,86,598,80,84,164,3.8,0,13,8,21,0
Trevor Letowski,/players/l/letowtr01.html,RW,136,616,84,117,201,14.5,0,11,15,26,0
Rick Ley,/players/l/leyri01.html,D,81,309,12,72,84,17.5,0,4,18,22,0
John-Michael Liles,/players/l/lilesjo01.html,D,156,836,87,283,370,61.1,0,10,36,46,0
Andrei Loktionov,/players/l/loktian01.html,C,20,155,22,26,48,4.7,0,3,7,10,0
Keegan Lowe,/players/l/loweke02.html,D,2,4,0,0,0,-0.2,0,0,0,0,0
Charlie Luksa,/players/l/luksach01.html,D,8,8,0,1,1,0.2,0,0,1,1,0
Dave Lumley,/players/l/lumleda01.html,RW,48,437,98,160,258,12.2,0,8,20,28,0
Gilles Lupien,/players/l/lupiegi01.html,D,21,226,5,25,30,11.6,0,2,5,7,0
George Lyle,/players/l/lylege01.html,LW,30,99,24,38,62,3.7,0,6,18,24,0
Brett Lysak,/players/l/lysakbr01.html,C,2,2,0,0,0,0.0,0,0,0,0,0
Craig MacDonald,/players/m/macdocr01.html,LW,58,233,11,24,35,0.5,0,2,4,6,0
Randy MacGregor,/players/m/macgrra01.html,RW,2,2,1,1,2,0.2,0,1,1,2,0
Norm Maciver,/players/m/macivno01.html,D,37,501,55,230,285,36.0,0,1,22,23,0
Rick MacLeish,/players/m/macleri01.html,C,34,846,349,410,759,66.5,0,6,16,22,0
Saku Maenalanen,/players/m/maenasa01.html,RW,34,34,4,4,8,0.7,0,4,4,8,0
Tomas Malec,/players/m/malecto01.html,D,43,46,0,2,2,0.8,0,0,2,2,0
Manny Malhotra,/players/m/malhoma01.html,C,69,991,116,179,295,20.8,0,7,6,13,0
Merlin Malinowski,/players/m/malinme01.html,C,75,282,54,111,165,6.9,0,5,23,28,0
Brad Malone,/players/m/malonbr01.html,C/LW,122,199,13,17,30,0.9,0,9,12,21,0
Greg Malone,/players/m/malongr01.html,C,176,704,191,310,501,31.5,0,45,83,128,0
Don Maloney,/players/m/malondo01.html,LW,21,765,214,350,564,36.6,0,3,11,14,0
Bryan Marchment,/players/m/marchbr02.html,D,42,926,40,142,182,47.4,0,3,7,10,0
Danny Markov,/players/m/markoda01.html,D,44,538,29,118,147,31.9,0,4,10,14,0
Paul Marshall,/players/m/marshpa01.html,LW,13,95,15,18,33,0.7,0,1,2,3,0
Tom Martin,/players/m/martito02.html,LW,64,92,12,11,23,0.6,0,9,10,19,0
Jordan Martinook,/players/m/martijo01.html,LW,82,329,41,49,90,4.6,0,15,10,25,0
Steve Martins,/players/m/martist02.html,C,28,267,21,25,46,0.4,0,1,4,5,0
Jon Matsumoto,/players/m/matsujo01.html,C,13,14,2,0,2,0.1,0,2,0,2,0
Jason McBain,/players/m/mcbaija01.html,D,9,9,0,0,0,-0.1,0,0,0,0,0
Sandy McCarthy,/players/m/mccarsa01.html,RW,13,736,72,76,148,4.3,0,0,0,0,0
Rob McClanahan,/players/m/mcclaro01.html,C,17,224,38,63,101,3.7,0,0,3,3,0
Brad McCrimmon,/players/m/mccribr01.html,D,156,1222,81,322,403,93.5,0,4,12,16,0
Gerry McDonald,/players/m/mcdonge01.html,D,8,8,0,0,0,0.0,0,0,0,0,0
Mike McDougal,/players/m/mcdoumi01.html,RW,58,61,8,10,18,-0.4,0,8,10,18,0
Mike McEwen,/players/m/mcewemi01.html,D,67,716,108,296,404,58.7,0,11,13,24,0
Bob McGill,/players/m/mcgilbo01.html,D,30,706,17,55,72,21.0,0,0,3,3,0
Jack McIlhargey,/players/m/mcilhja01.html,D,98,393,11,36,47,13.8,0,2,11,13,0
Greg McKegg,/players/m/mckeggr01.html,C,41,132,13,11,24,1.5,0,6,5,11,0
Roland McKeown,/players/m/mckeoro01.html,D,10,10,0,3,3,0.7,0,0,3,3,0
Rick Meagher,/players/m/meaghri01.html,C,96,691,144,165,309,14.8,0,31,29,60,0
Josef Melichar,/players/m/melicjo01.html,D,15,349,7,42,49,8.6,0,0,4,4,0
Glenn Merkosky,/players/m/merkogl01.html,C,7,66,5,12,17,-0.5,0,0,0,0,0
Mike Millar,/players/m/millami01.html,RW,38,78,18,18,36,2.0,0,9,9,18,0
Joey Mormina,/players/m/mormijo01.html,D,1,1,0,0,0,0.0,0,0,0,0,0
Ryan Murphy,/players/m/murphry01.html,D,151,175,8,35,43,7.2,0,6,31,37,0
Chris Murray,/players/m/murrach01.html,RW,15,242,16,18,34,-0.5,0,1,2,3,0
Marty Murray,/players/m/murrama01.html,C,66,261,31,42,73,6.0,0,5,7,12,0
Dana Murzyn,/players/m/murzyda01.html,D,185,838,52,152,204,49.6,0,13,48,61,0
Don Nachbaur,/players/n/nachbdo01.html,C,154,223,23,46,69,0.2,0,21,38,59,0
Jakub Nakladal,/players/n/naklaja01.html,D,3,30,2,3,5,0.3,0,0,0,0,0
Martin Necas,/players/n/necasma01.html,C,8,8,1,1,2,0.2,0,1,1,2,0
Andrej Nestrasil,/players/n/nestran01.html,RW,115,128,17,31,48,4.9,0,17,29,46,0
John Newberry,/players/n/newbejo01.html,C,3,22,0,4,4,-0.3,0,0,0,0,0
Barry Nieckar,/players/n/nieckba01.html,LW,2,8,0,0,0,-0.3,0,0,0,0,0
Nino Niederreiter,/players/n/niedeni01.html,RW,36,534,126,135,261,30.0,0,14,16,30,0
Andrei Nikolishin,/players/n/nikolan01.html,C,112,628,93,187,280,21.6,0,24,52,76,0
Andreas Nodl,/players/n/nodlan01.html,RW,56,183,15,21,36,1.2,0,3,5,8,0
Brandon Nolan,/players/n/nolanbr01.html,C/LW,6,6,0,1,1,-0.1,0,0,1,1,0
Niklas Nordgren,/players/n/nordgni01.html,LW,43,58,4,2,6,-0.1,0,4,2,6,0
Lee Norwood,/players/n/norwole01.html,D,6,503,58,153,211,35.5,0,0,0,0,0
Michael Nylander,/players/n/nylanmi01.html,C,117,920,209,470,679,65.0,0,22,55,77,0
Patrick O'Sullivan,/players/o/osullpa01.html,C,10,334,58,103,161,11.5,0,1,0,1,0
Oskar Osala,/players/o/osalaos01.html,LW,1,3,0,0,0,-0.1,0,0,0,0,0
Sandis Ozolinsh,/players/o/ozolisa01.html,D,118,875,167,397,564,91.8,0,16,51,67,0
Aaron Palushaj,/players/p/palusaa01.html,RW,2,68,3,11,14,0.8,0,0,0,0,0
Jeff Parker,/players/p/parkeje01.html,RW,4,141,16,19,35,-0.1,0,0,0,0,0
Mark Paterson,/players/p/paterma01.html,D,29,29,3,3,6,1.3,0,3,3,6,0
James Patrick,/players/p/patrija01.html,D,47,1280,149,490,639,104.6,0,8,20,28,0
Jim Pavese,/players/p/pavesji01.html,D,5,328,13,44,57,12.2,0,0,0,0,0
Allen Pedersen,/players/p/pederal01.html,D,66,428,5,36,41,17.3,0,1,4,5,0
Barry Pederson,/players/p/pederba01.html,C,5,701,238,416,654,47.7,0,2,2,4,0
Scott Pellerin,/players/p/pellesc01.html,LW,19,536,72,126,198,14.3,0,0,5,5,0
Brent Peterson,/players/p/peterbr01.html,C,118,620,72,141,213,5.5,0,6,20,26,0
Robert Petrovicky,/players/p/petroro01.html,C,77,208,27,38,65,3.7,0,9,11,20,0
Jakub Petruzalek,/players/p/petruja01.html,C/RW,2,2,0,1,1,0.1,0,0,1,1,0
Jorgen Pettersson,/players/p/pettejo01.html,LW,23,435,174,192,366,25.9,0,5,5,10,0
Alexandre Picard,/players/p/picaral01.html,D,9,253,19,50,69,12.0,0,0,0,0,0
Michel Picard,/players/p/picarmi01.html,LW,30,166,28,42,70,5.3,0,4,5,9,0
Randy Pierce,/players/p/piercra01.html,RW,34,277,62,76,138,7.7,0,9,5,14,0
Ron Plumb,/players/p/plumbro01.html,D,26,26,3,4,7,1.8,0,3,4,7,0
Alexei Ponikarovsky,/players/p/ponikal01.html,LW,49,678,139,184,323,33.2,0,7,8,15,0
Brian Pothier,/players/p/pothibr01.html,D,20,362,26,92,118,21.3,0,1,3,4,0
Andrew Poturalski,/players/p/poturan01.html,C,2,2,0,0,0,-0.2,0,0,0,0,0
Marc Potvin,/players/p/potvima01.html,RW,51,121,3,5,8,-3.0,0,2,3,5,0
Patrick Poulin,/players/p/poulipa01.html,C,91,634,101,134,235,15.7,0,22,32,54,0
Nolan Pratt,/players/p/prattno01.html,D,157,592,9,56,65,18.8,0,4,19,23,0
Chris Pronger*,/players/p/prongch01.html,D,124,1167,157,541,698,139.4,0,10,34,44,0
Brian Propp,/players/p/proppbr01.html,LW,65,1016,425,579,1004,83.6,0,12,17,29,0
Ty Rattie,/players/r/rattity01.html,RW,5,99,13,17,30,2.5,0,0,2,2,0
Mark Recchi*,/players/r/recchma01.html,RW,20,1652,577,956,1533,147.5,0,4,3,7,0
Mark Reeds,/players/r/reedsma01.html,RW,45,365,45,114,159,5.2,0,0,9,9,0
Mark Renaud,/players/r/renauma01.html,D,142,152,6,50,56,6.2,0,5,47,52,0
Todd Richards,/players/r/richato01.html,D,8,8,0,4,4,0.2,0,0,4,4,0
Danny Richmond,/players/r/richmda01.html,D,10,49,0,3,3,-0.1,0,0,1,1,0
Rasmus Rissanen,/players/r/rissara01.html,D,6,6,0,0,0,-0.3,0,0,0,0,0
Byron Ritchie,/players/r/ritchby01.html,C,33,324,25,33,58,1.6,0,0,2,2,0
Gordie Roberts,/players/r/robergo02.html,D,107,1097,61,359,420,68.9,0,10,39,49,0
Bryan Rodney,/players/r/rodnebr01.html,D,33,34,1,12,13,1.4,0,1,12,13,0
Mike Rogers,/players/r/rogermi01.html,C,160,484,202,317,519,36.8,0,84,126,210,0
Allan Rourke,/players/r/rourkal01.html,D,25,55,1,4,5,1.7,0,1,2,3,0
Tom Rowe,/players/r/roweto01.html,RW,115,357,85,100,185,9.1,0,23,32,55,0
Nicolas Roy,/players/r/royni01.html,C,7,7,0,0,0,-0.1,0,0,0,0,0
Mike Rucinski,/players/r/rucinmi02.html,D,26,26,0,2,2,0.7,0,0,2,2,0
Derek Ryan,/players/r/ryande01.html,C,153,234,41,66,107,9.6,0,28,41,69,0
Michael Ryan,/players/r/ryanmi01.html,C,18,83,7,8,15,0.0,0,0,2,2,0
Jerome Samson,/players/s/samsoje01.html,RW,46,46,2,7,9,0.4,0,2,7,9,0
Jim Sandlak,/players/s/sandlji01.html,RW,40,549,110,119,229,11.6,0,6,2,8,0
Bobby Sanguinetti,/players/s/sangubo01.html,D,40,45,2,4,6,0.8,0,2,4,6,0
Jean Savard,/players/s/savarje01.html,C,1,43,7,12,19,1.2,0,0,0,0,0
Maynard Schurman,/players/s/schurma01.html,LW,7,7,0,0,0,-0.2,0,0,0,0,0
Dennis Seidenberg,/players/s/seidede01.html,D,137,859,44,207,251,49.1,0,6,45,51,0
Andrej Sekera,/players/s/sekeran01.html,D,131,707,45,191,236,45.3,0,13,50,63,0
Dave Semenko,/players/s/semenda01.html,LW,51,575,65,88,153,-2.9,0,4,8,12,0
Alexander Semin,/players/s/seminal01.html,LW,166,650,239,278,517,65.5,0,41,64,105,0
Brendan Shanahan*,/players/s/shanabr01.html,LW,76,1524,656,698,1354,148.0,0,45,34,79,0
Daniel Shank,/players/s/shankda01.html,RW,13,77,13,14,27,0.8,0,2,0,2,0
Neil Sheehy,/players/s/sheehne01.html,D,26,379,18,47,65,17.6,0,1,4,5,0
Tim Sheehy,/players/s/sheehti01.html,RW,12,27,2,1,3,-0.6,0,2,1,3,0
Ray Sheppard,/players/s/sheppra01.html,RW,84,817,357,300,657,64.4,0,29,35,64,0
Gord Sherven,/players/s/shervgo01.html,C,8,97,13,22,35,0.4,0,0,0,0,0
Paul Shmyr,/players/s/shmyrpa01.html,D,66,343,13,72,85,20.6,0,1,11,12,0
Justin Shugg,/players/s/shuggju01.html,LW,3,3,0,0,0,0.0,0,0,0,0,0
Al Sims,/players/s/simsal01.html,D,156,476,49,116,165,34.2,0,26,67,93,0
Stu Smith,/players/s/smithst03.html,D,77,77,2,10,12,1.6,0,2,10,12,0
Kevin Smyth,/players/s/smythke01.html,LW,58,58,6,8,14,0.0,0,6,8,14,0
Jaroslav Spacek,/players/s/spaceja01.html,D,34,880,82,273,355,69.3,0,5,7,12,0
Bruno St. Jacques,/players/s/stjacbr01.html,D,53,67,3,7,10,2.1,0,2,7,9,0
Jared Staal,/players/s/staalja01.html,RW,2,2,0,0,0,-0.1,0,0,0,0,0
Viktor Stalberg,/players/s/stalbvi01.html,LW,57,488,82,86,168,16.4,0,9,3,12,0
Lee Stempniak,/players/s/stemple01.html,RW,119,911,203,266,469,47.5,0,19,30,49,0
Bob Stephenson,/players/s/stephbo01.html,RW,4,18,2,3,5,-0.1,0,0,1,1,0
John Stevens,/players/s/stevejo01.html,D,44,53,0,10,10,2.6,0,0,8,8,0
Anthony Stewart,/players/s/stewaan01.html,RW,77,262,27,44,71,5.7,0,9,11,20,0
Cory Stillman,/players/s/stillco01.html,LW,191,1025,278,449,727,73.7,0,52,113,165,0
Jim Storm,/players/s/stormji01.html,LW,74,84,7,15,22,0.6,0,6,13,19,0
Steve Stoyanovich,/players/s/stoyast01.html,C,23,23,3,5,8,0.2,0,3,5,8,0
Bob Sullivan,/players/s/sullibo01.html,LW,62,62,18,19,37,2.1,0,18,19,37,0
Damian Surma,/players/s/surmada01.html,C,2,2,1,1,2,0.3,0,1,1,2,0
Brett Sutter,/players/s/suttebr04.html,LW,36,60,2,8,10,0.1,0,1,4,5,0
Brody Sutter,/players/s/suttebr05.html,C,12,12,0,0,0,-0.4,0,0,0,0,0
Andrei Svechnikov,/players/s/svechan01.html,RW,82,82,20,17,37,3.9,0,20,17,37,0
Jaroslav Svoboda,/players/s/svoboja01.html,LW,91,134,12,17,29,2.1,0,8,14,22,0
Chris Tancill,/players/t/tancich01.html,C,19,134,17,32,49,1.5,0,1,1,2,0
Matt Tennyson,/players/t/tennyma01.html,D,45,124,3,17,20,2.8,0,0,6,6,0
Chris Terry,/players/t/terrych01.html,LW,138,152,22,16,38,3.4,0,20,14,34,0
Joey Tetarenko,/players/t/tetarjo01.html,RW,2,73,4,1,5,0.5,0,0,0,0,0
Jim Thomson,/players/t/thomsji02.html,RW,5,115,4,3,7,-2.7,0,0,0,0,0
Sergey Tolchinsky,/players/t/tolchse01.html,LW,4,4,0,2,2,0.2,0,0,2,2,0
Mike Tomlak,/players/t/tomlami01.html,C/LW,141,141,15,22,37,0.6,0,15,22,37,0
Nikos Tselios,/players/t/tselini01.html,D,2,2,0,0,0,-0.1,0,0,0,0,0
Allan Tuer,/players/t/tueral01.html,D,6,57,1,1,2,0.5,0,0,0,0,0
Darren Turcotte,/players/t/turcoda01.html,C,66,635,195,216,411,33.5,0,19,29,48,0
Oleg Tverdovsky,/players/t/tverdol01.html,D,72,713,77,240,317,56.4,0,3,20,23,0
Trevor van Riemsdyk,/players/v/vanritr01.html,D,157,315,14,47,61,14.5,0,6,24,30,0
Mike Vellucci,/players/v/vellumi01.html,D,2,2,0,0,0,0.0,0,0,0,0,0
Kris Versteeg,/players/v/verstkr01.html,RW,63,643,149,209,358,37.9,0,11,22,33,0
Mickey Volcan,/players/v/volcami01.html,D,143,162,8,33,41,5.4,0,7,29,36,0
Radim Vrbata,/players/v/vrbatra01.html,RW,106,1057,284,339,623,69.1,0,19,16,35,0
Tim Wallace,/players/w/wallati01.html,RW,28,101,4,9,13,-0.3,0,1,1,2,0
Lucas Wallmark,/players/w/wallmlu01.html,C,100,100,11,20,31,1.7,0,11,20,31,0
Jim Warner,/players/w/warneji01.html,RW,32,32,0,3,3,-0.9,0,0,3,3,0
Mike Watt,/players/w/wattmi01.html,LW,5,157,15,26,41,2.4,0,0,0,0,0
Doug Weight,/players/w/weighdo01.html,C,23,1238,278,755,1033,89.9,0,4,9,13,0
Eric Weinrich,/players/w/weinrer01.html,D,87,1157,70,318,388,82.0,0,8,30,38,0
Wally Weir,/players/w/weirwa01.html,D,34,320,21,45,66,13.4,0,2,3,5,0
Jeremy Welsh,/players/w/welshje01.html,C,6,27,1,1,2,0.0,0,0,1,1,0
Blake Wesley,/players/w/weslebl01.html,D,100,298,18,46,64,12.2,0,9,19,28,0
Kevin Westgarth,/players/w/westgke01.html,RW,43,169,7,9,16,0.6,0,2,2,4,0
Ian White,/players/w/whiteia01.html,D,39,503,45,134,179,35.2,0,0,10,10,0
Tiger Williams,/players/w/williti01.html,LW,26,962,241,272,513,29.7,0,6,0,6,0
Shane Willis,/players/w/willish01.html,RW,141,174,31,43,74,6.8,0,27,34,61,0
Carey Wilson,/players/w/wilsoca01.html,C,115,552,169,258,427,28.5,0,37,46,83,0
James Wisniewski,/players/w/wisnija01.html,D,1,552,53,221,274,44.8,0,0,0,0,0
Brendan Woods,/players/w/woodsbr01.html,LW,7,7,0,0,0,-0.1,0,0,0,0,0
Terry Yake,/players/y/yakete01.html,C,104,403,77,120,197,14.7,0,24,37,61,0
Ross Yates,/players/y/yatesro01.html,C,7,7,1,1,2,0.0,0,1,1,2,0
Stephane Yelle,/players/y/yellest01.html,C,59,991,96,169,265,12.2,0,4,3,7,0
Mike Zigomanis,/players/z/zigommi01.html,C,57,197,21,19,40,1.4,0,3,4,7,0
Mike Zuke,/players/z/zukemi01.html,C,159,455,86,196,282,14.0,0,10,37,47,0
Valentin Zykov,/players/z/zykovva01.html,LW,25,40,6,7,13,1.3,0,4,7,11,0
