Red Almas,/players/a/almasre01.html,G,1,3,0,0,0,0.0,0,0,0,0,0
Craig Anderson,/players/a/andercr01.html,G,56,614,0,17,17,116.0,278,0,1,1,12
Hank Bassen,/players/b/basseha01.html,G,33,157,0,2,2,21.6,47,0,0,0,6
Jean-Francois Berube,/players/b/berubje02.html,G,13,34,0,0,0,3.5,9,0,0,0,3
Paul Bibeault,/players/b/bibeapa01.html,G,41,215,0,0,0,31.0,81,0,0,0,13
Brian Boucher,/players/b/bouchbr01.html,G,15,328,0,3,3,43.0,120,0,0,0,1
Frank Brimsek,/players/b/brimsfr01.html,G,70,514,0,0,0,95.4,252,0,0,0,22
Ken Brown,/players/b/brownke01.html,G,1,1,0,0,0,0.0,0,0,0,0,0
Sebastien Caron,/players/c/caronse01.html,G,1,95,0,1,1,11.8,26,0,0,0,1
Lorne Chabot,/players/c/chabolo01.html,G,48,412,0,0,0,75.3,200,0,0,0,26
Alain Chevrier,/players/c/chevral01.html,G,66,234,0,11,11,26.0,91,0,2,2,29
Chris Clifford,/players/c/cliffch01.html,G,2,2,0,0,0,0.1,0,0,0,0,0
Jacques Cloutier,/players/c/cloutja01.html,G,53,255,0,7,7,31.9,82,0,0,0,20
Tom Cook,/players/c/cookto01.html,C,1,348,76,98,174,20.5,0,0,2,2,0
Wilf Cude,/players/c/cudewi01.html,G,1,281,0,0,0,33.2,98,0,0,0,0
Scott Darling,/players/d/darlisc01.html,G,75,126,0,0,0,18.5,54,0,0,0,39
Collin Delia,/players/d/deliaco01.html,G,18,18,0,0,0,3.1,7,0,0,0,7
Gerry Desjardins,/players/d/desjage01.html,G,32,332,0,2,2,47.5,123,0,0,0,17
Bill Dickie,/players/d/dickibi01.html,G,1,1,0,0,0,0.2,1,0,0,0,1
Dave Dryden,/players/d/drydeda01.html,G,68,203,0,4,4,26.7,69,0,2,2,24
Michel Dumas,/players/d/dumasmi01.html,G,8,8,0,1,1,0.6,2,0,1,1,2
Ray Emery,/players/e/emeryra01.html,G,55,287,0,4,4,42.3,145,0,1,1,32
Mark Fitzpatrick,/players/f/fitzpma01.html,G,27,329,0,12,12,52.5,113,0,1,1,6
Anton Forsberg,/players/f/forsban01.html,G,35,45,0,1,1,5.1,11,0,1,1,10
Scott Foster,/players/f/fostesc01.html,G,1,1,0,0,0,0.1,0,0,0,0,0
Emile Francis,/players/f/francem01.html,G,73,95,0,0,0,8.1,32,0,0,0,25
Ray Frederick,/players/f/fredera01.html,G,5,5,0,0,0,-0.2,0,0,0,0,0
Bert Gardiner,/players/g/gardibe01.html,G,50,144,0,1,1,19.2,49,0,0,0,17
Jack Gelineau,/players/g/gelinja01.html,G,2,143,0,0,0,17.3,46,0,0,0,0
Jeff Glass,/players/g/glassje01.html,G,15,15,0,0,0,1.8,3,0,0,0,3
Paul Goodman,/players/g/goodmpa01.html,G,52,52,0,0,0,10.6,23,0,0,0,23
Jeff Hackett,/players/h/hackeje01.html,G,173,500,0,9,9,82.6,166,0,3,3,63
Dominik Hasek,/players/h/hasekdo01.html,G,25,735,0,19,19,156.8,389,0,0,0,13
Jim Henry,/players/h/henryji01.html,G,60,405,0,0,0,57.9,161,0,0,0,21
Hec Highton,/players/h/highthe01.html,G,24,24,0,0,0,3.3,10,0,0,0,10
Cristobal Huet,/players/h/huetcr01.html,G,89,272,0,3,3,48.2,129,0,0,0,46
Carter Hutton,/players/h/huttoca01.html,G,1,188,0,4,4,28.9,81,0,0,0,0
Doug Jackson,/players/j/jacksdo01.html,G,6,6,0,0,0,-1.4,1,0,0,0,1
Bob Janecyk,/players/j/janecbo01.html,G,8,111,0,4,4,15.7,44,0,0,0,2
Eddie Johnston,/players/j/johnsed01.html,G,4,592,0,10,10,81.2,236,0,0,0,1
Patrick Lalime,/players/l/lalimpa01.html,G,44,444,0,6,6,65.5,200,0,0,0,20
Marc Lamothe,/players/l/lamotma01.html,G,2,4,0,0,0,0.3,2,0,0,0,1
Michel Larocque,/players/l/larocmi02.html,G,3,3,0,0,0,0.0,0,0,0,0,0
Ray LeBlanc,/players/l/leblara01.html,G,1,1,0,0,0,0.2,1,0,0,0,1
Hugh Lehman,/players/l/lehmahu01.html,G,48,48,0,0,0,2.3,20,0,0,0,20
Michael Leighton,/players/l/leighmi01.html,G,43,110,0,4,4,14.5,37,0,2,2,8
Sam LoPresti,/players/l/lopresa01.html,G,74,74,0,0,0,10.1,30,0,0,0,30
Harry Lumley,/players/l/lumleha01.html,G,134,803,0,0,0,133.6,330,0,0,0,29
Jean Marois,/players/m/maroije01.html,G,2,3,0,0,0,-0.2,1,0,0,0,0
Bob Mason,/players/m/masonbo01.html,G,41,145,0,4,4,22.2,55,0,2,2,13
Gilles Meloche,/players/m/melocgi01.html,G,2,788,0,22,22,113.8,270,0,0,0,2
Greg Millen,/players/m/millegr01.html,G,13,604,0,18,18,84.6,215,0,1,1,5
Adam Munro,/players/m/munroad01.html,G,17,17,0,1,1,1.8,4,0,1,1,4
Antti Niemi,/players/n/niemian02.html,G,42,464,0,12,12,73.8,242,0,1,1,27
Jack Norris,/players/n/norrija01.html,G,10,58,0,0,0,3.8,20,0,0,0,3
Darren Pang,/players/p/pangda01.html,G,81,81,0,9,9,13.6,27,0,9,9,27
Steve Passmore,/players/p/passmst01.html,G,73,93,0,2,2,10.9,23,0,1,1,19
Marcel Pelletier,/players/p/pellema01.html,G,6,8,0,0,0,-0.3,1,0,0,0,1
Antti Raanta,/players/r/raantan01.html,G,39,153,0,3,3,26.8,73,0,1,1,20
Moe Roberts,/players/r/robermo01.html,G,1,10,0,0,0,-0.1,3,0,0,0,0
Bob Sauve,/players/s/sauvebo01.html,G,84,420,0,15,15,69.1,182,0,5,5,38
Kent Simpson,/players/s/simpske01.html,G,1,1,0,0,0,-0.1,0,0,0,0,0
Warren Skorodenski,/players/s/skorowa01.html,G,32,35,0,0,0,6.7,12,0,0,0,12
Gary Smith,/players/s/smithga01.html,G,51,531,0,7,7,69.8,174,0,0,0,24
Christian Soucy,/players/s/soucych01.html,G,1,1,0,0,0,0.0,0,0,0,0,0
Doug Stevenson,/players/s/stevedo01.html,G,4,8,0,0,0,0.5,2,0,0,0,2
Robbie Tallas,/players/t/tallaro01.html,G,12,99,0,0,0,9.8,28,0,0,0,2
Chris Terreri,/players/t/terrech01.html,G,28,406,0,13,13,57.4,151,0,1,1,12
Andrei Trefilov,/players/t/trefian01.html,G,7,54,0,0,0,7.6,12,0,0,0,1
Marty Turco,/players/t/turcoma01.html,G,29,543,0,22,22,83.9,275,0,0,0,11
Matt Underhill,/players/u/underma01.html,G,1,1,0,0,0,0.1,0,0,0,0,0
Mike Veisor,/players/v/veisomi01.html,G,62,139,0,3,3,16.0,41,0,2,2,20
Gilles Villemure,/players/v/villegi01.html,G,21,205,0,2,2,38.1,100,0,0,0,2
Jimmy Waite,/players/w/waiteji01.html,G,58,106,0,1,1,8.3,28,0,1,1,14
Cam Ward,/players/w/wardca01.html,G,33,701,1,12,13,113.8,334,0,1,1,16
Spencer Abbott,/players/a/abbotsp01.html,LW,1,2,0,0,0,-0.1,0,0,0,0,0
Sid Abel*,/players/a/abelsi01.html,C/LW,42,612,188,284,472,49.4,0,5,4,9,0
Craig Adams,/players/a/adamscr01.html,RW,71,951,55,105,160,1.9,0,4,8,12,0
Kevyn Adams,/players/a/adamske01.html,C,27,540,59,77,136,7.6,0,0,2,2,0
Stew Adams,/players/a/adamsst01.html,LW,85,93,9,26,35,2.5,0,9,24,33,0
Rudy Ahlin,/players/a/ahlinru01.html,LW,1,1,0,0,0,0.0,0,0,0,0,0
Johnathan Aitken,/players/a/aitkejo01.html,D,41,44,0,1,1,0.0,0,0,1,1,0
Nikita Alexeev,/players/a/alexeni01.html,RW,15,159,20,17,37,2.4,0,2,0,2,0
Jamie Allison,/players/a/allisja01.html,D,142,372,7,23,30,6.3,0,4,8,12,0
Alexander Andrievski,/players/a/andrial01.html,RW,1,1,0,0,0,0.0,0,0,0,0,0
Darrel Anholt,/players/a/anholda01.html,D,1,1,0,0,0,0.1,0,0,0,0,0
Al Arbour*,/players/a/arboual01.html,D,180,626,12,58,70,39.3,0,6,17,23,0
Ty Arbour,/players/a/arbouty01.html,LW,160,207,28,28,56,4.7,0,21,20,41,0
Michel Archambault,/players/a/archami01.html,LW,3,3,0,0,0,-0.2,0,0,0,0,0
Denis Arkhipov,/players/a/arkhide01.html,C,79,352,56,82,138,10.8,0,10,17,27,0
Frank Ashworth,/players/a/ashwofr01.html,C,18,18,5,4,9,0.5,0,5,4,9,0
Blair Atcheynum,/players/a/atchebl01.html,RW,66,196,27,33,60,3.4,0,6,9,15,0
Adrian Aucoin,/players/a/aucoiad01.html,D,92,1108,121,278,399,80.9,0,5,17,22,0
Pete Babando,/players/b/babanpe01.html,LW,148,351,86,73,159,13.8,0,34,38,72,0
Anton Babchuk,/players/b/babchan01.html,D,22,289,36,71,107,21.1,0,2,5,7,0
Ralph Backstrom,/players/b/backsra01.html,C,16,1032,278,361,639,54.8,0,6,3,9,0
Bob Bailey,/players/b/bailebo01.html,RW,28,149,15,21,36,1.2,0,3,6,9,0
Doug Baldwin,/players/b/baldwdo01.html,D,5,24,0,1,1,0.8,0,0,0,0,0
Steve Bancroft,/players/b/bancrst01.html,D,1,6,0,1,1,0.0,0,0,0,0,0
Michal Barinka,/players/b/barinmi01.html,D,34,34,0,2,2,-0.2,0,0,2,2,0
Doug Barkley,/players/b/barkldo01.html,D,6,253,24,80,104,23.3,0,0,0,0,0
Matthew Barnaby,/players/b/barnama01.html,RW,82,834,113,187,300,22.9,0,8,20,28,0
Milan Bartovic,/players/b/bartomi01.html,RW,24,50,3,14,17,1.3,0,1,6,7,0
Bob Bassen,/players/b/bassebo01.html,C,55,765,88,144,232,6.3,0,5,13,18,0
Nolan Baumgartner,/players/b/baumgno01.html,D,8,143,7,40,47,8.4,0,0,0,0,0
Kyle Baun,/players/b/baunky01.html,RW,5,5,0,0,0,-0.2,0,0,0,0,0
James Bedard,/players/b/bedarja01.html,D,22,22,1,1,2,0.3,0,1,1,2,0
Adam Bennett,/players/b/bennead01.html,D,21,69,3,8,11,2.8,0,0,2,2,0
Reg Bentley,/players/b/bentlre01.html,LW,11,11,1,2,3,-0.1,0,1,2,3,0
Bryan Berard,/players/b/berarbr01.html,D,58,619,76,247,323,45.4,0,13,34,47,0
Sergei Berezin,/players/b/berezse01.html,LW,66,502,160,126,286,33.0,0,18,13,31,0
Adam Berti,/players/b/bertiad01.html,LW,2,2,0,0,0,0.0,0,0,0,0,0
Phil Besler,/players/b/besleph01.html,RW,17,30,1,4,5,-0.4,0,1,2,3,0
Radim Bicanek,/players/b/bicanra01.html,D,18,122,1,11,12,3.4,0,0,3,3,0
James Black,/players/b/blackja01.html,LW,129,352,58,57,115,8.6,0,25,19,44,0
Steve Black,/players/b/blackst01.html,LW,39,113,11,20,31,0.7,0,4,6,10,0
Hank Blade,/players/b/bladeha01.html,LW,24,24,2,3,5,-0.4,0,2,3,5,0
Andy Blair,/players/b/blairan01.html,C,44,405,74,87,161,19.9,0,0,3,3,0
Russ Blinco,/players/b/blincru01.html,C,48,265,59,66,125,14.1,0,3,12,15,0
Mike Blunden,/players/b/blundmi01.html,RW,10,127,7,6,13,0.1,0,0,0,0,0
Brandon Bochenski,/players/b/bochebr01.html,RW,30,156,28,40,68,6.7,0,4,2,6,0
Brandon Bollig,/players/b/bollibr01.html,LW,125,241,10,13,23,-1.5,0,7,7,14,0
Peter Bondra,/players/b/bondrpe01.html,RW,37,1081,503,389,892,104.3,0,5,9,14,0
Dennis Bonvie,/players/b/bonvide01.html,RW,11,92,1,2,3,-0.7,0,0,0,0,0
Christian Bordeleau,/players/b/bordech01.html,C,25,205,38,65,103,7.2,0,6,8,14,0
Helge Bostrom,/players/b/bostrhe01.html,D,96,96,3,3,6,7.6,0,3,3,6,0
Georges Boucher*,/players/b/bouchge01.html,D,43,450,118,87,205,77.5,0,1,5,6,0
Bruce Boudreau,/players/b/boudrbr01.html,C,7,141,28,42,70,3.5,0,1,0,1,0
Andre Boudrias,/players/b/boudran01.html,LW,20,662,151,340,491,35.6,0,4,10,14,0
Lance Bouma,/players/b/boumala01.html,C,53,357,30,46,76,4.3,0,3,6,9,0
Rene Bourque,/players/b/bourqre01.html,RW,183,725,163,153,316,30.4,0,33,42,75,0
Kirk Bowman,/players/b/bowmaki01.html,LW,88,88,11,17,28,0.9,0,11,17,28,0
Randy Boyd,/players/b/boydra01.html,D,26,257,20,67,87,13.4,0,0,4,4,0
Wally Boyer,/players/b/boyerwa01.html,C,42,365,54,105,159,9.6,0,5,6,11,0
Nick Boynton,/players/b/boyntni01.html,D,48,605,34,110,144,30.0,0,1,8,9,0
Russ Brayshaw,/players/b/braysru01.html,LW,43,43,5,9,14,-0.1,0,5,9,14,0
John Brenneman,/players/b/brennjo01.html,LW,17,152,21,19,40,0.8,0,1,0,1,0
Tim Brent,/players/b/brentti01.html,C,2,207,21,27,48,3.1,0,0,0,0,0
Joe Bretto,/players/b/brettjo01.html,D,3,3,0,0,0,0.1,0,0,0,0,0
Milt Brink,/players/b/brinkmi01.html,C,5,5,0,0,0,-0.2,0,0,0,0,0
Sheldon Brookbank,/players/b/brooksh01.html,D,74,351,7,37,44,11.5,0,3,5,8,0
Evan Brophey,/players/b/brophev01.html,C,1,4,0,0,0,0.0,0,0,0,0,0
Brad Brown,/players/b/brownbr01.html,D,118,330,2,27,29,6.0,0,1,16,17,0
Curtis Brown,/players/b/browncu01.html,C/LW,71,736,129,171,300,28.9,0,5,10,15,0
Mike Brown,/players/b/brownmi01.html,LW,2,34,1,2,3,0.2,0,0,1,1,0
Rob Brown,/players/b/brownro01.html,RW,40,543,190,248,438,35.5,0,6,17,23,0
Cecil Browne,/players/b/brownce01.html,LW,13,13,2,0,2,-0.1,0,2,0,2,0
Andrew Brunette,/players/b/brunean01.html,LW,78,1110,268,465,733,73.4,0,12,15,27,0
Glenn Brydson,/players/b/brydsgl01.html,RW,70,299,54,79,133,13.5,0,14,13,27,0
Mike Buchanan,/players/b/buchami01.html,D,1,1,0,0,0,0.0,0,0,0,0,0
Billy Burch*,/players/b/burchbi01.html,C/LW,22,390,136,60,196,40.2,0,2,0,2,0
Adam Burish,/players/b/burisad01.html,RW,169,378,27,33,60,0.9,0,11,10,21,0
Marty Burke,/players/b/burkema01.html,D,150,503,18,48,66,43.0,0,3,8,11,0
Bobby Burns,/players/b/burnsbo01.html,LW,20,20,1,0,1,-0.7,0,1,0,1,0
Rod Buskas,/players/b/buskaro01.html,D,46,556,19,63,82,19.8,0,0,4,4,0
Dick Butler,/players/b/butledi01.html,RW,7,7,2,0,2,0.1,0,2,0,2,0
Gord Buttrey,/players/b/buttrgo01.html,W,10,10,0,0,0,-0.3,0,0,0,0,0
Shawn Byram,/players/b/byramsh01.html,LW,1,5,0,0,0,-0.2,0,0,0,0,0
Terry Caffery,/players/c/caffete01.html,C,6,14,0,0,0,-0.4,0,0,0,0,0
Drake Caggiula,/players/c/caggidr01.html,LW,26,182,32,29,61,4.8,0,5,7,12,0
James Camazzola,/players/c/camazja01.html,LW,3,3,0,0,0,-0.1,0,0,0,0,0
Bryan Campbell,/players/c/campbbr01.html,C,168,261,35,71,106,4.9,0,23,51,74,0
Don Campbell,/players/c/campbdo01.html,LW,17,17,1,3,4,-0.2,0,1,3,4,0
Jim Campbell,/players/c/campbji01.html,RW,9,285,61,75,136,12.5,0,1,1,2,0
Chris Campoli,/players/c/campoch01.html,D,19,440,35,111,146,24.8,0,1,6,7,0
Leo Carbol,/players/c/carbole01.html,D,6,6,0,1,1,0.4,0,0,1,1,0
Daniel Carcillo,/players/c/carcida01.html,LW,90,429,48,52,100,7.6,0,8,14,22,0
Matt Carey,/players/c/careyma01.html,LW,2,2,1,0,1,0.1,0,1,0,1,0
Bill Carse,/players/c/carsebi01.html,C,123,124,27,40,67,5.7,0,27,39,66,0
Bob Carse,/players/c/carsebo01.html,LW,144,166,33,54,87,4.9,0,30,51,81,0
Bruce Cassidy,/players/c/cassibr01.html,D,36,36,4,13,17,1.9,0,4,13,17,0
John Chad,/players/c/chadjo01.html,RW,80,80,15,22,37,2.7,0,15,22,37,0
Vladimir Chebaturkin,/players/c/chebavl01.html,D,13,62,2,7,9,2.7,0,0,2,2,0
Lude Check*,/players/c/checklu01.html,LW,26,27,6,2,8,0.1,0,6,2,8,0
Dave Christian,/players/c/chrisda01.html,RW,69,1009,340,433,773,54.4,0,4,17,21,0
Dave Chyzowski,/players/c/chyzoda01.html,LW,8,126,15,16,31,-0.4,0,0,0,0,0
Enrico Ciccone,/players/c/ciccoen01.html,D,78,374,10,18,28,14.1,0,2,3,5,0
Hank Ciesla,/players/c/cieslha01.html,C,140,271,26,51,77,1.3,0,18,31,49,0
Wendel Clark,/players/c/clarkwe01.html,LW/D,13,793,330,234,564,51.5,0,2,0,2,0
Dan Cleary,/players/c/clearda01.html,RW,41,938,165,222,387,35.1,0,4,5,9,0
Adam Clendening,/players/c/clendad01.html,D,4,90,4,20,24,5.1,0,1,1,2,0
Sylvain Cloutier,/players/c/cloutsy01.html,C,7,7,0,0,0,-0.1,0,0,0,0,0
Glen Cochrane,/players/c/cochrgl01.html,D,79,411,17,72,89,21.8,0,1,8,9,0
Paul Coffey*,/players/c/coffepa01.html,D,10,1409,396,1135,1531,185.7,0,0,4,4,0
Hugh Coflin,/players/c/coflihu01.html,D,31,31,0,3,3,0.1,0,0,3,3,0
Danton Cole,/players/c/coleda01.html,C/RW,2,318,58,60,118,6.6,0,0,0,0,0
Jim Conacher,/players/c/conacji01.html,C,178,328,85,117,202,17.2,0,49,71,120,0
Lionel Conacher*,/players/c/conacli01.html,D,48,498,78,108,186,65.5,0,9,14,23,0
Pete Conacher,/players/c/conacpe01.html,LW,131,229,47,39,86,6.5,0,26,20,46,0
Rob Conn,/players/c/connro01.html,W,2,30,2,5,7,-0.2,0,0,0,0,0
Bert Connelly,/players/c/connebe01.html,LW,15,87,13,15,28,1.8,0,1,2,3,0
Carl Corazzini,/players/c/corazca01.html,C,7,19,2,1,3,0.3,0,0,1,1,0
Norm Corcoran,/players/c/corcono01.html,C/RW,23,29,1,3,4,-0.5,0,1,3,4,0
Murray Costello*,/players/c/costemu01.html,C,40,163,13,19,32,-0.5,0,3,2,5,0
Sylvain Cote,/players/c/cotesy01.html,D,45,1171,122,313,435,86.6,0,6,18,24,0
Art Coulter*,/players/c/coultar01.html,D,170,458,31,82,113,46.1,0,13,14,27,0
Thomas Coulter,/players/c/coultto01.html,D,2,2,0,0,0,-0.1,0,0,0,0,0
Gerry Couture,/players/c/coutuge01.html,RW,110,385,86,70,156,14.4,0,25,23,48,0
Murray Craven,/players/c/cravemu01.html,LW,157,1071,266,493,759,55.8,0,30,59,89,0
Dave Creighton,/players/c/creigda01.html,C,49,616,140,174,314,27.9,0,7,7,14,0
Doug Crossman,/players/c/crossdo01.html,D,159,914,105,359,464,67.4,0,25,70,95,0
Mark Cullen,/players/c/cullema02.html,C,29,38,7,10,17,1.8,0,7,9,16,0
Jassen Cullimore,/players/c/cullija01.html,D,155,812,26,85,111,27.1,0,2,20,22,0
Kyle Cumiskey,/players/c/cumisky01.html,D,7,139,9,26,35,5.7,0,0,0,0,0
Randy Cunneyworth,/players/c/cunnera01.html,LW,16,866,189,225,414,23.7,0,4,3,7,0
Les Cunningham,/players/c/cunnile01.html,C,37,60,7,19,26,1.6,0,6,11,17,0
Ian Cushenan,/players/c/cusheia01.html,D,72,129,3,11,14,6.8,0,2,8,10,0
Denis Cyr,/players/c/cyrde01.html,RW,87,193,41,43,84,3.6,0,19,21,40,0
Klas Dahlbeck,/players/d/dahlbkl01.html,D,4,170,6,17,23,3.3,0,1,0,1,0
Ulf Dahlen,/players/d/dahleul01.html,LW,30,966,301,354,655,58.2,0,6,8,14,0
Carl Dahlstrom,/players/d/dahlsca01.html,D,49,49,0,9,9,1.8,0,0,9,9,0
Trevor Daley,/players/d/daleytr01.html,D,29,1015,89,213,302,62.2,0,0,6,6,0
Phillip Danault,/players/d/danauph01.html,LW,32,268,37,91,128,10.9,0,1,4,5,0
Marko Dano,/players/d/danoma01.html,C,13,138,19,26,45,4.5,0,1,1,2,0
Brandon Davidson,/players/d/davidbr01.html,D,10,162,9,14,23,4.6,0,0,1,1,0
Lorne Davis,/players/d/davislo01.html,RW,8,95,8,12,20,0.4,0,0,0,0,0
Billy Dea,/players/d/deabi01.html,LW,34,397,67,54,121,4.9,0,5,8,13,0
Kevin Dean,/players/d/deanke01.html,D,96,331,7,48,55,16.3,0,2,19,21,0
Alex DeBrincat,/players/d/debrial01.html,RW,164,164,69,59,128,15.3,0,69,59,128,0
Louie DeBrusk,/players/d/debrulo01.html,LW,4,401,24,17,41,-3.8,0,0,0,0,0
Ab DeMarco,/players/d/demarab01.html,C,20,210,72,95,167,12.3,0,1,5,6,0
Nathan Dempsey,/players/d/dempsna01.html,D,125,260,21,67,88,15.2,0,13,40,53,0
Corb Denneny,/players/d/denneco01.html,C,18,176,102,42,144,15.8,0,5,0,5,0
Joffre Desilets,/players/d/desiljo01.html,RW,74,192,37,45,82,7.2,0,17,20,37,0
Andrew Desjardins,/players/d/desjaan01.html,C,136,408,23,41,64,1.2,0,8,8,16,0
Vic Desjardins,/players/d/desjavi01.html,C,39,87,6,15,21,0.7,0,3,12,15,0
Harry Dick,/players/d/dickha01.html,D,12,12,0,1,1,0.1,0,0,1,1,0
Gerald Diduck,/players/d/diducge01.html,D,13,932,56,156,212,51.7,0,1,0,1,0
Don Dietrich,/players/d/dietrdo01.html,D,17,28,0,7,7,0.9,0,0,5,5,0
Bill Dineen,/players/d/dineebi01.html,RW,41,323,51,44,95,7.3,0,4,9,13,0
Robert Dirk,/players/d/dirkro01.html,D,6,402,13,29,42,18.4,0,0,0,0,0
Gary Donaldson,/players/d/donalga01.html,RW,1,1,0,0,0,0.0,0,0,0,0,0
Dave Donnelly,/players/d/donneda01.html,C,71,137,15,24,39,0.3,0,6,12,18,0
Ken Doraty,/players/d/doratke01.html,F,18,103,15,26,41,3.3,0,0,0,0,0
Jim Dowd,/players/d/dowdji01.html,C,60,728,71,168,239,15.9,0,3,12,15,0
Jake Dowell,/players/d/dowelja01.html,C,102,157,11,22,33,2.0,0,9,17,26,0
Aaron Downey,/players/d/downeaa01.html,RW,39,243,8,10,18,0.5,0,1,0,1,0
Mario Doyon,/players/d/doyonma01.html,D,7,28,3,4,7,1.2,0,1,1,2,0
Ivan Droppa,/players/d/droppiv01.html,D,19,19,0,1,1,1.0,0,0,1,1,0
Anthony Duclair,/players/d/duclaan01.html,LW,23,287,56,66,122,12.9,0,2,6,8,0
Duke Dukowski,/players/d/dukowdu01.html,D,103,200,16,30,46,0.7,0,11,15,26,0
J.P. Dumont,/players/d/dumonjp01.html,RW,72,822,214,309,523,56.6,0,19,14,33,0
Babe Dye*,/players/d/dyeba01.html,RW,52,272,203,50,253,46.6,0,25,5,30,0
Karl Dykhuis,/players/d/dykhuka01.html,D,18,644,42,91,133,34.8,0,1,8,9,0
Jack Dyte,/players/d/dyteja01.html,D,27,27,1,0,1,1.8,0,1,0,1,0
Ben Eager,/players/e/eagerbe01.html,LW,144,407,43,42,85,6.9,0,18,15,33,0
Mike Eagles,/players/e/eaglemi01.html,C/LW,70,853,74,122,196,-2.1,0,6,13,19,0
Mike Eastwood,/players/e/eastwmi01.html,C,53,783,87,149,236,11.6,0,2,10,12,0
Andrew Ebbett,/players/e/ebbetan01.html,C,10,224,26,45,71,5.8,0,1,0,1,0
Christian Ehrhoff,/players/e/ehrhoch01.html,D,8,789,74,265,339,67.7,0,0,2,2,0
Victor Ejdsell,/players/e/ejdsevi01.html,C,6,6,0,1,1,-0.1,0,0,1,1,0
Matt Ellison,/players/e/ellisma02.html,RW,36,43,3,11,14,0.5,0,3,10,13,0
Nelson Emerson,/players/e/emersne01.html,RW,27,771,195,293,488,37.4,0,4,10,14,0
Aut Erickson,/players/e/erickau01.html,D,34,226,7,24,31,10.6,0,0,1,1,0
Anders Eriksson,/players/e/eriksan01.html,D,97,572,22,154,176,36.6,0,5,36,41,0
Tim Erixon,/players/e/erixoti01.html,D,8,93,2,12,14,2.9,0,0,0,0,0
Walt Farrant,/players/f/farrawa01.html,RW,1,1,0,0,0,0.0,0,0,0,0,0
Gordie Fashoway,/players/f/fashogo01.html,LW,13,13,3,2,5,0.3,0,3,2,5,0
Dave Feamster,/players/f/feamsda01.html,D,169,169,13,24,37,8.9,0,13,24,37,0
Brian Felsner,/players/f/felsnbr01.html,LW,12,12,1,3,4,0.2,0,1,3,4,0
Lorne Ferguson,/players/f/fergulo01.html,LW,104,422,82,80,162,12.8,0,13,19,32,0
Mike Fidler,/players/f/fidlemi01.html,LW,4,271,84,97,181,12.6,0,2,1,3,0
Wilf Field,/players/f/fieldwi01.html,D,37,220,17,25,42,10.5,0,3,4,7,0
Guyle Fielder,/players/f/fieldgu01.html,C,3,9,0,0,0,-0.3,0,0,0,0,0
Sid Finney,/players/f/finnesi01.html,C,59,59,10,7,17,0.7,0,10,7,17,0
Tom Fitzgerald,/players/f/fitzgto01.html,RW,15,1097,139,190,329,15.3,0,1,3,4,0
Tomas Fleischmann,/players/f/fleisto01.html,LW,19,657,137,198,335,32.1,0,4,1,5,0
Theoren Fleury,/players/f/fleurth01.html,RW,54,1084,455,633,1088,110.3,0,12,21,33,0
Rick Foley,/players/f/foleyri01.html,D,2,67,11,26,37,5.6,0,0,1,1,0
Gustav Forsling,/players/f/forslgu02.html,D,122,122,8,19,27,4.3,0,8,19,27,0
Alexandre Fortin,/players/f/fortial01.html,LW,24,24,3,3,6,0.2,0,3,3,6,0
Tom Fowler,/players/f/fowleto01.html,C,24,24,0,1,1,-1.0,0,0,1,1,0
Cody Franson,/players/f/fransco01.html,D,23,550,43,169,212,37.0,0,1,6,7,0
Colin Fraser,/players/f/fraseco01.html,C,157,359,20,38,58,1.9,0,13,23,36,0
Gord Fraser,/players/f/frasego01.html,D,54,144,24,12,36,13.7,0,15,7,22,0
Harvey Fraser,/players/f/fraseha01.html,C,21,21,5,4,9,0.4,0,5,4,9,0
Dan Frawley,/players/f/frawlda01.html,RW,33,273,37,40,77,0.2,0,4,3,7,0
Len Frig,/players/f/frigle01.html,D,66,311,13,51,64,16.1,0,4,10,14,0
Michael Frolik,/players/f/frolimi01.html,LW,136,793,153,217,370,36.0,0,11,23,34,0
Germain Gagnon,/players/g/gagnoge01.html,LW,99,259,40,101,141,7.9,0,19,49,68,0
Dick Gamble,/players/g/gambldi01.html,LW,14,195,41,41,82,7.8,0,2,0,2,0
Ryan Garbutt,/players/g/garbury01.html,C,43,305,39,48,87,7.4,0,2,4,6,0
Herb Gardiner*,/players/g/gardihe01.html,D,4,100,10,10,20,15.5,0,0,0,0,0
Cal Gardner,/players/g/gardnca01.html,C,70,696,154,238,392,36.8,0,11,24,35,0
Daniel Gauthier,/players/g/gauthda01.html,LW,5,5,0,0,0,-0.1,0,0,0,0,0
Martin Gendron,/players/g/gendrma01.html,RW,2,30,4,2,6,0.1,0,0,0,0,0
Dennis Gilbert,/players/g/gilbede01.html,D,1,1,0,0,0,0.0,0,0,0,0,0
Todd Gill,/players/g/gillto01.html,D,5,1007,82,272,354,58.5,0,0,1,1,0
Paul Gillis,/players/g/gillipa01.html,C,15,624,88,154,242,6.1,0,0,5,5,0
Doug Gilmour*,/players/g/gilmodo01.html,C,135,1474,450,964,1414,118.6,0,38,74,112,0
Fred Glover,/players/g/glovefr01.html,C,31,92,13,11,24,1.5,0,4,2,6,0
Howie Glover,/players/g/gloveho01.html,RW,13,144,29,17,46,2.1,0,0,1,1,0
Bob Goldham,/players/g/goldhbo01.html,D,165,650,28,143,171,51.8,0,5,29,34,0
Leroy Goldsworthy,/players/g/goldsle01.html,RW,31,336,66,57,123,11.9,0,3,3,6,0
Gerry Goyer,/players/g/goyerge01.html,C,40,40,1,2,3,-1.6,0,1,2,3,0
Bob Gracie,/players/g/gracibo01.html,C/LW,30,380,82,110,192,20.5,0,4,7,11,0
Ted Graham,/players/g/grahate01.html,D,183,347,14,26,40,25.6,0,5,20,25,0
Brent Grieve,/players/g/grievbr01.html,LW,52,97,20,16,36,2.7,0,3,9,12,0
George Grigor,/players/g/grigoge01.html,C,2,2,1,0,1,0.1,0,1,0,1,0
Stu Grimson,/players/g/grimsst01.html,LW,167,729,17,22,39,-10.0,0,3,4,7,0
Tuomas Gronman,/players/g/gronmtu01.html,D,16,38,1,3,4,1.7,0,0,1,1,0
Michal Grosek,/players/g/grosemi01.html,LW,14,526,84,137,221,19.7,0,2,4,6,0
Don Grosso,/players/g/grossdo01.html,LW/C,68,335,87,117,204,14.1,0,16,16,32,0
Erik Gustafsson,/players/g/gustaer02.html,D,155,155,22,68,90,13.6,0,22,68,90,0
Murray Hall,/players/h/hallmu01.html,RW,25,164,35,48,83,4.6,0,2,0,2,0
Jeff Hamilton,/players/h/hamilje01.html,C,70,157,32,45,77,7.6,0,18,21,39,0
Reg Hamilton,/players/h/hamilre01.html,D,58,425,21,87,108,35.5,0,1,10,11,0
Michal Handzus,/players/h/handzmi01.html,C,78,1009,185,298,483,43.2,0,8,22,30,0
Casey Hankinson,/players/h/hankica01.html,LW,14,18,0,1,1,-0.3,0,0,1,1,0
Oscar Hanson,/players/h/hansoos01.html,C,8,8,0,0,0,-0.3,0,0,0,0,0
John Harms,/players/h/harmsjo01.html,RW,44,44,5,5,10,-0.4,0,5,5,10,0
Jim Harrison,/players/h/harriji01.html,C,107,324,67,86,153,9.2,0,24,36,60,0
Ryan Hartman,/players/h/hartmry01.html,RW,141,245,42,47,89,8.9,0,27,30,57,0
Bob Hassard,/players/h/hassabo01.html,C,17,126,9,28,37,1.6,0,0,0,0,0
Martin Havlat,/players/h/havlama01.html,RW,172,790,242,352,594,70.6,0,64,97,161,0
George Hay*,/players/h/hayge01.html,LW,35,240,74,62,136,28.0,0,14,10,24,0
John Hayden,/players/h/haydejo01.html,C,113,113,8,14,22,0.6,0,8,14,22,0
Jimmy Hayes,/players/h/hayesji01.html,RW,43,334,54,55,109,10.1,0,6,7,13,0
Sami Helenius,/players/h/helensa01.html,D,10,155,2,4,6,2.0,0,0,1,1,0
Matt Henderson,/players/h/hendema01.html,RW,4,6,0,1,1,0.0,0,0,1,1,0
Jordan Hendry,/players/h/hendrjo02.html,D,129,131,4,9,13,3.3,0,4,9,13,0
Burke Henry,/players/h/henrybu01.html,D,39,39,2,6,8,0.8,0,2,6,8,0
Camille Henry,/players/h/henryca01.html,C,22,727,279,249,528,55.3,0,5,3,8,0
Phil Hergesheimer,/players/h/hergeph01.html,RW,122,125,21,41,62,4.1,0,21,41,62,0
Wally Hergesheimer,/players/h/hergewa01.html,RW,41,351,114,85,199,22.8,0,2,8,10,0
Chris Herperger,/players/h/herpech01.html,C,70,169,18,25,43,2.7,0,10,15,25,0
Vic Heyliger,/players/h/heylivi01.html,C,33,33,2,3,5,-0.7,0,2,3,5,0
Doug Hicks,/players/h/hicksdo01.html,D,57,561,37,131,168,28.7,0,2,15,17,0
Wayne Hicks,/players/h/hickswa01.html,RW,1,115,13,23,36,0.3,0,0,0,0,0
Matthew Highmore,/players/h/highmma01.html,LW,13,13,2,0,2,0.0,0,2,0,2,0
Andy Hilbert,/players/h/hilbean01.html,C/LW,28,307,42,62,104,8.4,0,5,4,9,0
Ike Hildebrand,/players/h/hildeik01.html,RW,9,41,7,11,18,1.6,0,1,1,2,0
Blake Hillman,/players/h/hillmbl01.html,D,4,4,1,0,1,0.2,0,1,0,1,0
Wayne Hillman,/players/h/hillmwa01.html,D,164,691,18,86,104,37.3,0,4,12,16,0
Vinnie Hinostroza,/players/h/hinosvi01.html,C,106,178,29,49,78,7.4,0,13,26,39,0
Dan Hinton,/players/h/hintoda01.html,LW,14,14,0,0,0,-0.5,0,0,0,0,0
Ken Hodge,/players/h/hodgeke01.html,RW,132,880,328,472,800,75.8,0,16,42,58,0
Val Hoffinger,/players/h/hoffiva01.html,D,28,28,0,1,1,-0.4,0,0,1,1,0
Bob Hoffmeyer,/players/h/hoffmbo01.html,D,11,198,14,52,66,10.8,0,0,3,3,0
Gord Hollingworth,/players/h/holligo01.html,D,70,163,4,14,18,7.3,0,3,9,12,0
Lou Holmes,/players/h/holmelo01.html,C/LW,59,59,2,4,6,-1.2,0,2,4,6,0
Michael Holmqvist,/players/h/holmqmi01.html,C,135,156,18,17,35,0.9,0,16,17,33,0
Randy Holt,/players/h/holtra01.html,D,42,395,4,37,41,12.3,0,0,4,4,0
Tony Horacek,/players/h/horacto01.html,LW,38,154,10,19,29,-0.8,0,1,5,6,0
Pete Horeck,/players/h/horecpe01.html,LW,178,426,106,118,224,17.3,0,53,54,107,0
Bronco Horvath,/players/h/horvabr01.html,C,68,434,141,185,326,29.8,0,17,29,46,0
Phil Housley*,/players/h/houslph01.html,D,137,1495,338,894,1232,170.7,0,21,47,68,0
Tony Hrkac,/players/h/hrkacto01.html,C,18,758,132,239,371,25.7,0,1,2,3,0
Steve Hrymnak,/players/h/hrymnst01.html,D,18,18,2,1,3,0.7,0,2,1,3,0
Fred Hucul,/players/h/huculfr01.html,D,119,162,11,30,41,9.7,0,9,17,26,0
Ryan Huska,/players/h/huskary01.html,LW,1,1,0,0,0,0.0,0,0,0,0,0
Dave Hutchison,/players/h/hutchda01.html,D,163,584,19,97,116,33.7,0,7,32,39,0
Frank Ingram,/players/i/ingrafr01.html,RW,99,99,24,16,40,4.9,0,24,16,40,0
Ron Ingram,/players/i/ingraro01.html,D,45,114,5,15,20,5.3,0,1,6,7,0
Dick Irvin*,/players/i/irvindi01.html,C,95,95,29,23,52,11.2,0,29,23,52,0
Harold Jackson,/players/j/jacksha01.html,D,41,219,17,35,52,17.2,0,1,3,4,0
Jack Jackson,/players/j/jacksja01.html,D,48,48,2,5,7,0.7,0,2,5,7,0
Jeff Jackson,/players/j/jacksje01.html,LW,1,263,38,48,86,1.9,0,0,0,0,0
Lou Jankowski,/players/j/jankolo01.html,C/RW,108,131,19,18,37,1.5,0,18,15,33,0
Mark Janssens,/players/j/janssma01.html,C,124,711,40,73,113,-7.9,0,1,6,7,0
Roger Jenkins,/players/j/jenkiro01.html,RW/D,156,324,15,41,56,2.4,0,7,22,29,0
Magnus Johansson,/players/j/johanma01.html,D,18,45,0,14,14,1.7,0,0,4,4,0
Roger Johansson,/players/j/johanro01.html,D,11,161,9,34,43,10.0,0,1,0,1,0
Aaron Johnson,/players/j/johnsaa01.html,D,38,291,17,45,62,13.3,0,3,5,8,0
Greg Johnson,/players/j/johnsgr02.html,C,69,785,145,224,369,26.7,0,11,22,33,0
Luke Johnson,/players/j/johnslu01.html,C,15,15,0,1,1,-0.5,0,0,1,1,0
Norm Johnson,/players/j/johnsno01.html,C,7,61,5,20,25,0.9,0,1,0,1,0
Ryan Johnson,/players/j/johnsry01.html,C,34,701,38,84,122,-0.9,0,1,5,6,0
Virgil Johnson,/players/j/johnsvi01.html,D,76,76,1,11,12,4.7,0,1,11,12,0
Kim Johnsson,/players/j/johnski01.html,D,8,739,67,217,284,58.8,0,1,2,3,0
George Johnston,/players/j/johnsge01.html,RW,58,58,20,12,32,2.1,0,20,12,32,0
Joey Johnston,/players/j/johnsjo01.html,LW,32,332,85,106,191,11.6,0,0,5,5,0
Henri Jokiharju,/players/j/jokihhe01.html,D,38,38,0,12,12,0.8,0,0,12,12,0
Ty Jones,/players/j/jonesty01.html,RW,8,14,0,0,0,-0.2,0,0,0,0,0
Tomas Jurco,/players/j/jurcoto01.html,RW,42,201,22,28,50,3.7,0,7,4,11,0
Ed Kachur,/players/k/kachued01.html,RW,96,96,10,14,24,0.2,0,10,14,24,0
Dominik Kahun,/players/k/kahundo01.html,C,82,82,13,24,37,3.1,0,13,24,37,0
David Kampf,/players/k/kampfda01.html,C,109,109,8,22,30,0.6,0,8,22,30,0
Alexander Karpovtsev,/players/k/karpoal01.html,D,182,596,34,154,188,38.2,0,7,39,46,0
Duke Keats*,/players/k/keatsdu01.html,C,36,82,29,19,48,11.0,0,14,9,23,0
Matt Keith,/players/k/keithma01.html,RW,24,27,2,3,5,-0.1,0,2,3,5,0
Bob Kelly,/players/k/kellybo01.html,LW,138,425,87,109,196,10.4,0,9,16,25,0
Pep Kelly,/players/k/kellype02.html,RW,51,289,74,53,127,14.7,0,18,7,25,0
Michal Kempny,/players/k/kempnmi01.html,D,81,174,11,32,43,10.1,0,3,12,15,0
Bill Kendall,/players/k/kendabi01.html,RW,117,138,16,11,27,1.0,0,14,7,21,0
Forbes Kennedy,/players/k/kennefo01.html,C,69,603,70,108,178,2.7,0,8,13,21,0
Ernest Kenny,/players/k/kennyer01.html,D,4,10,0,0,0,0.8,0,0,0,0,0
Tanner Kero,/players/k/kerota01.html,RW,72,72,8,14,22,2.2,0,8,14,22,0
Chad Kilger,/players/k/kilgech01.html,LW,86,714,107,111,218,15.3,0,17,19,36,0
Darin Kimble,/players/k/kimblda01.html,RW,79,311,23,20,43,-3.5,0,4,2,6,0
Kris King,/players/k/kingkr01.html,LW,13,849,66,85,151,-4.4,0,1,0,1,0
Jon Klemm,/players/k/klemmjo01.html,D,171,773,42,100,142,40.2,0,6,31,37,0
Sergei Klimovich,/players/k/klimose01.html,C,1,1,0,0,0,0.0,0,0,0,0,0
Ike Klingbeil,/players/k/klingik01.html,D,5,5,1,2,3,0.3,0,1,2,3,0
Rob Klinkhammer,/players/k/klinkro01.html,LW,1,193,22,21,43,3.8,0,0,0,0,0
David Koci,/players/k/kocida01.html,LW,27,142,3,1,4,-0.5,0,0,0,0,0
Slater Koekkoek,/players/k/koekksl01.html,D,22,107,6,13,19,3.5,0,1,4,5,0
Petri Kontiola,/players/k/kontipe01.html,C,12,12,0,5,5,0.4,0,0,5,5,0
Tomas Kopecky,/players/k/kopecto01.html,C,155,578,68,106,174,11.2,0,25,38,63,0
Igor Korolev,/players/k/korolig01.html,C,192,795,119,227,346,22.9,0,16,35,51,0
Mike Kostka,/players/k/kostkmi01.html,D,9,85,4,17,21,4.5,0,2,1,3,0
Igor Kravchuk,/players/k/kravcig01.html,D,56,699,64,210,274,48.2,0,7,17,24,0
Dave Kryskow,/players/k/kryskda01.html,LW,83,231,33,56,89,2.8,0,8,12,20,0
Ed Kryzanowski,/players/k/kryzaed01.html,D,5,237,15,22,37,14.2,0,0,0,0,0
Lasse Kukkonen,/players/k/kukkola01.html,D,64,159,6,16,22,5.7,0,5,10,15,0
Chris Kunitz,/players/k/kunitch01.html,LW,56,1022,268,351,619,74.0,0,5,5,10,0
Moe L'Abbe,/players/l/labbemo01.html,RW,5,5,0,1,1,-0.1,0,0,1,1,0
Andre Lacroix,/players/l/lacroan01.html,C,51,325,79,119,198,15.1,0,4,7,11,0
Christian Laflamme,/players/l/laflach01.html,D,138,324,2,45,47,11.0,0,2,23,25,0
Leo Lafrance,/players/l/lafrale01.html,LW,15,34,2,0,2,-0.9,0,1,0,1,0
Quintin Laing,/players/l/laingqu01.html,LW,3,79,3,8,11,0.1,0,0,1,1,0
Hec Lalande,/players/l/lalanhe01.html,C,140,151,21,39,60,3.0,0,21,37,58,0
Shawn Lalonde,/players/l/lalonsh01.html,D,1,1,0,0,0,0.1,0,0,0,0,0
Robert Lang,/players/l/langro01.html,C,76,989,261,442,703,70.3,0,21,33,54,0
Rick Lanz,/players/l/lanzri01.html,D,1,569,65,221,286,37.4,0,0,0,0,0
Benjamin LaPrairie,/players/l/laprabe01.html,D,7,7,0,0,0,0.2,0,0,0,0,0
Jeff Larmer,/players/l/larmeje01.html,LW,45,158,37,51,88,4.7,0,9,13,22,0
Wildor Larochelle,/players/l/larocwi01.html,RW,70,475,92,75,167,17.2,0,11,12,23,0
Brad Lauer,/players/l/lauerbr01.html,LW,13,323,44,67,111,3.0,0,0,1,1,0
Mark LaVarre,/players/l/lavarma01.html,RW,78,78,9,16,25,0.4,0,9,16,25,0
Drew LeBlanc,/players/l/lebladr01.html,C,2,2,0,0,0,-0.2,0,0,0,0,0
J.P. LeBlanc,/players/l/leblajp01.html,C,6,153,14,30,44,0.3,0,1,2,3,0
Doug Lecuyer,/players/l/lecuydo01.html,LW,69,126,11,31,42,-0.2,0,4,10,14,0
Walt Ledingham,/players/l/ledinwa01.html,LW,9,15,0,2,2,-0.4,0,0,1,1,0
Edward Leier,/players/l/leiered01.html,C,16,16,2,1,3,-0.1,0,2,1,3,0
Sami Lepisto,/players/l/lepissa01.html,D,26,176,6,29,35,8.9,0,1,2,3,0
Art Lesieur,/players/l/lesiear01.html,D,3,100,4,2,6,6.5,0,0,0,0,0
Jack Leswick,/players/l/leswija01.html,C,37,37,1,7,8,0.2,0,1,7,8,0
Tony Leswick,/players/l/leswito01.html,W,70,740,165,159,324,29.0,0,11,11,22,0
Danny Lewicki,/players/l/lewicda01.html,LW,58,461,105,135,240,21.5,0,8,14,22,0
Norm Locking,/players/l/lockino01.html,LW/C,48,48,2,6,8,-0.1,0,2,6,8,0
Dave Logan,/players/l/loganda01.html,D,178,218,5,29,34,8.2,0,4,24,28,0
Clem Loughlin,/players/l/loughcl01.html,D,24,101,8,6,14,8.1,0,0,1,1,0
Reed Low,/players/l/lowre01.html,RW,6,256,3,16,19,-0.3,0,0,0,0,0
Gerry Lowrey,/players/l/lowrege01.html,LW,48,211,47,48,95,12.2,0,8,3,11,0
Len Lunde,/players/l/lundele01.html,C,84,321,39,83,122,4.8,0,10,29,39,0
Pat Lundy,/players/l/lundypa01.html,C,61,150,37,32,69,5.0,0,9,9,18,0
Vic Lynn,/players/l/lynnvi01.html,LW/D,40,327,49,76,125,20.5,0,1,10,11,0
Craig MacDonald,/players/m/macdocr01.html,LW,25,233,11,24,35,0.5,0,3,2,5,0
Dave MacKay,/players/m/mackada01.html,D,27,27,3,0,3,1.5,0,3,0,3,0
Mickey MacKay*,/players/m/mackami01.html,C,70,147,44,19,63,14.6,0,31,12,43,0
Bill MacKenzie,/players/m/mackebi01.html,D,102,233,11,10,21,13.7,0,2,3,5,0
Clarence MacKenzie,/players/m/mackecl01.html,RW,36,36,4,4,8,0.5,0,4,4,8,0
David Mackey,/players/m/mackeda01.html,LW,46,126,8,12,20,-1.8,0,2,5,7,0
Bob MacMillan,/players/m/macmibo01.html,RW,36,752,228,349,577,42.0,0,5,7,12,0
John Madden,/players/m/maddejo01.html,C,79,898,165,183,348,30.5,0,10,13,23,0
Darryl Maggs,/players/m/maggsda01.html,D,76,135,14,19,33,7.1,0,7,4,11,0
Wayne Maki,/players/m/makiwa01.html,LW,50,246,57,79,136,8.7,0,5,5,10,0
Dan Maloney,/players/m/malonda01.html,LW,131,737,192,259,451,32.3,0,25,31,56,0
Phil Maloney,/players/m/malonph01.html,C,46,159,28,43,71,5.0,0,8,6,14,0
Mike Maneluk,/players/m/manelmi01.html,LW,28,85,11,10,21,1.5,0,4,3,7,0
Brandon Manning,/players/m/mannibr01.html,D,27,246,13,34,47,8.7,0,1,2,3,0
Bryan Marchment,/players/m/marchbr02.html,D,149,926,40,142,182,47.4,0,11,29,40,0
Josef Marha,/players/m/marhajo01.html,C,118,159,21,32,53,3.6,0,12,20,32,0
Gilles Marotte,/players/m/marotgi01.html,D,192,808,56,265,321,53.2,0,10,63,73,0
Clare Martin,/players/m/marticl01.html,D,30,237,12,28,40,16.4,0,1,2,3,0
Andreas Martinsen,/players/m/martian01.html,LW,33,152,9,14,23,0.0,0,2,3,5,0
Brandon Mashinter,/players/m/mashibr01.html,LW,41,64,4,1,5,-0.3,0,4,1,5,0
Paul Masnick,/players/m/masnipa01.html,C,14,220,18,40,58,1.8,0,1,0,1,0
Charley Mason,/players/m/masonch01.html,RW,13,93,7,18,25,0.5,0,1,3,4,0
Joe Matte,/players/m/mattejo02.html,D,12,24,0,3,3,1.5,0,0,2,2,0
Stephane Matteau,/players/m/mattest01.html,LW,164,848,144,172,316,24.4,0,35,42,77,0
Jamal Mayers,/players/m/mayerja01.html,RW,100,915,90,129,219,11.0,0,6,11,17,0
Eddie Mazur,/players/m/mazured01.html,D/LW,15,107,8,20,28,1.1,0,0,1,1,0
Chris McAlpine,/players/m/mcalpch01.html,D,90,289,6,24,30,10.0,0,0,9,9,0
Dean McAmmond,/players/m/mcammde01.html,C,154,996,186,262,448,41.6,0,25,40,65,0
Jim McBurney,/players/m/mcburji01.html,LW,1,1,0,1,1,0.1,0,0,1,1,0
Bryan McCabe,/players/m/mccabbr01.html,D,79,1135,145,383,528,97.9,0,6,19,25,0
Doug McCaig,/players/m/mccaido01.html,D,171,263,8,21,29,9.3,0,3,12,15,0
Eddie McCalmon,/players/m/mccaled01.html,RW,23,39,5,0,5,-0.9,0,2,0,2,0
Steve McCarthy,/players/m/mccarst01.html,D,134,302,17,38,55,8.9,0,3,13,16,0
John McCormack,/players/m/mccorjo01.html,C,63,311,25,49,74,1.4,0,5,7,12,0
Jeff McDill,/players/m/mcdilje01.html,RW,1,1,0,0,0,0.0,0,0,0,0,0
Butch McDonald,/players/m/mcdonbu02.html,LW/C,26,66,8,20,28,0.9,0,6,13,19,0
Jim McFadden,/players/m/mcfadji01.html,C,159,412,100,126,226,22.6,0,36,48,84,0
Don McFadyen,/players/m/mcfaddo01.html,C/LW,176,176,12,34,46,2.3,0,12,34,46,0
Gord McFarlane,/players/m/mcfargo01.html,RW/D,2,2,0,0,0,0.0,0,0,0,0,0
Ryan McGill,/players/m/mcgilry01.html,D,9,151,4,15,19,5.0,0,0,2,2,0
Ray McKay,/players/m/mckayra01.html,D,28,140,2,16,18,3.8,0,0,1,1,0
Ian McKegney,/players/m/mckegia01.html,D,3,3,0,0,0,-0.4,0,0,0,0,0
Tony McKegney,/players/m/mckegto01.html,LW,9,912,320,319,639,45.3,0,0,1,1,0
John McKenzie,/players/m/mckenjo01.html,RW,128,692,206,268,474,41.2,0,20,23,43,0
Alex McKinnon,/players/m/mckinal01.html,RW,44,195,19,12,31,5.3,0,1,1,2,0
Brett McLean,/players/m/mcleabr01.html,C,78,385,56,106,162,12.0,0,11,20,31,0
Mike McMahon,/players/m/mcmahmi02.html,D,20,224,15,68,83,15.8,0,0,8,8,0
Tom McMurchy,/players/m/mcmurto01.html,RW,46,55,8,4,12,-0.2,0,4,3,7,0
Mark McNeill,/players/m/mcneima01.html,RW,1,2,0,0,0,-0.1,0,0,0,0,0
Mike McNeill,/players/m/mcneimi01.html,RW,23,63,5,11,16,0.0,0,2,2,4,0
Basil McRae,/players/m/mcraeba01.html,LW,8,576,53,83,136,-2.6,0,0,0,0,0
Charley McVeigh,/players/m/mcveich01.html,C/LW,84,395,84,89,173,20.2,0,18,12,30,0
Gerry Melnyk,/players/m/melnyge01.html,C,63,269,39,77,116,6.5,0,5,16,21,0
Hillary Menard,/players/m/menarhi01.html,LW,1,1,0,0,0,0.0,0,0,0,0,0
Howie Menard,/players/m/menarho01.html,C,19,151,23,42,65,4.2,0,2,3,5,0
Art Michaluk,/players/m/michaar01.html,D,5,5,0,0,0,0.1,0,0,0,0,0
John Michaluk,/players/m/michajo01.html,LW,1,1,0,0,0,0.0,0,0,0,0,0
Larry Mickey,/players/m/mickela01.html,RW,1,292,39,53,92,2.1,0,0,0,0,0
Earl Miller,/players/m/milleea01.html,LW,94,110,19,14,33,2.1,0,16,11,27,0
Jack Miller,/players/m/milleja01.html,C,17,17,0,0,0,-0.7,0,0,0,0,0
Kevin Miller,/players/m/milleke02.html,C,106,620,150,185,335,24.8,0,18,24,42,0
Kip Miller,/players/m/milleki01.html,C,10,449,74,165,239,19.2,0,1,4,5,0
Brad Mills,/players/m/millsbr01.html,C,3,34,1,1,2,-0.5,0,0,0,0,0
Craig Mills,/players/m/millscr01.html,RW,27,31,0,5,5,-0.2,0,0,3,3,0
John Miszuk,/players/m/miszujo01.html,D,5,237,7,39,46,14.5,0,1,1,2,0
Red Mitchell,/players/m/mitchre01.html,D,83,83,4,5,9,4.7,0,4,5,9,0
Travis Moen,/players/m/moentr01.html,LW,82,747,59,77,136,1.8,0,4,2,6,0
Steve Montador,/players/m/montast01.html,D,52,571,33,98,131,27.8,0,5,9,14,0
Amby Moran,/players/m/moranam01.html,D,23,35,1,1,2,0.8,0,1,1,2,0
Jay More,/players/m/moreja01.html,D,17,406,18,54,72,14.0,0,0,2,2,0
Howie Morenz*,/players/m/morenho01.html,C,72,550,271,205,476,100.8,0,12,36,48,0
Jason Morgan,/players/m/morgaja01.html,C,7,44,2,5,7,-0.2,0,1,1,2,0
Jeremy Morin,/players/m/morinje01.html,LW,54,82,10,12,22,2.4,0,8,8,16,0
Brendan Morrison,/players/m/morribr01.html,C,11,934,200,401,601,58.7,0,0,0,0,0
Don Morrison,/players/m/morrido01.html,C,59,112,18,28,46,2.6,0,8,12,20,0
Ken Mosdell,/players/m/mosdeke01.html,C,25,694,141,168,309,27.9,0,2,4,6,0
Tyler Motte,/players/m/mottety01.html,C,33,153,18,12,30,1.5,0,4,3,7,0
Bryan Muir,/players/m/muirbr01.html,D,64,279,16,37,53,9.1,0,3,7,10,0
Craig Muni,/players/m/municr01.html,D,18,819,28,119,147,42.9,0,0,4,4,0
Connor Murphy,/players/m/murphco02.html,D,128,386,20,56,76,15.0,0,7,20,27,0
Chris Murray,/players/m/murrach01.html,RW,4,242,16,18,34,-0.5,0,0,0,0,0
Dmitri Nabokov,/players/n/nabokdm01.html,C/LW,25,55,11,13,24,2.2,0,7,4,11,0
Alain Nasreddine,/players/n/nasreal01.html,D,7,74,1,4,5,2.2,0,0,0,0,0
Scott Nichol,/players/n/nichosc01.html,C,75,662,56,71,127,5.4,0,7,11,18,0
Bernie Nicholls,/players/n/nichobe01.html,C,107,1127,475,734,1209,96.8,0,41,70,111,0
Hickey Nicholson,/players/n/nichohi01.html,LW,2,2,1,0,1,0.1,0,1,0,1,0
Eric Nickulas,/players/n/nickuer01.html,RW,21,118,15,23,38,3.2,0,1,1,2,0
Ville Nieminen,/players/n/niemivi01.html,LW,60,385,48,69,117,8.4,0,2,11,13,0
Andrei Nikolishin,/players/n/nikolan01.html,C,60,628,93,187,280,21.6,0,6,15,21,0
Jacob Nilsson,/players/n/nilssja01.html,C,2,2,0,0,0,-0.1,0,0,0,0,0
Jonas Nordqvist,/players/n/nordqjo01.html,C,3,3,0,2,2,0.2,0,0,2,2,0
Joakim Nordstrom,/players/n/nordsjo02.html,C,54,352,27,34,61,1.5,0,1,5,6,0
Baldy Northcott,/players/n/northba01.html,D/LW,46,448,133,112,245,33.1,0,5,7,12,0
Gary Nylund,/players/n/nylunga01.html,D,179,608,32,139,171,23.8,0,14,37,51,0
Mike O'Connell,/players/o/oconnmi01.html,D,166,860,105,335,440,70.0,0,18,61,79,0
Sean O'Donnell,/players/o/odonnse01.html,D,51,1224,31,198,229,58.8,0,0,7,7,0
Danny O'Shea,/players/o/osheada01.html,C,66,369,64,115,179,10.1,0,10,16,26,0
Lyle Odelein,/players/o/odelely01.html,D,77,1056,50,202,252,60.4,0,7,6,13,0
Jordan Oesterle,/players/o/oestejo01.html,D,55,151,11,30,41,7.9,0,5,10,15,0
Brian Ogilvie,/players/o/ogilvbr01.html,C,12,90,15,21,36,1.1,0,1,2,3,0
Rostislav Olesz,/players/o/oleszro01.html,LW,6,365,57,77,134,9.8,0,0,0,0,0
Bert Olmstead*,/players/o/olmstbe01.html,LW,94,848,181,421,602,56.5,0,22,32,54,0
Dylan Olsen,/players/o/olsendy01.html,D,28,124,5,17,22,3.1,0,0,1,1,0
Bill Orban,/players/o/orbanbi01.html,C/LW,84,114,8,15,23,-1.7,0,7,8,15,0
Bobby Orr*,/players/o/orrbo01.html,D,26,657,270,645,915,150.9,0,6,21,27,0
Eddie Ouellette,/players/o/ouelled01.html,C,43,43,3,2,5,-0.3,0,3,2,5,0
Samuel Pahlsson,/players/p/pahlssa01.html,C,13,798,68,131,199,4.0,0,2,1,3,0
Pete Palangio,/players/p/palanpe01.html,LW,49,71,13,10,23,2.0,0,10,10,20,0
Michael Paliotta,/players/p/paliomi01.html,D,1,2,0,1,1,0.1,0,0,1,1,0
Rob Palmer,/players/p/palmero01.html,C,16,16,0,3,3,-0.1,0,0,3,3,0
Artemi Panarin,/players/p/panarar01.html,LW,162,322,116,204,320,38.3,0,61,90,151,0
Richard Panik,/players/p/panikri01.html,RW,149,410,75,84,159,16.1,0,34,34,68,0
Joe Papike,/players/p/papikjo01.html,RW,20,20,3,3,6,0.1,0,3,3,6,0
P.A. Parenteau,/players/p/parenpi01.html,LW,5,491,114,182,296,30.2,0,0,1,1,0
Kent Paynter,/players/p/payntke01.html,D,3,37,1,3,4,0.3,0,0,0,0,0
Perry Pelensky,/players/p/pelenpe01.html,RW,4,4,0,0,0,-0.1,0,0,0,0,0
Pascal Pelletier,/players/p/pellepa01.html,LW,7,16,0,0,0,-0.5,0,0,0,0,0
Mike Peluso,/players/p/pelusmi01.html,LW,118,458,38,52,90,-0.8,0,12,4,16,0
Mike Peluso,/players/p/pelusmi02.html,RW,37,38,4,2,6,0.3,0,4,2,6,0
Brendan Perlini,/players/p/perlibr01.html,LW,46,199,45,27,72,7.1,0,12,3,15,0
Yanic Perreault,/players/p/perreya01.html,C,53,859,247,269,516,54.9,0,9,5,14,0
Jimmy Peters,/players/p/peterji01.html,RW,186,574,125,150,275,24.7,0,43,46,89,0
Harold Phillipoff,/players/p/phillha01.html,LW,23,141,26,57,83,5.4,0,0,4,4,0
Gerry Pinder,/players/p/pindege01.html,LW,149,223,55,69,124,9.7,0,32,38,70,0
Brandon Pirri,/players/p/pirribr01.html,C,35,259,72,47,119,15.3,0,6,7,13,0
Fernando Pisani,/players/p/pisanfe01.html,RW,60,462,87,82,169,15.8,0,7,9,16,0
Derek Plante,/players/p/plantde01.html,C,17,450,96,152,248,21.4,0,1,1,2,0
Pierre Plante,/players/p/plantpi01.html,RW,77,599,125,172,297,16.9,0,10,18,28,0
Jim Playfair,/players/p/playfji01.html,D,19,21,2,4,6,1.5,0,1,3,4,0
Tony Poeta,/players/p/poetato01.html,RW,1,1,0,0,0,0.0,0,0,0,0,0
Bud Poile*,/players/p/poilebu01.html,RW,58,311,107,122,229,22.2,0,23,29,52,0
Jack Portland,/players/p/portlja01.html,D,26,388,15,56,71,29.7,0,1,4,5,0
Victor Posa,/players/p/posavi01.html,LW/D,2,2,0,0,0,-0.1,0,0,0,0,0
Ryan Potulny,/players/p/potulry01.html,C,3,126,22,27,49,4.0,0,0,0,0,0
Patrick Poulin,/players/p/poulipa01.html,C,141,634,101,134,235,15.7,0,34,36,70,0
Ray Powell,/players/p/powelra01.html,C,31,31,7,15,22,1.7,0,7,15,22,0
Geoff Powis,/players/p/powisge01.html,C,2,2,0,0,0,-0.1,0,0,0,0,0
Lynn Powis,/players/p/powisly01.html,C,57,130,19,33,52,1.4,0,8,13,21,0
Jack Price,/players/p/priceja01.html,D,57,57,4,6,10,1.6,0,4,6,10,0
Mike Prokopec,/players/p/prokomi01.html,RW,15,15,0,0,0,-0.6,0,0,0,0,0
Fido Purpur,/players/p/purpufi01.html,RW,119,144,25,35,60,1.2,0,24,33,57,0
Max Quackenbush,/players/q/quackma01.html,D,14,61,4,7,11,3.3,0,0,1,1,0
Deron Quint,/players/q/quintde01.html,D,51,463,46,97,143,21.8,0,4,7,11,0
Stephane Quintal,/players/q/quintst01.html,D,72,1037,63,180,243,50.5,0,1,18,19,0
Igor Radulov,/players/r/radulig01.html,LW,43,43,9,7,16,1.7,0,9,7,16,0
Rags Raglan,/players/r/raglara01.html,D,67,100,4,9,13,5.4,0,1,8,9,0
Les Ramsay,/players/r/ramsale01.html,LW,11,11,2,2,4,0.1,0,2,2,4,0
Dennis Rasmussen,/players/r/rasmude01.html,C,112,139,9,12,21,1.1,0,8,9,17,0
Joe Reekie,/players/r/reekijo01.html,D,17,902,25,139,164,53.9,0,0,2,2,0
Peter Regin,/players/r/reginpe01.html,C,21,243,23,44,67,4.9,0,2,3,5,0
Dutch Reibel,/players/r/reibedu01.html,C,40,409,84,161,245,24.5,0,4,12,16,0
Tom Reid,/players/r/reidto01.html,D,86,701,17,113,130,31.5,0,0,7,7,0
Leo Reise,/players/r/reisele02.html,D,23,494,28,81,109,37.3,0,0,0,0,0
Pascal Rheaume,/players/r/rheaupa01.html,C,19,318,39,52,91,6.6,0,0,2,2,0
Pat Ribble,/players/r/ribblpa01.html,D,35,349,19,60,79,17.0,0,2,5,7,0
Brad Richards,/players/r/richabr01.html,C,76,1126,298,634,932,92.8,0,12,25,37,0
Dave Richardson,/players/r/richada01.html,LW,3,45,3,2,5,-0.9,0,0,0,0,0
Danny Richmond,/players/r/richmda01.html,D,39,49,0,3,3,-0.1,0,0,2,2,0
Jim Riley,/players/r/rileyji01.html,LW,3,9,0,2,2,-0.1,0,0,0,0,0
Vic Ripley,/players/r/riplevi01.html,LW,174,280,51,49,100,11.9,0,41,24,65,0
Stephane Robidas,/players/r/robidst01.html,D,45,937,57,201,258,55.0,0,2,10,12,0
Florent Robidoux,/players/r/robidfl01.html,LW,52,52,7,4,11,-0.4,0,7,4,11,0
Doug Robinson,/players/r/robindo01.html,LW,40,240,44,67,111,6.6,0,2,9,11,0
Earl Robinson,/players/r/robinea01.html,RW/C,48,419,83,98,181,18.8,0,9,6,15,0
Eddie Rodden,/players/r/roddeed01.html,C,27,90,6,14,20,0.7,0,3,4,7,0
Larry Romanchych,/players/r/romanla01.html,RW,10,298,68,97,165,10.5,0,0,2,2,0
Remi Royer,/players/r/royerre01.html,D,18,18,0,0,0,-0.6,0,0,0,0,0
Mike Rucinski,/players/r/rucinmi01.html,C,1,1,0,0,0,0.0,0,0,0,0,0
David Rundblad,/players/r/rundbda01.html,D,63,113,4,21,25,4.0,0,3,13,16,0
Jan Rutta,/players/r/ruttaja02.html,D,80,94,8,20,28,5.2,0,8,18,26,0
Christian Ruuttu,/players/r/ruuttch01.html,C,158,621,134,298,432,28.9,0,28,62,90,0
Warren Rychel,/players/r/rychewa01.html,LW,2,406,38,39,77,-1.6,0,0,0,0,0
Tony Salmelainen,/players/s/salmeto01.html,LW,57,70,6,12,18,1.1,0,6,11,17,0
Sergei Samsonov,/players/s/samsose01.html,LW,23,888,235,336,571,61.0,0,0,4,4,0
Ed Sandford,/players/s/sandfed01.html,LW,56,503,106,145,251,23.0,0,12,9,21,0
Everett Sanipass,/players/s/sanipev01.html,LW,126,164,25,34,59,1.2,0,17,26,43,0
Fred Sasakamoose,/players/s/sasakfr01.html,C,11,11,0,0,0,-0.5,0,0,0,0,0
Jean Savard,/players/s/savarje01.html,C,42,43,7,12,19,1.2,0,7,12,19,0
Darin Sceviour,/players/s/scevida01.html,RW,1,1,0,0,0,0.0,0,0,0,0,0
Butch Schaeffer,/players/s/schaebu01.html,D,5,5,0,0,0,0.2,0,0,0,0,0
Nick Schmaltz,/players/s/schmani01.html,C,162,179,34,71,105,9.5,0,29,62,91,0
Bobby Schmautz,/players/s/schmabo01.html,RW,76,764,271,286,557,45.4,0,12,9,21,0
Enio Sclisizzi,/players/s/sclisen01.html,LW,14,81,12,11,23,1.4,0,0,2,2,0
John Scott,/players/s/scottjo01.html,LW,69,286,5,6,11,0.9,0,0,2,2,0
Rob Scuderi,/players/s/scudero01.html,D,17,783,8,102,110,30.6,0,0,0,0,0
Ron Sedlbauer,/players/s/sedlbro01.html,LW,84,430,143,86,229,16.7,0,25,13,38,0
Jiri Sekac,/players/s/sekacji01.html,LW,6,108,10,19,29,1.9,0,0,1,1,0
Glen Sharpley,/players/s/sharpgl01.html,C,71,389,117,161,278,18.9,0,19,23,42,0
Pat Shea,/players/s/sheapa01.html,D,10,10,0,1,1,0.8,0,0,1,1,0
Bobby Sheehan,/players/s/sheehbo01.html,C,78,310,48,63,111,4.7,0,11,20,31,0
Doug Shelton,/players/s/sheltdo01.html,RW,5,5,0,1,1,-0.2,0,0,1,1,0
Johnny Sheppard,/players/s/sheppjo01.html,LW,41,311,69,58,127,19.2,0,3,4,7,0
Jack Shill,/players/s/shillja01.html,C,48,160,15,20,35,0.4,0,6,7,13,0
Paul Shmyr,/players/s/shmyrpa01.html,D,84,343,13,72,85,20.6,0,2,16,18,0
Dylan Sikura,/players/s/sikurdy01.html,C,38,38,0,11,11,0.4,0,0,11,11,0
Chris Simon,/players/s/simonch01.html,LW,61,782,144,161,305,28.6,0,12,6,18,0
Cully Simon,/players/s/simoncu01.html,D,28,130,4,11,15,9.7,0,0,0,0,0
Reid Simpson,/players/s/simpsre01.html,LW,91,301,18,18,36,0.8,0,8,6,14,0
Todd Simpson,/players/s/simpsto01.html,D,45,580,14,63,77,21.2,0,0,3,3,0
Jarrod Skalde,/players/s/skaldja01.html,C,7,115,13,21,34,0.8,0,0,1,1,0
Jack Skille,/players/s/skillja01.html,RW,79,368,43,41,84,5.3,0,12,13,25,0
John Sleaver,/players/s/sleavjo01.html,C,13,13,1,0,1,-0.3,0,1,0,1,0
Tod Sloan,/players/s/sloanto01.html,C/RW,195,744,220,262,482,52.1,0,58,78,136,0
Ben Smith,/players/s/smithbe01.html,RW,156,237,29,25,54,3.8,0,23,16,39,0
Des Smith,/players/s/smithde01.html,D,26,195,22,26,48,16.7,0,1,4,5,0
Glen Smith,/players/s/smithgl02.html,RW,2,2,0,0,0,-0.1,0,0,0,0,0
Wayne Smith,/players/s/smithwa01.html,D,2,2,1,1,2,0.4,0,1,1,2,0
Radek Smolenak,/players/s/smolera01.html,LW,1,7,0,1,1,0.0,0,0,0,0,0
Bryan Smolinski,/players/s/smolibr01.html,C,62,1056,274,377,651,63.6,0,14,23,37,0
Greg Smyth,/players/s/smythgr01.html,D,60,229,4,16,20,7.4,0,0,3,3,0
Ken Solheim,/players/s/solheke01.html,LW,5,135,19,20,39,-0.1,0,2,0,2,0
Art Somers,/players/s/somerar01.html,C,77,222,33,56,89,8.0,0,14,19,33,0
Brent Sopel,/players/s/sopelbr01.html,D,154,659,44,174,218,40.9,0,3,27,30,0
Jaroslav Spacek,/players/s/spaceja01.html,D,155,880,82,273,355,69.3,0,15,45,60,0
Martin St. Pierre,/players/s/stpiema01.html,C,21,39,3,5,8,-0.1,0,1,3,4,0
Fred Stanfield,/players/s/stanffr01.html,C/W,107,914,211,405,616,43.4,0,10,12,22,0
Allan Stanley*,/players/s/stanlal01.html,D,111,1244,100,333,433,103.6,0,14,28,42,0
Barney Stanley*,/players/s/stanlba01.html,RW,1,1,0,0,0,-0.1,0,0,0,0,0
Ryan Stanton,/players/s/stantry01.html,D,1,120,4,23,27,6.6,0,0,0,0,0
Mike Stapleton,/players/s/staplmi01.html,C,125,697,71,111,182,1.7,0,9,21,30,0
Vic Stasiuk,/players/s/stasivi01.html,LW,38,745,183,254,437,38.0,0,6,4,10,0
Gaye Stewart,/players/s/stewaga01.html,LW,178,502,185,159,344,34.3,0,70,66,136,0
Jack Stewart*,/players/s/stewaja01.html,D,63,565,31,83,114,41.0,0,1,5,6,0
Karl Stewart,/players/s/stewaka01.html,LW,37,69,2,4,6,-0.5,0,2,3,5,0
Ken Stewart,/players/s/stewake01.html,D,6,6,1,1,2,0.1,0,1,1,2,0
Art Stratton,/players/s/stratar01.html,C/LW,2,95,18,33,51,3.4,0,0,0,0,0
Dylan Strome,/players/s/stromdy01.html,C,58,106,24,43,67,6.0,0,17,34,51,0
Jason Strudwick,/players/s/strudja01.html,D,102,674,13,42,55,9.6,0,3,6,9,0
Frank Sullivan,/players/s/sullifr01.html,D,2,8,0,0,0,0.3,0,0,0,0,0
Red Sullivan,/players/s/sullire01.html,C,133,557,107,239,346,27.1,0,33,68,101,0
Al Suomi,/players/s/suomial01.html,LW,5,5,0,0,0,-0.2,0,0,0,0,0
Duane Sutter,/players/s/suttedu01.html,RW,184,731,139,203,342,14.1,0,18,32,50,0
Rich Sutter,/players/s/sutteri01.html,RW,98,874,149,166,315,12.9,0,12,14,26,0
Viktor Svedberg,/players/s/svedbvi01.html,D,27,27,2,2,4,0.6,0,2,2,4,0
Michal Sykora,/players/s/sykormi01.html,D,56,267,15,54,69,13.2,0,2,12,14,0
Jeff Taffe,/players/t/taffeje01.html,C,1,180,21,25,46,3.1,0,0,0,0,0
Tony Tanti,/players/t/tantito01.html,RW,3,697,287,273,560,43.4,0,1,0,1,0
Harry Taylor,/players/t/tayloha01.html,C,15,66,5,10,15,-0.2,0,1,1,2,0
Ralph Taylor,/players/t/taylora01.html,D,80,102,4,1,5,-4.2,0,2,1,3,0
Stephen Tepper,/players/t/teppest01.html,RW,1,1,0,0,0,0.0,0,0,0,0,0
Teuvo Teravainen,/players/t/teravte01.html,F,115,360,76,150,226,23.9,0,17,27,44,0
Paul Terbenche,/players/t/terbepa01.html,D,68,189,5,26,31,9.1,0,3,7,10,0
Cy Thomas,/players/t/thomacy01.html,W,6,14,2,2,4,0.1,0,1,0,1,0
Jimmy Thomson,/players/t/thomsji01.html,D,70,787,19,215,234,67.1,0,4,7,11,0
Shawn Thornton,/players/t/thornsh01.html,RW,31,705,42,60,102,3.0,0,2,1,3,0
Milan Tichy,/players/t/tichymi01.html,D,13,23,0,5,5,1.8,0,0,1,1,0
Viktor Tikhonov,/players/t/tikhovi01.html,RW,11,111,11,11,22,0.8,0,0,0,0,0
Ray Timgren,/players/t/timgrra01.html,LW,14,251,14,44,58,0.1,0,1,1,2,0
Kimmo Timonen,/players/t/timonki01.html,D,16,1108,117,454,571,101.4,0,0,0,0,0
Kevin Todd,/players/t/toddke01.html,C,35,383,70,133,203,12.4,0,5,6,11,0
John Tonelli,/players/t/toneljo01.html,LW,33,1028,325,511,836,58.8,0,1,7,8,0
Jordin Tootoo,/players/t/tootojo01.html,RW,50,723,65,96,161,9.8,0,2,1,3,0
Jerry Toppazzini,/players/t/toppaje01.html,RW,83,784,163,244,407,28.8,0,11,19,30,0
Zellio Toppazzini,/players/t/toppaze01.html,RW,7,123,21,21,42,2.6,0,0,0,0,0
Jari Torkki,/players/t/torkkja01.html,LW,4,4,1,0,1,0.0,0,1,0,1,0
Jacques Toupin,/players/t/toupija01.html,RW,8,8,1,2,3,0.0,0,1,2,3,0
Art Townsend,/players/t/townsar01.html,D,5,5,0,0,0,0.0,0,0,0,0,0
Bob Trapp,/players/t/trappbo01.html,D,82,83,4,4,8,1.0,0,4,4,8,0
Percy Traub,/players/t/traubpe01.html,D,42,130,3,3,6,7.9,0,0,2,2,0
Tim Trimper,/players/t/trimpti01.html,LW,30,190,30,36,66,0.8,0,6,10,16,0
Bob Turner,/players/t/turnebo01.html,D,139,478,19,51,70,35.0,0,11,5,16,0
Aud Tuten,/players/t/tutenau01.html,D,39,39,4,8,12,3.0,0,4,8,12,0
Gene Ubriaco,/players/u/ubriage01.html,LW/C,22,177,39,35,74,5.0,0,1,1,2,0
Igor Ulanov,/players/u/ulanoig01.html,D,53,739,27,135,162,37.3,0,1,8,9,0
Rick Vaive,/players/v/vaiveri01.html,RW,106,876,441,347,788,65.4,0,55,39,94,0
Garry Valk,/players/v/valkga01.html,RW,16,777,100,156,256,13.3,0,0,1,1,0
Wayne Van Dorp,/players/v/vandowa01.html,LW,69,125,12,12,24,-0.5,0,7,4,11,0
Ed Van Impe,/players/v/vanimed01.html,D,61,703,27,126,153,46.8,0,8,11,19,0
Trevor van Riemsdyk,/players/v/vanritr01.html,D,158,315,14,47,61,14.5,0,8,23,31,0
Jim Vandermeer,/players/v/vandeji01.html,D,171,461,25,80,105,21.4,0,11,41,52,0
Petri Varis,/players/v/varispe01.html,LW,1,1,0,0,0,0.0,0,0,0,0,0
Greg Vaydik,/players/v/vaydigr01.html,C,5,5,0,0,0,-0.2,0,0,0,0,0
Antoine Vermette,/players/v/vermean01.html,C,19,1046,228,287,515,47.1,0,0,3,3,0
Dan Vincelette,/players/v/vinceda01.html,LW,166,193,20,22,42,-1.5,0,20,20,40,0
Ed Vokes,/players/v/vokesed01.html,LW,5,5,0,0,0,-0.2,0,0,0,0,0
Reto Von Arx,/players/v/vonarre01.html,C,19,19,3,1,4,0.2,0,3,1,4,0
Roman Vopat,/players/v/vopatro01.html,C,3,133,6,14,20,-1.0,0,0,0,0,0
Pavel Vorobiev,/players/v/vorobpa01.html,RW,57,57,10,15,25,2.1,0,10,15,25,0
Carl Voss*,/players/v/vossca01.html,C,33,264,34,71,105,7.5,0,3,8,11,0
Radim Vrbata,/players/v/vrbatra01.html,RW,122,1057,284,339,623,69.1,0,27,48,75,0
Matt Walker,/players/w/walkema01.html,D,65,314,4,26,30,7.7,0,1,13,14,0
Mike Walton,/players/w/waltomi01.html,C,26,588,201,247,448,37.4,0,6,3,9,0
Don Ward,/players/w/warddo01.html,D,3,34,0,1,1,0.9,0,0,0,0,0
Eddie Wares,/players/w/waresed01.html,D/RW,106,324,60,102,162,13.4,0,8,18,26,0
Nick Wasnie,/players/w/wasnini01.html,RW,14,246,57,34,91,10.3,0,1,0,1,0
Bill Watson,/players/w/watsobi01.html,RW,115,115,23,36,59,2.8,0,23,36,59,0
Harry Watson*,/players/w/watsoha02.html,LW,168,809,236,207,443,45.3,0,36,49,85,0
Dale Weise,/players/w/weiseda01.html,RW,15,490,54,66,120,10.6,0,0,1,1,0
Brad Werenka,/players/w/werenbr01.html,D,9,320,19,61,80,19.9,0,0,0,0,0
Peter White,/players/w/whitepe01.html,C,54,220,23,37,60,2.7,0,3,4,7,0
Todd White,/players/w/whiteto02.html,C,43,653,141,240,381,37.3,0,6,8,14,0
Neil Wilkinson,/players/w/wilkine01.html,D,72,460,16,67,83,14.4,0,3,9,12,0
Jason Williams,/players/w/willija01.html,C,63,455,94,133,227,22.3,0,17,25,42,0
Sean Williams,/players/w/willise01.html,C,2,2,0,0,0,0.0,0,0,0,0,0
Bob Wilson,/players/w/wilsobo01.html,D,1,1,0,0,0,0.0,0,0,0,0,0
Cully Wilson,/players/w/wilsocu01.html,RW,42,130,59,29,88,9.0,0,8,4,12,0
Johnny Wilson,/players/w/wilsojo01.html,LW,140,688,161,171,332,30.5,0,42,39,81,0
Larry Wilson,/players/w/wilsola01.html,C,131,152,21,48,69,4.6,0,21,44,65,0
Rik Wilson,/players/w/wilsori02.html,D,14,251,25,65,90,15.8,0,4,5,9,0
Roger Wilson,/players/w/wilsoro01.html,D,7,7,0,2,2,0.5,0,0,2,2,0
Tommy Wingels,/players/w/wingeto01.html,C,57,448,62,81,143,11.0,0,7,5,12,0
James Wisniewski,/players/w/wisnija01.html,D,168,552,53,221,274,44.8,0,13,43,56,0
Jim Wiste,/players/w/wisteji01.html,C,29,52,1,10,11,-0.7,0,0,8,8,0
Steve Witiuk,/players/w/witiust01.html,RW,33,33,3,8,11,0.1,0,3,8,11,0
Benny Woit,/players/w/woitbe01.html,RW/D,72,334,7,26,33,22.3,0,1,8,9,0
Duane Wylie,/players/w/wyliedu01.html,C,14,14,3,3,6,0.2,0,3,3,6,0
Mikhail Yakubov,/players/y/yakubmi01.html,C,40,53,2,10,12,-0.1,0,2,9,11,0
Ken Yaremchuk,/players/y/yaremke01.html,C,188,235,36,56,92,1.6,0,30,43,73,0
Brian Young,/players/y/youngbr01.html,D,8,8,0,2,2,0.1,0,0,2,2,0
Howie Young,/players/y/youngho01.html,D/RW,96,336,12,62,74,13.9,0,3,14,17,0
Paul Ysebaert,/players/y/ysebapa01.html,C,26,532,149,187,336,26.5,0,9,8,17,0
Miles Zaharko,/players/z/zaharmi01.html,D,58,129,5,32,37,6.9,0,4,13,17,0
Larry Zeidel,/players/z/zeidela01.html,D,64,158,3,16,19,7.6,0,1,6,7,0
Valeri Zelepukin,/players/z/zelepva01.html,LW,36,595,117,177,294,22.7,0,3,4,7,0
Doug Zmolek,/players/z/zmoledo01.html,D,105,467,11,53,64,13.9,0,2,21,23,0
Marty Zoborosky,/players/z/zoborma01.html,D,1,1,0,0,0,0.0,0,0,0,0,0
Andrei Zyuzin,/players/z/zyuzian01.html,D,32,496,38,82,120,25.8,0,2,3,5,0
