David Aebischer,/players/a/aebisda01.html,G,174,214,0,5,5,39.1,106
Sami Aittokallio,/players/a/aittosa01.html,G,2,2,0,0,0,0.1,0
Craig Anderson,/players/a/andercr01.html,G,104,614,0,17,17,116.0,278
Jonathan Bernier,/players/b/bernijo01.html,G,37,324,0,5,5,54.9,137
Reto Berra,/players/b/berrare01.html,G,35,76,0,1,1,8.9,20
Craig Billington,/players/b/billicr01.html,G,67,332,0,6,6,33.4,110
Mario Brunetta,/players/b/brunema01.html,G,40,40,0,0,0,4.7,12
Jacques Cloutier,/players/c/cloutja01.html,G,58,255,0,7,7,31.9,82
Marc Denis,/players/d/denisma01.html,G,28,349,0,6,6,56.2,112
Michel Dion,/players/d/dionmi01.html,G,62,227,0,5,5,29.7,60
Brian Elliott,/players/e/elliobr01.html,G,12,441,0,8,8,68.3,225
Stephane Fiset,/players/f/fisetst01.html,G,188,390,0,12,12,62.2,164
Brian Ford,/players/f/fordbr01.html,G,3,11,0,0,0,0.9,3
Pavel Francouz,/players/f/francpa01.html,G,2,2,0,0,0,0.3,0
John Garrett,/players/g/garrejo01.html,G,29,207,0,3,3,23.4,68
Jean-Sebastien Giguere,/players/g/gigueje01.html,G,72,597,0,7,7,107.6,262
Scott Gordon,/players/g/gordosc01.html,G,23,23,0,0,0,0.6,2
Mario Gosselin,/players/g/gossema01.html,G,192,241,0,9,9,29.2,91
Ron Grahame,/players/g/graharo02.html,G,8,114,0,3,3,14.7,50
Philipp Grubauer,/players/g/grubaph01.html,G,37,138,0,1,1,24.9,61
Andrew Hammond,/players/h/hammoan01.html,G,1,56,0,1,1,10.8,27
Ron Hextall,/players/h/hextaro01.html,G,54,608,1,32,33,95.0,296
Goran Hogosta,/players/h/hogosgo01.html,G,21,22,0,0,0,2.2,5
Vitali Kolesnik,/players/k/kolesvi01.html,G,8,8,0,1,1,0.8,3
Ron Low,/players/l/lowro01.html,G,15,382,0,4,4,33.4,102
Clint Malarchuk,/players/m/malarcl01.html,G,139,337,0,15,15,54.5,141
Spencer Martin,/players/m/martisp01.html,G,3,3,0,0,0,0.0,0
Bob Mason,/players/m/masonbo01.html,G,22,145,0,4,4,22.2,55
Greg Millen,/players/m/millegr01.html,G,18,604,0,18,18,84.6,215
Sergei Mylnikov,/players/m/mylnise01.html,G,10,10,0,0,0,1.2,1
Calvin Pickard,/players/p/pickaca01.html,G,86,104,0,3,3,15.5,32
Michel Plasse,/players/p/plassmi01.html,G,41,298,0,7,7,36.8,92
Andrew Raycroft,/players/r/raycran01.html,G,31,280,0,3,3,38.6,113
Tommy Salo,/players/s/saloto01.html,G,5,526,0,7,7,78.6,210
Philippe Sauve,/players/s/sauveph01.html,G,17,32,0,0,0,3.3,10
Richard Sevigny,/players/s/sevigri01.html,G,35,176,0,1,1,29.2,80
Jeremy Smith,/players/s/smithje02.html,G,10,10,0,0,0,0.8,1
Garth Snow,/players/s/snowga01.html,G,7,368,0,5,5,49.9,135
Rick Tabaracci,/players/t/tabarri01.html,G,2,286,0,8,8,35.5,93
John Tanner,/players/t/tannejo01.html,G,21,21,0,0,0,2.8,2
Jose Theodore,/players/t/theodjo01.html,G,91,648,1,16,17,111.0,286
Jocelyn Thibault,/players/t/thibajo01.html,G,57,586,0,6,6,90.7,238
Ron Tugnutt,/players/t/tugnuro01.html,G,153,537,0,7,7,78.9,186
Tyler Weiman,/players/w/weimaty01.html,G,1,1,0,0,0,0.2,0
Roman Will,/players/w/willro01.html,G,1,1,0,0,0,-0.1,0
Greg Adams,/players/a/adamsgr01.html,LW,7,544,84,143,227,8.8,0
Andrew Agozzino,/players/a/agozzan01.html,LW,21,21,1,4,5,0.4,0
Tommy Albelin,/players/a/albelto01.html,D,74,952,44,211,255,55.0,0
Mark Alt,/players/a/altma01.html,D,9,18,0,0,0,0.0,0
John Anderson,/players/a/anderjo01.html,RW,65,814,282,349,631,45.8,0
Shawn Anderson,/players/a/andersh01.html,D,31,255,11,51,62,13.1,0
Niklas Andersson,/players/a/anderni01.html,LW,3,164,29,53,82,6.4,0
Peter Andersson,/players/a/anderpe02.html,D,12,172,10,41,51,12.0,0
Dave Andreychuk*,/players/a/andreda01.html,LW,14,1639,640,698,1338,124.4,0
Sven Andrighetto,/players/a/andrisv01.html,RW,133,216,31,52,83,7.5,0
Brent Ashton,/players/a/ashtobr01.html,LW,172,998,284,345,629,39.7,0
Serge Aubin,/players/a/aubinse01.html,LW,82,374,44,64,108,5.7,0
Pierre Aubry,/players/a/aubrypi01.html,LW,162,201,24,26,50,-1.4,0
Yuri Babenko,/players/b/babenyu01.html,C,3,3,0,0,0,-0.1,0
Wayne Babych,/players/b/babycwa01.html,RW,15,519,192,246,438,31.4,0
Joel Baillargeon,/players/b/bailljo01.html,LW,5,20,0,2,2,-0.5,0
Jamie Baker,/players/b/bakerja01.html,C,71,404,71,79,150,7.3,0
Don Barber,/players/b/barbedo01.html,W,2,115,25,32,57,3.3,0
Mark Barberio,/players/b/barbema01.html,D,92,251,14,40,54,10.7,0
Matthew Barnaby,/players/b/barnama01.html,RW,13,834,113,187,300,22.9,0
Bob Bassen,/players/b/bassebo01.html,C,84,765,88,144,232,6.3,0
Bates Battaglia,/players/b/battaba01.html,LW,17,580,80,118,198,14.3,0
Paul Baxter,/players/b/baxtepa01.html,D,61,472,48,121,169,25.0,0
Francois Beauchemin,/players/b/beaucfr01.html,D,163,903,76,212,288,60.2,0
Wade Belak,/players/b/belakwa01.html,RW,35,549,8,25,33,4.0,0
Bruce Bell,/players/b/bellbr01.html,D,75,209,12,64,76,14.5,0
Shawn Belle,/players/b/bellesh01.html,D,4,20,0,1,1,0.5,0
Andre Benoit,/players/b/benoian01.html,D,79,181,11,37,48,8.0,0
Bo Berglund,/players/b/berglbo01.html,RW,87,130,28,39,67,3.1,0
Serge Bernier,/players/b/bernise01.html,RW,78,302,78,119,197,14.0,0
Rick Berry,/players/b/berryri01.html,D,76,197,2,13,15,3.9,0
Chris Bigras,/players/b/bigrach01.html,D,46,46,1,3,4,0.8,0
Gilles Bilodeau,/players/b/bilodgi01.html,LW,9,9,0,1,1,-0.2,0
Andrew Bodnarchuk,/players/b/bodnaan01.html,D,21,42,0,4,4,0.1,0
Mikkel Boedker,/players/b/boedkmi01.html,RW,18,689,116,207,323,27.1,0
Michel Bolduc,/players/b/boldumi01.html,D,10,10,0,0,0,0.3,0
Dennis Bonvie,/players/b/bonvide01.html,RW,1,92,1,2,3,-0.7,0
Patrick Bordeleau,/players/b/bordepa02.html,LW,129,129,8,8,16,0.7,0
Bob Boughner,/players/b/boughbo01.html,D,52,630,15,57,72,22.7,0
Gabriel Bourque,/players/b/bourqga01.html,LW,119,361,38,59,97,6.6,0
Ray Bourque*,/players/b/bourqra01.html,D,94,1612,410,1169,1579,242.7,0
Rene Bourque,/players/b/bourqre01.html,RW,65,725,163,153,316,30.4,0
Johnny Boychuk,/players/b/boychjo01.html,D,4,661,52,143,195,47.3,0
Curt Brackenbury,/players/b/brackcu01.html,RW,63,141,9,17,26,-2.2,0
Derick Brassard,/players/b/brassde01.html,C,20,786,176,275,451,45.9,0
Rich Brennan,/players/b/brennri01.html,D,2,50,2,6,8,1.4,0
Daniel Briere,/players/b/brierda01.html,C,57,973,307,389,696,78.5,0
Travis Brigley,/players/b/brigltr01.html,LW,36,55,3,6,9,-0.1,0
Patrice Brisebois,/players/b/brisepa01.html,D,113,1009,98,322,420,76.8,0
Evan Brophey,/players/b/brophev01.html,C,3,4,0,0,0,0.0,0
Aaron Broten,/players/b/broteaa01.html,LW/C,20,748,186,329,515,30.9,0
Paul Brousseau,/players/b/brouspa01.html,RW,8,26,1,3,4,-0.3,0
Steve Brule,/players/b/brulest01.html,RW,2,2,0,0,0,0.0,0
Jeff Buchanan,/players/b/buchaje01.html,D,6,6,0,0,0,0.1,0
Garth Butcher,/players/b/butchga01.html,D,34,897,48,158,206,42.3,0
Matt Calvert,/players/c/calvema01.html,LW,82,498,83,92,175,14.7,0
Paul Carey,/players/c/careypa01.html,C,22,99,8,8,16,0.5,0
Terry Carkner,/players/c/carknte01.html,D,63,858,42,188,230,45.4,0
Jordan Caron,/players/c/caronjo01.html,RW,19,157,12,16,28,0.9,0
Gino Cavallini,/players/c/cavalgi01.html,LW,85,593,114,159,273,13.4,0
Stephane Charbonneau,/players/c/charbst01.html,RW,2,2,0,0,0,-0.1,0
Ron Chipperfield,/players/c/chippro01.html,C,16,83,22,24,46,2.1,0
Joe Cirella,/players/c/cireljo01.html,D,95,828,64,211,275,38.8,0
Kim Clackson,/players/c/clackki01.html,D,61,106,0,8,8,3.2,0
Wendel Clark,/players/c/clarkwe01.html,LW/D,37,793,330,234,564,51.5,0
Marc-Andre Cliche,/players/c/clichma01.html,C,150,151,3,11,14,-1.5,0
Roland Cloutier,/players/c/cloutro01.html,C,14,34,8,9,17,1.1,0
Colby Cohen,/players/c/cohenco01.html,D,3,3,0,0,0,0.0,0
Joe Colborne,/players/c/colbojo01.html,C,62,295,42,72,114,8.9,0
Ian Cole,/players/c/coleia01.html,D,71,476,22,90,112,26.5,0
J.T. Compher,/players/c/comphj.01.html,LW,156,156,32,28,60,3.9,0
Mike Connolly,/players/c/connomi01.html,LW,2,2,0,0,0,0.0,0
Alain Cote,/players/c/coteal02.html,D,6,119,2,18,20,6.3,0
Ted Crowley,/players/c/crowlte01.html,D,7,34,2,4,6,1.4,0
Kyle Cumiskey,/players/c/cumisky01.html,D,132,139,9,26,35,5.7,0
Jim Cummins,/players/c/cummiji01.html,RW,55,511,24,36,60,-3.1,0
Marko Dano,/players/d/danoma01.html,C,8,138,19,26,45,4.5,0
Richard David,/players/d/davidri01.html,LW,31,31,4,4,8,-0.3,0
Jeff Daw,/players/d/dawje01.html,C,1,1,0,1,1,0.1,0
Lucien DeBlois,/players/d/deblolu01.html,C,84,993,249,276,525,27.5,0
Gilbert Delorme,/players/d/delorgi01.html,D,83,541,31,92,123,28.4,0
Bill Derlago,/players/d/derlabi01.html,C,18,555,189,227,416,26.7,0
Chris Dingman,/players/d/dingmch01.html,LW,110,385,15,19,34,-3.0,0
Jim Dobson,/players/d/dobsoji01.html,RW,1,12,0,0,0,-0.4,0
Bobby Dollas,/players/d/dollabo01.html,D,25,646,42,96,138,34.3,0
Shean Donovan,/players/d/donovsh01.html,RW,133,951,112,129,241,13.3,0
Andre Dore,/players/d/dorean01.html,D,25,257,14,81,95,17.2,0
Daniel Dore,/players/d/doreda01.html,RW,17,17,2,3,5,-0.1,0
Jim Dowd,/players/d/dowdji01.html,C,18,728,71,168,239,15.9,0
Steve Downie,/players/d/downist01.html,RW,33,434,76,120,196,20.9,0
Mario Doyon,/players/d/doyonma01.html,D,21,28,3,4,7,1.2,0
Sheldon Dries,/players/d/driessh01.html,C,40,40,3,3,6,0.0,0
Gaetan Duchesne,/players/d/duchega01.html,LW,150,1028,179,254,433,23.2,0
Steve Duchesne,/players/d/duchest01.html,D,82,1113,227,525,752,112.7,0
Luc Dufour,/players/d/dufoulu01.html,LW,30,167,23,21,44,0.5,0
Andre Dupont,/players/d/duponan01.html,D,169,810,59,185,244,62.9,0
Philippe Dupuis,/players/d/dupuiph01.html,C,86,116,6,12,18,0.3,0
Chris Durno,/players/d/durnoch01.html,C,43,43,4,4,8,0.8,0
Anders Eldebrink,/players/e/eldeban01.html,D,12,55,3,11,14,2.9,0
Stefan Elliott,/players/e/elliost01.html,D,63,87,8,17,25,4.7,0
Len Esau,/players/e/esaule01.html,D,4,27,0,10,10,0.8,0
Dennis Everberg,/players/e/everbde01.html,RW,70,70,3,9,12,-0.1,0
Kelly Fairchild,/players/f/faircke01.html,C,10,34,2,3,5,-0.1,0
Dave Farrish,/players/f/farrida01.html,D,4,430,17,110,127,19.6,0
Jeff Finger,/players/f/fingeje01.html,D,94,199,17,40,57,10.7,0
Bob Fitchner,/players/f/fitchbo01.html,C,78,78,12,20,32,0.6,0
Tom Fitzgerald,/players/f/fitzgto01.html,RW,11,1097,139,190,329,15.3,0
Tomas Fleischmann,/players/f/fleisto01.html,LW,22,657,137,198,335,32.1,0
Theoren Fleury,/players/f/fleurth01.html,RW,15,1084,455,633,1088,110.3,0
Bryan Fogarty,/players/f/fogarbr01.html,D,110,156,22,52,74,6.8,0
Iain Fraser,/players/f/fraseia01.html,C,60,94,23,23,46,3.1,0
Miroslav Frycer,/players/f/frycemi01.html,RW,49,415,147,183,330,21.2,0
Robbie Ftorek,/players/f/ftorero01.html,C/LW,149,334,77,150,227,12.8,0
T.J. Galiardi,/players/g/galiatj01.html,LW,171,321,44,61,105,7.0,0
Mike Gaul,/players/g/gaulmi01.html,D,1,3,0,0,0,0.0,0
Jean-Marc Gaulin,/players/g/gaulije01.html,RW,26,26,4,3,7,0.0,0
Cameron Gaunce,/players/g/gauncca01.html,D,11,34,2,3,5,1.1,0
Eric Gelinas,/players/g/geliner01.html,D,33,189,14,41,55,10.5,0
Martin Gelinas,/players/g/gelinma01.html,LW,31,1273,309,351,660,61.5,0
Todd Gill,/players/g/gillto01.html,D,36,1007,82,272,354,58.5,0
Jere Gillis,/players/g/gillije01.html,LW,12,386,78,95,173,7.6,0
Samuel Girard,/players/g/girarsa01.html,D,150,155,8,42,50,7.9,0
Cody Goloubef,/players/g/golouco01.html,D,33,134,2,21,23,4.4,0
Brandon Gormley,/players/g/gormlbr01.html,D,26,58,2,3,5,1.2,0
Chris Gratton,/players/g/grattch01.html,C,13,1092,214,354,568,46.5,0
Ryan Graves,/players/g/gravery01.html,D,26,26,3,2,5,1.3,0
A.J. Greer,/players/g/greeraj01.html,LW,37,37,1,5,6,0.2,0
Mikhail Grigorenko,/players/g/grigomi01.html,C,149,217,22,42,64,4.1,0
Rocco Grimaldi,/players/g/grimaro01.html,C,10,90,10,13,23,1.6,0
Jari Gronstrand,/players/g/gronsja01.html,D,32,185,8,26,34,8.6,0
Wayne Groulx,/players/g/groulwa01.html,C,1,1,0,0,0,0.0,0
Nate Guenin,/players/g/guenina01.html,D,173,205,5,23,28,6.7,0
Stephane Guerard,/players/g/guerast01.html,D,34,34,0,0,0,0.5,0
Ben Guite,/players/g/guitebe01.html,RW,168,175,19,26,45,2.7,0
Roger Hagglund,/players/h/hagglro01.html,D,3,3,0,0,0,0.1,0
Riku Hahl,/players/h/hahlri01.html,C,92,92,5,8,13,0.0,0
Jean Hamel,/players/h/hamelje01.html,D,91,699,26,95,121,30.4,0
Freddie Hamilton,/players/h/hamilfr01.html,C,17,75,4,2,6,-0.4,0
Dave Hannan,/players/h/hannada01.html,C,4,841,114,191,305,9.3,0
Gerry Hart,/players/h/hartge01.html,D,77,730,29,150,179,48.2,0
Alan Haworth,/players/h/haworal01.html,C,72,524,189,211,400,30.1,0
Darren Haydar,/players/h/haydada01.html,RW,1,23,1,7,8,0.7,0
Paul Healey,/players/h/healepa01.html,LW,2,77,6,14,20,1.8,0
Sami Helenius,/players/h/helensa01.html,D,33,155,2,4,6,2.0,0
Matt Hendricks,/players/h/hendrma01.html,C,60,607,54,62,116,5.2,0
Darby Hendrickson,/players/h/hendrda01.html,C,20,518,65,64,129,3.3,0
Samuel Henley,/players/h/henlesa01.html,C,1,1,1,0,1,0.3,0
T.J. Hensick,/players/h/hensitj01.html,C,99,112,12,26,38,2.5,0
Yves Heroux,/players/h/herouyv01.html,RW,1,1,0,0,0,0.0,0
Pat Hickey,/players/h/hickepa01.html,LW,7,644,192,212,404,25.8,0
Joey Hishon,/players/h/hishojo01.html,C,13,13,1,1,2,0.1,0
Jamie Hislop,/players/h/hisloja01.html,RW,130,345,75,103,178,8.1,0
Jaroslav Hlinka,/players/h/hlinkja01.html,C,63,63,8,20,28,2.5,0
Dale Hoganson,/players/h/hoganda01.html,D,168,343,13,77,90,12.2,0
Jonas Holos,/players/h/holosjo01.html,D,39,39,0,6,6,0.9,0
Dean Hopkins,/players/h/hopkide01.html,RW,5,223,23,51,74,-0.3,0
Tony Hrkac,/players/h/hrkacto01.html,C,92,758,132,239,371,25.7,0
Bill Huard,/players/h/huardbi01.html,LW,7,223,16,18,34,-1.3,0
Kerry Huffman,/players/h/huffmke01.html,D,80,401,37,108,145,21.3,0
Tim Hunter,/players/h/hunteti01.html,RW,48,815,62,76,138,-5.1,0
Matt Hunwick,/players/h/hunwima01.html,D,128,535,25,94,119,22.6,0
Mike Hurlbut,/players/h/hurlbmi01.html,D,1,29,1,8,9,1.8,0
Jeff Jackson,/players/j/jacksje01.html,LW,176,263,38,48,86,1.9,0
Iiro Jarvi,/players/j/jarviii01.html,RW,116,116,18,43,61,2.4,0
Terry Johnson,/players/j/johnste01.html,D,25,285,3,24,27,10.0,0
Keith Jones,/players/j/joneske01.html,RW,102,491,117,141,258,24.2,0
Tyson Jost,/players/j/jostty01.html,C,141,141,24,25,49,3.6,0
Claude Julien,/players/j/juliecl01.html,D,14,14,0,1,1,0.7,0
Vladislav Kamenev,/players/k/kamenvl01.html,LW,26,28,2,3,5,0.1,0
Kevin Kaminski,/players/k/kaminke01.html,C,6,139,3,10,13,-2.1,0
Paul Kariya*,/players/k/kariypa01.html,LW,51,989,402,587,989,109.3,0
Dave Karpa,/players/k/karpada01.html,D,78,557,18,80,98,21.4,0
Darius Kasparaitis,/players/k/kaspada01.html,D,11,863,27,136,163,37.8,0
Alexander Kerfoot,/players/k/kerfoal01.html,C,157,157,34,51,85,7.9,0
Darin Kimble,/players/k/kimblda01.html,RW,105,311,23,20,43,-3.5,0
Ken Klee,/players/k/kleeke01.html,D,81,934,55,140,195,33.9,0
Chuck Kobasew,/players/k/kobasch01.html,RW,95,601,110,100,210,19.7,0
David Koci,/players/k/kocida01.html,LW,78,142,3,1,4,-0.5,0
Steve Konowalchuk,/players/k/konowst01.html,LW,97,790,171,225,396,36.8,0
John Kordic,/players/k/kordijo01.html,RW,18,244,17,18,35,-2.9,0
Jordan Krestanovich,/players/k/krestjo01.html,LW,22,22,0,2,2,-0.1,0
Uwe Krupp,/players/k/kruppuw01.html,D,188,729,69,212,281,54.7,0
Stu Kulak,/players/k/kulakst01.html,RW,14,90,8,4,12,-1.4,0
Mikhail Kuleshov,/players/k/kulesmi01.html,LW,3,3,0,0,0,-0.1,0
Mark Kumpel,/players/k/kumpema01.html,RW,129,288,38,46,84,1.5,0
Jari Kurri*,/players/k/kurrija01.html,RW,70,1251,601,797,1398,117.4,0
Antti Laaksonen,/players/l/laaksan01.html,LW,122,483,81,87,168,14.5,0
Francois Lacombe,/players/l/lacomfr01.html,D,3,78,2,17,19,4.1,0
Eric Lacroix,/players/l/lacroer01.html,LW,170,472,67,70,137,8.5,0
Guy Lafleur*,/players/l/laflegu01.html,RW,98,1126,560,793,1353,130.5,0
Jason Lafreniere,/players/l/lafreja01.html,C,96,146,34,53,87,4.9,0
Dan Lambert,/players/l/lambeda01.html,D,29,29,6,9,15,2.1,0
Lane Lambert,/players/l/lambela01.html,RW,89,283,58,66,124,5.5,0
Rick Lapointe,/players/l/lapoiri01.html,D,65,664,44,175,219,42.7,0
Garry Lariviere,/players/l/larivga01.html,D,127,219,6,57,63,12.5,0
Brad Larsen,/players/l/larsebr01.html,LW,92,294,19,29,48,0.6,0
David Latta,/players/l/lattada01.html,LW,36,36,4,8,12,0.0,0
Janne Laukkanen,/players/l/laukkja01.html,D,14,407,22,99,121,24.3,0
Brian Lawton,/players/l/lawtobr01.html,LW,14,483,112,154,266,14.5,0
Per Ledin,/players/l/ledinpe01.html,LW,3,3,0,0,0,-0.1,0
Rich LeDuc,/players/l/leducri01.html,C,97,130,28,38,66,2.5,0
Edward Lee,/players/l/leeed01.html,RW,2,2,0,0,0,-0.2,0
Barry Legge,/players/l/leggeba01.html,D,31,107,1,11,12,2.9,0
Alain Lemieux,/players/l/lemieal01.html,C,37,119,28,44,72,3.5,0
Jordan Leopold,/players/l/leopojo01.html,D,122,695,67,147,214,43.5,0
Francois Leroux,/players/l/leroufr01.html,D,50,249,3,20,23,3.2,0
David Liffiton,/players/l/liffida01.html,D,4,7,1,0,1,0.6,0
Chris Lindberg,/players/l/lindbch01.html,LW,37,116,17,25,42,1.4,0
Anton Lindholm,/players/l/lindhan01.html,D,62,62,0,4,4,0.8,0
Bill Lindsay,/players/l/lindsbi01.html,RW,67,777,83,141,224,11.3,0
Joakim Lindstrom,/players/l/lindsjo01.html,C,16,150,19,24,43,2.4,0
Claude Loiselle,/players/l/loisecl01.html,C,131,616,92,117,209,3.4,0
Peter Loob,/players/l/loobpe01.html,D,8,8,1,2,3,0.8,0
Paul MacDermid,/players/m/macdepa01.html,RW,58,690,116,142,258,10.9,0
Ray Macias,/players/m/maciara01.html,D,8,8,0,1,1,0.2,0
Aaron MacKenzie,/players/m/mackeaa01.html,D,5,5,0,0,0,0.2,0
Jacques Mailhot,/players/m/mailhja01.html,LW,5,5,0,0,0,-0.1,0
Bruce Major,/players/m/majorbr01.html,C,4,4,0,0,0,-0.1,0
Brad Malone,/players/m/malonbr01.html,C/LW,54,199,13,17,30,0.9,0
Greg Malone,/players/m/malongr01.html,C,33,704,191,310,501,31.5,0
Jimmy Mann,/players/m/mannji01.html,RW,82,293,10,20,30,-5.8,0
Bryan Marchment,/players/m/marchbr02.html,D,14,926,40,142,182,47.4,0
Dave Marcinyshyn,/players/m/marcida01.html,D,5,16,0,1,1,0.3,0
Josef Marha,/players/m/marhajo01.html,C,19,159,21,32,53,3.6,0
Terry Martin,/players/m/martite01.html,LW,3,479,104,101,205,8.3,0
Andreas Martinsen,/players/m/martian01.html,LW,110,152,9,14,23,0.0,0
Christian Matte,/players/m/mattech01.html,RW,22,25,2,3,5,0.1,0
Shawn Matthias,/players/m/matthsh01.html,C,20,551,90,84,174,15.9,0
Greg Mauldin,/players/m/mauldgr01.html,C,29,36,5,5,10,1.1,0
Brad Maxwell,/players/m/maxwebr02.html,D,50,613,98,270,368,49.0,0
Brad May,/players/m/maybr01.html,LW,64,1041,127,161,288,17.1,0
Chris McAllister,/players/m/mcallch01.html,D,48,301,4,17,21,2.3,0
Dean McAmmond,/players/m/mcammde01.html,C,41,996,186,262,448,41.6,0
Jay McClement,/players/m/mccleja01.html,C,104,906,90,154,244,10.1,0
Cody McCormick,/players/m/mccorco01.html,C/RW,190,405,21,44,65,1.8,0
Jamie McGinn,/players/m/mcginja01.html,LW,162,617,117,103,220,19.5,0
Mike McKee,/players/m/mckeemi01.html,LW,48,48,3,12,15,0.4,0
Brett McLean,/players/m/mcleabr01.html,C,160,385,56,106,162,12.0,0
Mike McNeill,/players/m/mcneimi01.html,RW,40,63,5,11,16,0.0,0
Basil McRae,/players/m/mcraeba01.html,LW,75,576,53,83,136,-2.6,0
Ken McRae,/players/m/mcraeke01.html,C,126,137,14,21,35,-1.2,0
Justin Mercier,/players/m/merciju01.html,F,9,9,1,1,2,0.3,0
Max Middendorf,/players/m/middema01.html,RW,10,13,2,4,6,0.0,0
Kip Miller,/players/m/milleki01.html,C,49,449,74,165,239,19.2,0
Andrei Mironov,/players/m/mironan01.html,D,10,10,1,2,3,0.7,0
Steve Moore,/players/m/moorest01.html,C,69,69,5,7,12,0.1,0
Stephane Morin,/players/m/morinst01.html,C,84,90,16,39,55,3.5,0
Derek Morris,/players/m/morride01.html,D,144,1107,92,332,424,74.6,0
Peter Mueller,/players/m/muellpe01.html,C,47,297,63,97,160,15.1,0
Bryan Muir,/players/m/muirbr01.html,D,62,279,16,37,53,9.1,0
Troy Murray,/players/m/murratr01.html,C,63,915,230,354,584,37.5,0
Anders Myrvold,/players/m/myrvoan01.html,D,4,33,0,5,5,0.5,0
Mike Natyshak,/players/n/natysmi01.html,RW,4,4,0,0,0,-0.1,0
Vaclav Nedorost,/players/n/nedorva01.html,C,67,99,10,10,20,1.4,0
Patrik Nemeth,/players/n/nemetpa01.html,D,142,250,4,35,39,9.1,0
Ville Nieminen,/players/n/niemivi01.html,LW,104,385,48,69,117,8.4,0
Matthew Nieto,/players/n/nietoma01.html,LW,181,402,54,76,130,9.3,0
Andrei Nikolishin,/players/n/nikolan01.html,C,49,628,93,187,280,21.6,0
Dwayne Norris,/players/n/norridw01.html,RW,17,20,2,4,6,0.2,0
Lee Norwood,/players/n/norwole01.html,D,13,503,58,153,211,35.5,0
Lawrence Nycholat,/players/n/nychola01.html,D,5,50,2,7,9,1.4,0
Shane O'Brien,/players/o/obriesh01.html,D,104,537,13,79,92,21.0,0
Ryan O'Byrne,/players/o/obyrnry01.html,D,172,308,5,34,39,8.4,0
Logan O'Connor,/players/o/oconnlo01.html,RW,5,5,0,0,0,-0.1,0
Wes O'Neill,/players/o/oneilwe01.html,D,5,5,0,0,0,0.0,0
Jaroslav Obsut,/players/o/obsutja01.html,D,3,7,0,0,0,0.2,0
John Ogrodnick,/players/o/ogrodjo01.html,LW,32,928,402,425,827,64.3,0
Mark Olver,/players/o/olverma01.html,C,74,74,10,12,22,1.9,0
John Paddock,/players/p/paddojo01.html,RW,32,87,8,14,22,-1.0,0
Aaron Palushaj,/players/p/palusaa01.html,RW,25,68,3,11,14,0.8,0
P.A. Parenteau,/players/p/parenpi01.html,LW,103,491,114,182,296,30.2,0
George Parros,/players/p/parroge01.html,RW,2,474,18,18,36,0.4,0
Greg Paslawski,/players/p/paslagr01.html,RW,80,650,187,185,372,23.9,0
Steve Patrick,/players/p/patrist01.html,RW,27,250,40,68,108,3.8,0
Jeff Paul,/players/p/paulje01.html,D,2,2,0,0,0,0.0,0
Scott Pearson,/players/p/pearssc01.html,LW,86,292,56,42,98,3.7,0
Derek Peltier,/players/p/peltide01.html,D,14,14,0,0,0,-0.1,0
Michel Petit,/players/p/petitmi01.html,D,82,827,90,238,328,45.8,0
Dave Pichette,/players/p/picheda01.html,D,189,322,41,140,181,22.6,0
Pierre Plante,/players/p/plantpi01.html,RW,69,599,125,172,297,16.9,0
Walt Poddubny,/players/p/podduwa01.html,LW,72,468,184,238,422,32.3,0
Kevin Porter,/players/p/porteke01.html,C,125,249,29,29,58,2.8,0
Daniel Poudrier,/players/p/poudrda01.html,D,25,25,1,5,6,1.3,0
Nolan Pratt,/players/p/prattno01.html,D,46,592,9,56,65,18.8,0
Tom Preissing,/players/p/preisto01.html,D,4,326,31,101,132,25.5,0
Joel Prpic,/players/p/prpicjo01.html,C,3,18,0,3,3,-0.1,0
Kyle Quincey,/players/q/quincky01.html,D,154,586,36,122,158,34.2,0
Ken Quinney,/players/q/quinnke01.html,RW,59,59,7,13,20,0.6,0
Herb Raglan,/players/r/raglahe01.html,RW,77,343,33,56,89,0.0,0
Zach Redmond,/players/r/redmoza01.html,D,96,133,9,29,38,8.1,0
Dave Reid,/players/r/reidda02.html,LW,138,961,165,204,369,23.0,0
Steve Reinprecht,/players/r/reinpst01.html,C,165,663,140,242,382,38.2,0
Borna Rendulic,/players/r/rendubo01.html,RW,14,15,1,1,2,0.1,0
Jacques Richard,/players/r/richaja01.html,LW,186,556,160,187,347,20.8,0
Jean-Marc Richard,/players/r/richaje01.html,D,5,5,2,1,3,0.3,0
Brad Richardson,/players/r/richabr02.html,C,136,749,100,131,231,18.1,0
Serge Roberge,/players/r/roberse01.html,RW,9,9,0,0,0,-0.2,0
Brian Rolston,/players/r/rolstbr01.html,C,50,1256,342,419,761,80.4,0
Jean-Marc Routhier,/players/r/routhje01.html,RW,8,8,0,0,0,-0.3,0
Martin Rucinsky,/players/r/rucinma01.html,LW,183,961,241,371,612,57.3,0
Cam Russell,/players/r/russeca01.html,D,35,396,9,21,30,16.8,0
Warren Rychel,/players/r/rychewa01.html,LW,88,406,38,39,77,-1.6,0
Mark Rycroft,/players/r/rycroma01.html,RW,66,226,21,25,46,2.8,0
Andy Rymsha,/players/r/rymshan01.html,D,6,6,0,0,0,0.0,0
Ruslan Salei,/players/s/saleiru01.html,D,101,917,45,159,204,47.0,0
Everett Sanipass,/players/s/sanipev01.html,LW,38,164,25,34,59,1.2,0
Yves Sarault,/players/s/sarauyv01.html,LW,30,106,10,10,20,-0.2,0
Cory Sarich,/players/s/saricco01.html,D,54,969,21,137,158,36.0,0
Kurt Sauer,/players/s/sauerku01.html,D,153,357,5,28,33,10.1,0
Bernie Saunders,/players/s/saundbe01.html,LW,10,10,0,1,1,-0.3,0
J.F. Sauve,/players/s/sauveje01.html,C,192,290,65,138,203,10.6,0
Reggie Savage,/players/s/savagre01.html,C,17,34,5,7,12,0.4,0
Andre Savard,/players/s/savaran01.html,C,95,790,211,271,482,33.0,0
Paxton Schulte,/players/s/schulpa01.html,LW,1,2,0,0,0,0.0,0
Teemu Selanne*,/players/s/selante01.html,RW,78,1451,684,773,1457,172.3,0
Jaroslav Sevcik,/players/s/sevcija01.html,LW,13,13,0,2,2,-0.3,0
Brent Severyn,/players/s/severbr01.html,LW,101,328,10,30,40,5.1,0
Michael Sgarbossa,/players/s/sgarbmi01.html,C,9,48,2,8,10,0.2,0
Jeff Shantz,/players/s/shantje01.html,C,74,642,72,139,211,11.2,0
Kevin Shattenkirk,/players/s/shattke01.html,D,46,609,75,274,349,59.1,0
Scott Shaunessy,/players/s/shaunsc01.html,D/LW,7,7,0,0,0,0.2,0
David Shaw,/players/s/shawda01.html,D,167,769,41,153,194,42.2,0
Rob Shearer,/players/s/shearro01.html,C,2,2,0,0,0,-0.1,0
Doug Shedden,/players/s/shedddo01.html,C,16,416,139,186,325,19.7,0
Duncan Siemens,/players/s/siemedu01.html,D,20,20,1,1,2,0.0,0
Risto Siltanen,/players/s/siltari01.html,D,79,562,90,265,355,44.2,0
Chris Simon,/players/s/simonch01.html,LW,146,782,144,161,305,28.6,0
Tommy Sjodin,/players/s/sjodito01.html,D,22,106,8,40,48,6.7,0
Jack Skille,/players/s/skillja01.html,RW,74,368,43,41,84,5.3,0
John Slaney,/players/s/slanejo01.html,D,7,268,22,69,91,14.8,0
Louis Sleigher,/players/s/sleiglo01.html,RW,111,194,46,53,99,5.2,0
Doug Smail,/players/s/smaildo01.html,LW,46,845,210,249,459,26.4,0
Ben Smith,/players/s/smithbe01.html,RW,4,237,29,25,54,3.8,0
Colin Smith,/players/s/smithco01.html,C,1,1,0,0,0,0.0,0
D.J. Smith,/players/s/smithdj01.html,D,34,45,1,1,2,0.3,0
Dan Smith,/players/s/smithda02.html,D,15,22,0,0,0,0.9,0
Wyatt Smith,/players/s/smithwy01.html,C,25,211,10,22,32,-0.2,0
John Smrke,/players/s/smrkejo01.html,LW,30,103,11,17,28,-0.3,0
Greg Smyth,/players/s/smythgr01.html,D,53,229,4,16,20,7.4,0
Ryan Smyth,/players/s/smythry01.html,LW,132,1270,386,456,842,87.9,0
Dennis Sobchuk,/players/s/sobchde01.html,C,2,35,5,6,11,0.0,0
Charlie Stephens,/players/s/stephch01.html,C/RW,8,8,0,2,2,0.1,0
Blair Stewart,/players/s/stewabl01.html,C,30,229,34,44,78,1.1,0
Chris Stewart,/players/s/stewach02.html,RW,166,652,160,161,321,35.9,0
John Stewart,/players/s/stewajo02.html,C,2,2,0,0,0,-0.1,0
Paul Stewart,/players/s/stewapa01.html,LW/D,21,21,2,0,2,-0.3,0
Trevor Stienburg,/players/s/stientr01.html,RW,71,71,8,4,12,-0.7,0
Ryan Stoa,/players/s/stoary01.html,C,37,40,4,3,7,-0.1,0
Karl Stollery,/players/s/stollka01.html,D,7,23,0,3,3,0.3,0
Ben Street,/players/s/streebe01.html,C,10,56,3,5,8,-0.1,0
Brad Stuart,/players/s/stuarbr02.html,D,71,1056,80,255,335,66.0,0
Ron Sutter,/players/s/suttero01.html,C,37,1093,205,330,535,31.0,0
Maxime Talbot,/players/t/talboma01.html,C,133,704,91,113,204,12.4,0
Christian Tanguay,/players/t/tanguch01.html,RW,2,2,0,0,0,-0.1,0
Mikhail Tatarinov,/players/t/tatarmi01.html,D,94,161,21,48,69,12.6,0
Greg Tebbutt,/players/t/tebbugr01.html,D,2,26,0,3,3,-0.4,0
Gaston Therrien,/players/t/therrga01.html,D,22,22,0,8,8,0.9,0
Reg Thomas,/players/t/thomare01.html,LW,39,39,9,7,16,0.8,0
Daniel Tjarnqvist,/players/t/tjarnda01.html,D,37,352,18,72,90,15.9,0
John Tonelli,/players/t/toneljo01.html,LW,19,1028,325,511,836,58.8,0
Dominic Toninato,/players/t/tonindo01.html,C,39,39,1,2,3,-0.1,0
Tim Tookey,/players/t/tooketi01.html,C,12,106,22,36,58,2.3,0
Pascal Trepanier,/players/t/trepapa01.html,D,89,229,12,22,34,8.9,0
Darcy Tucker,/players/t/tuckeda01.html,RW,134,947,215,261,476,41.0,0
Pierre Turgeon,/players/t/turgepi01.html,C,79,1294,515,812,1327,134.3,0
Tony Twist,/players/t/twistto01.html,LW,151,445,10,18,28,-3.3,0
Fedor Tyutin,/players/t/tyutife01.html,D,69,872,55,209,264,49.2,0
Ossi Vaananen,/players/v/vaanaos01.html,D,139,479,13,55,68,17.7,0
John Van Boxmeer,/players/v/vanbojo01.html,D,18,588,84,274,358,55.0,0
David Van Der Gulik,/players/v/vandeda01.html,RW,42,49,2,11,13,1.3,0
Wayne Van Dorp,/players/v/vandowa01.html,LW,28,125,12,12,24,-0.5,0
Yvon Vautour,/players/v/vautoyv01.html,RW,5,204,26,33,59,-0.3,0
Randy Velischek,/players/v/velisra01.html,D,117,509,21,76,97,17.4,0
Mark Vermette,/players/v/vermema01.html,RW,67,67,5,13,18,-0.7,0
Mike Vernace,/players/v/vernami01.html,D,12,22,0,1,1,0.0,0
Dan Vincelette,/players/v/vinceda01.html,LW,27,193,20,22,42,-1.5,0
Tomas Vincour,/players/v/vincoto01.html,C,9,95,7,10,17,0.7,0
Radim Vrbata,/players/v/vrbatra01.html,RW,118,1057,284,339,623,69.1,0
Chris Wagner,/players/w/wagnech01.html,C,26,250,29,19,48,2.8,0
Ed Ward,/players/w/warded01.html,RW,7,278,23,26,49,0.7,0
David Warsofsky,/players/w/warsoda01.html,D,16,55,2,9,11,1.6,0
John Wensink,/players/w/wensijo01.html,LW,53,403,70,68,138,5.3,0
Brad Werenka,/players/w/werenbr01.html,D,11,320,19,61,80,19.9,0
Blake Wesley,/players/w/weslebl01.html,D,119,298,18,46,64,12.2,0
Brian White,/players/w/whitebr01.html,D,2,2,0,0,0,0.0,0
Patrick Wiercioch,/players/w/wiercpa01.html,D,57,268,16,58,74,13.3,0
Brian Willsie,/players/w/willsbr01.html,RW,115,381,52,57,109,5.9,0
Colin Wilson,/players/w/wilsoco01.html,C,121,623,113,169,282,29.0,0
Landon Wilson,/players/w/wilsola02.html,RW,16,375,53,66,119,10.4,0
Daniel Winnik,/players/w/winnida01.html,C/LW,143,798,82,169,251,18.1,0
Peter Worrell,/players/w/worrepe01.html,LW,49,391,19,27,46,-0.5,0
Nail Yakupov,/players/y/yakupna01.html,RW,58,350,62,74,136,10.7,0
Brandon Yip,/players/y/yipbr01.html,RW,113,174,29,27,56,4.4,0
Greg Zanon,/players/z/zanongr01.html,D,44,493,12,50,62,18.1,0
Richard Zemlak,/players/z/zemlari01.html,RW,21,133,2,12,14,-2.9,0
