Alex Auld,/players/a/auldal01.html,G,21,237,0,7,7,35.8,91
Richard Bachman,/players/b/bachmri01.html,G,32,48,0,1,1,6.1,20
Garry Bauman,/players/b/baumaga01.html,G,33,35,0,0,0,2.5,5
Daniel Berthiaume,/players/b/berthda01.html,G,5,215,0,4,4,29.4,81
Allan Bester,/players/b/besteal01.html,G,10,219,0,8,8,37.6,73
Ben Bishop,/players/b/bishobe01.html,G,99,369,0,10,10,67.8,201
Landon Bow,/players/b/bowla01.html,G,2,2,0,0,0,0.2,0
Ken Broderick,/players/b/brodeke01.html,G,7,27,0,1,1,4.2,11
Jack Campbell,/players/c/campbja01.html,G,1,38,0,1,1,7.4,12
Matt Climie,/players/c/climima01.html,G,4,5,0,0,0,0.6,2
Jim Craig,/players/c/craigji01.html,G,3,30,0,1,1,4.2,11
Gary Edwards,/players/e/edwarga01.html,G,51,286,0,5,5,36.3,88
Dan Ellis,/players/e/ellisda01.html,G,15,212,0,6,6,30.1,87
Jhonas Enroth,/players/e/enrotjh01.html,G,13,153,0,0,0,24.0,50
Manny Fernandez,/players/f/fernama01.html,G,33,325,0,6,6,59.4,143
Gilles Gilbert,/players/g/gilbegi01.html,G,44,416,0,9,9,69.9,192
Paul Harrison,/players/h/harripa01.html,G,35,109,0,1,1,10.0,28
Brian Hayward,/players/h/haywabr01.html,G,26,357,0,13,13,49.1,143
Johan Hedberg,/players/h/hedbejo01.html,G,19,373,0,10,10,51.6,161
Corey Hirsch,/players/h/hirscco01.html,G,2,108,0,3,3,14.1,34
Johan Holmqvist,/players/h/holmqjo01.html,G,2,99,0,4,4,10.1,48
Arturs Irbe,/players/i/irbear01.html,G,35,568,0,9,9,83.6,218
Steve Janaszak,/players/j/janasst01.html,G,1,3,0,0,0,0.1,0
Anton Khudobin,/players/k/khudoan01.html,G,41,188,0,3,3,33.0,83
Brent Krahn,/players/k/krahnbr01.html,G,1,1,0,0,0,-0.2,0
Jean-Louis Levasseur,/players/l/levasje01.html,G,1,1,0,0,0,-0.1,0
Anders Lindback,/players/l/lindban01.html,G,10,130,0,4,4,16.6,45
Pete LoPresti,/players/l/loprepe01.html,G,173,175,0,3,3,16.5,43
Markus Mattsson,/players/m/mattsma01.html,G,2,92,0,1,1,10.8,21
Mike McKenna,/players/m/mckenmi01.html,G,2,35,0,1,1,3.5,7
Roland Melanson,/players/m/melanro01.html,G,26,291,0,11,11,50.7,129
Lindsay Middlebrook,/players/m/middlli01.html,G,3,37,0,0,0,2.1,3
Andy Moog,/players/m/moogan01.html,G,175,713,0,24,24,111.7,372
Jarmo Myllys,/players/m/myllyja01.html,G,12,39,0,1,1,3.6,4
Antti Niemi,/players/n/niemian02.html,G,85,464,0,12,12,73.8,242
Cristopher Nilstorp,/players/n/nihlsch01.html,G,6,6,0,0,0,0.6,1
Andrew Raycroft,/players/r/raycran01.html,G,29,280,0,3,3,38.6,113
Fern Rivard,/players/r/rivarfe01.html,G,55,55,0,0,0,3.9,9
Jussi Rynnas,/players/r/rynnaju01.html,G,2,5,0,0,0,-0.2,0
Mike Sands,/players/s/sandsmi01.html,G,6,6,0,0,0,0.8,0
Gary Smith,/players/s/smithga01.html,G,39,531,0,7,7,69.8,174
Mike Smith,/players/s/smithmi01.html,G,44,571,1,15,16,99.1,243
Tobias Stephan,/players/s/stephto01.html,G,11,11,0,1,1,0.8,1
Kari Takko,/players/t/takkoka01.html,G,131,142,0,2,2,20.6,37
Tim Thomas,/players/t/thomati01.html,G,8,426,0,7,7,92.8,214
Mike Torchia,/players/t/torchmi01.html,G,6,6,0,0,0,0.9,3
Ron Tugnutt,/players/t/tugnuro01.html,G,42,537,0,7,7,78.9,186
Roman Turek,/players/t/turekro01.html,G,55,328,0,12,12,48.0,159
Darcy Wakaluk,/players/w/wakalda01.html,G,153,191,0,6,6,24.1,67
Carl Wetzel,/players/w/wetzeca01.html,G,5,7,0,0,0,0.0,1
Jordan Willis,/players/w/willijo01.html,G,1,1,0,0,0,0.1,0
Gump Worsley,/players/w/worslgu01.html,G,107,860,0,3,3,131.2,333
Greg Adams,/players/a/adamsgr02.html,LW,177,1056,355,388,743,62.5,0
Chris Ahrens,/players/a/ahrench01.html,D,52,52,0,3,3,0.5,0
Keith Aldridge,/players/a/aldrike01.html,D,4,4,0,0,0,0.2,0
Mike Antonovich,/players/a/antonmi01.html,C,14,87,10,15,25,-0.2,0
Dave Archibald,/players/a/archida01.html,C/LW,162,323,57,67,124,4.6,0
Jim Archibald,/players/a/archiji01.html,RW,16,16,1,2,3,-0.2,0
Chuck Arnason,/players/a/arnasch01.html,RW,1,401,109,90,199,11.8,0
Brent Ashton,/players/a/ashtobr01.html,LW,97,998,284,345,629,39.7,0
Donald Audette,/players/a/audetdo01.html,RW,20,735,260,249,509,53.4,0
Sean Avery,/players/a/averyse01.html,C,23,580,90,157,247,23.3,0
Warren Babe,/players/b/babewa01.html,LW,21,21,2,5,7,0.3,0
John Baby,/players/b/babyjo01.html,D,2,26,2,8,10,1.1,0
Helmut Balderis,/players/b/baldehe01.html,RW,26,26,3,6,9,0.3,0
Dave Balon,/players/b/balonda01.html,LW,73,777,192,222,414,34.5,0
Don Barber,/players/b/barbedo01.html,W,74,115,25,32,57,3.3,0
Bob Barlow,/players/b/barlobo01.html,LW,77,77,16,17,33,2.2,0
Matthew Barnaby,/players/b/barnama01.html,RW,39,834,113,187,300,22.9,0
Dave Barr,/players/b/barrda01.html,RW,20,614,128,204,332,19.9,0
Doug Barrault,/players/b/barrado01.html,RW,2,4,0,0,0,-0.2,0
John Barrett,/players/b/barrejo01.html,D,1,488,20,77,97,16.4,0
Bob Bassen,/players/b/bassebo01.html,C,117,765,88,144,232,6.3,0
Nolan Baumgartner,/players/b/baumgno01.html,D,7,143,7,40,47,8.4,0
Gavin Bayreuther,/players/b/bayrega01.html,D,19,19,2,3,5,1.4,0
Norm Beaudin,/players/b/beaudno01.html,RW,12,25,1,2,3,-0.5,0
Steve Begin,/players/b/beginst01.html,C,20,524,56,52,108,6.6,0
Harvey Bennett,/players/b/benneha02.html,C,64,268,44,46,90,0.9,0
Perry Berezan,/players/b/berezpe01.html,C,132,378,61,75,136,4.8,0
Mike Berger,/players/b/bergemi02.html,D,30,30,3,1,4,0.3,0
Bob Bergloff,/players/b/berglbo02.html,D,2,2,0,0,0,0.0,0
Bo Berglund,/players/b/berglbo01.html,RW,36,130,28,39,67,3.1,0
Gary Bergman,/players/b/bergmga01.html,D,57,838,68,299,367,62.8,0
Brad Berry,/players/b/berrybr01.html,D,78,241,4,28,32,9.7,0
Nick Beverley,/players/b/beverni01.html,D,109,502,18,94,112,25.7,0
Dwight Bialowas,/players/b/bialodw01.html,D,116,164,11,46,57,10.6,0
Don Biggs,/players/b/biggsdo01.html,C,1,12,2,0,2,-0.1,0
James Black,/players/b/blackja01.html,LW,23,352,58,57,115,8.6,0
Don Blackburn,/players/b/blackdo01.html,LW,4,185,23,44,67,2.0,0
Rick Boh,/players/b/bohri01.html,C,8,8,2,1,3,0.2,0
Leo Boivin*,/players/b/boivile01.html,D,97,1150,72,250,322,69.6,0
Jim Boo,/players/b/booji01.html,D,6,6,0,0,0,-0.2,0
Nikolai Borschevsky,/players/b/borscni01.html,RW,12,162,49,73,122,10.9,0
Jason Botterill,/players/b/botteja01.html,LW,21,88,5,9,14,0.0,0
Henry Boucha,/players/b/bouchhe01.html,C,51,247,53,49,102,4.8,0
Joel Bouchard,/players/b/bouchjo01.html,D,2,364,22,53,75,15.1,0
Tyler Bouck,/players/b/bouckty01.html,C,48,91,4,8,12,0.0,0
Andre Boudrias,/players/b/boudran01.html,LW,127,662,151,340,491,35.6,0
Paul Boutilier,/players/b/boutipa01.html,D,10,288,27,83,110,17.4,0
Zac Boyer,/players/b/boyerza01.html,RW,3,3,0,0,0,-0.1,0
Neil Brady,/players/b/bradyne01.html,C,5,89,9,22,31,0.3,0
Per-Olov Brasar,/players/b/brasape01.html,LW,167,348,64,142,206,11.6,0
Aaron Broten,/players/b/broteaa01.html,LW/C,35,748,186,329,515,30.9,0
Paul Broten,/players/b/brotepa01.html,RW,111,322,46,55,101,4.4,0
Rob Brown,/players/b/brownro01.html,RW,1,543,190,248,438,35.5,0
Murray Brumwell,/players/b/brumwmu01.html,D,22,128,12,31,43,7.6,0
Benoit Brunet,/players/b/brunebe01.html,LW,32,539,101,161,262,22.0,0
Fabian Brunnstrom,/players/b/brunnfa01.html,LW,99,104,19,22,41,3.6,0
Valeri Bure,/players/b/bureva01.html,RW,13,621,174,226,400,39.0,0
Marc Bureau,/players/b/bureama01.html,C,55,567,55,83,138,3.0,0
Adam Burish,/players/b/burisad01.html,RW,128,378,27,33,60,0.9,0
Bill Butters,/players/b/buttebi01.html,D,72,72,1,4,5,2.4,0
Petr Buzek,/players/b/buzekpe01.html,D,4,157,9,22,31,5.5,0
Jerry Byers,/players/b/byersje01.html,LW,24,43,3,4,7,-0.3,0
Terry Caffery,/players/c/caffete01.html,C,8,14,0,0,0,-0.4,0
Craig Cameron,/players/c/camercr01.html,RW,182,552,87,65,152,3.3,0
Jack Carlson,/players/c/carlsja01.html,LW,124,236,30,15,45,-0.7,0
Connor Carrick,/players/c/carrico01.html,D,14,201,11,30,41,7.0,0
Jay Caufield,/players/c/caufija01.html,RW,1,208,5,8,13,-4.3,0
Paul Cavallini,/players/c/cavalpa01.html,D,126,564,56,177,233,46.7,0
Bob Charlebois,/players/c/charlbo01.html,LW,7,7,1,0,1,-0.1,0
Mike Chernoff,/players/c/chernmi01.html,LW,1,1,0,0,0,0.0,0
Alex Chiasson,/players/c/chiasal01.html,RW,86,454,81,81,162,13.9,0
Dan Chicoine,/players/c/chicoda01.html,RW,25,31,1,2,3,-0.9,0
Rick Chinnick,/players/c/chinnri01.html,RW,4,4,0,2,2,0.1,0
Colin Chisholm,/players/c/chishco01.html,D,1,1,0,0,0,0.0,0
Ryan Christie,/players/c/chrisry01.html,LW,5,7,0,0,0,-0.1,0
Steve Christoff,/players/c/chrisst01.html,C,145,248,77,64,141,8.5,0
Enrico Ciccone,/players/c/ciccoen01.html,D,42,374,10,18,28,14.1,0
Andrew Cogliano,/players/c/coglian01.html,LW/C,32,944,162,223,385,37.5,0
Erik Cole,/players/c/coleer01.html,LW,160,892,265,267,532,59.0,0
Tom Colley,/players/c/colleto01.html,C,1,1,0,0,0,-0.1,0
Blake Comeau,/players/c/comeabl01.html,RW,77,797,128,175,303,24.2,0
Erik Condra,/players/c/condrer01.html,RW,6,372,40,59,99,7.7,0
Kevin Connauton,/players/c/connake01.html,D,44,310,27,49,76,16.7,0
Wayne Connelly,/players/c/connewa01.html,C,129,543,133,174,307,21.1,0
Chris Conner,/players/c/connech01.html,RW,71,180,22,28,50,4.2,0
Joe Contini,/players/c/contijo01.html,C,1,68,17,21,38,2.3,0
Bob Cook,/players/c/cookbo01.html,RW,2,72,13,9,22,0.6,0
Shayne Corson,/players/c/corsosh01.html,LW,17,1156,273,420,693,55.0,0
Patrick Cote,/players/c/cotepa01.html,LW,8,105,1,2,3,-1.2,0
Sylvain Cote,/players/c/cotesy01.html,D,28,1171,122,313,435,86.6,0
Tim Coulis,/players/c/couliti01.html,LW,28,47,4,5,9,-0.7,0
Adam Cracknell,/players/c/crackad01.html,RW,70,210,21,22,43,3.7,0
Dave Cressman,/players/c/cressda01.html,LW,85,85,6,8,14,-0.5,0
B.J. Crombeen,/players/c/crombbj01.html,RW,23,445,34,46,80,2.4,0
Chris Dahlquist,/players/d/dahlqch01.html,D,116,532,19,71,90,18.6,0
Kevin Dean,/players/d/deanke01.html,D,14,331,7,48,55,16.3,0
Jason Demers,/players/d/demerja01.html,D,123,608,45,154,199,40.2,0
Larry DePalma,/players/d/depalla01.html,LW,121,148,21,20,41,-0.1,0
Jason Dickinson,/players/d/dickija01.html,C,105,105,9,18,27,2.1,0
Gerald Diduck,/players/d/diducge01.html,D,14,932,56,156,212,51.7,0
Brenden Dillon,/players/d/dillobr01.html,D,149,529,21,79,100,22.1,0
Gary Dineen,/players/d/dineega01.html,C,4,4,0,1,1,-0.1,0
Gord Dineen,/players/d/dineego01.html,D,15,528,16,90,106,18.0,0
Jim Dobson,/players/d/dobsoji01.html,RW,8,12,0,0,0,-0.4,0
Clark Donatelli,/players/d/donatcl01.html,LW,25,35,3,4,7,-0.6,0
Ted Donato,/players/d/donatte01.html,LW,65,796,150,197,347,28.6,0
Gord Donnelly,/players/d/donnego01.html,D,34,554,28,41,69,5.0,0
Mike Donnelly,/players/d/donnemi01.html,LW,59,465,114,121,235,15.2,0
Jordy Douglas,/players/d/dougljo01.html,LW,82,268,76,62,138,6.6,0
Peter Douris,/players/d/douripe01.html,RW,1,321,54,67,121,6.6,0
Jake Dowell,/players/d/dowelja01.html,C,52,157,11,22,33,2.0,0
Justin Dowling,/players/d/dowliju01.html,C,20,20,0,3,3,-0.2,0
Aaron Downey,/players/d/downeaa01.html,RW,80,243,8,10,18,0.5,0
Ken Duggan,/players/d/duggake01.html,D,1,1,0,0,0,0.0,0
Blake Dunlop,/players/d/dunlobl01.html,C,100,550,130,274,404,24.2,0
Radek Dvorak,/players/d/dvorara01.html,RW,73,1260,227,363,590,48.5,0
Patrick Eaves,/players/e/eavespa01.html,RW,160,633,132,110,242,25.5,0
Pelle Eklund,/players/e/eklunpe01.html,C,5,594,120,335,455,27.5,0
Remi Elie,/players/e/eliere01.html,LW,90,106,7,15,22,1.5,0
Todd Elik,/players/e/elikto01.html,C,108,448,110,219,329,24.4,0
Jerry Engele,/players/e/engelje01.html,D,100,100,2,13,15,3.8,0
Grant Erickson,/players/e/erickgr01.html,LW,4,6,1,0,1,-0.1,0
Roland Eriksson,/players/e/eriksro01.html,C,158,193,48,95,143,9.1,0
Bob Errey,/players/e/erreybo01.html,LW,59,895,170,212,382,20.9,0
John Erskine,/players/e/erskijo01.html,D,107,491,15,39,54,11.7,0
Kevin Evans,/players/e/evanske01.html,LW,4,9,0,1,1,-0.2,0
Dean Evason,/players/e/evasode01.html,C,127,803,139,233,372,17.7,0
Bill Fairbairn,/players/f/fairbbi01.html,RW,57,658,162,261,423,33.1,0
Kelly Fairchild,/players/f/faircke01.html,C,1,34,2,3,5,-0.1,0
Tony Featherstone,/players/f/feathto01.html,RW,54,130,17,21,38,0.8,0
Todd Fedoruk,/players/f/fedorto01.html,LW,11,545,32,65,97,4.7,0
Taylor Fedun,/players/f/fedunta01.html,D,54,100,6,20,26,5.7,0
Brent Fedyk,/players/f/fedykbr01.html,LW,41,470,97,112,209,12.1,0
George Ferguson,/players/f/ferguge01.html,C,128,797,160,238,398,19.3,0
Mike Fidler,/players/f/fidlemi01.html,LW,103,271,84,97,181,12.6,0
Sandy Fitzpatrick,/players/f/fitzpsa01.html,C,18,22,3,6,9,0.6,0
John Flesch,/players/f/flescjo01.html,LW,90,124,18,23,41,0.6,0
Rob Flockhart,/players/f/flockro01.html,LW,12,55,2,5,7,-1.3,0
Jon Fontas,/players/f/fontajo01.html,C,2,2,0,0,0,-0.1,0
Maxime Fortunus,/players/f/fortuma01.html,D,9,9,0,1,1,-0.2,0
Curt Fraser,/players/f/frasecu01.html,LW,53,704,193,239,432,26.1,0
Iain Fraser,/players/f/fraseia01.html,C,4,94,23,23,46,3.1,0
Matt Fraser,/players/f/frasema02.html,LW,13,87,11,6,17,0.9,0
Ron Friest,/players/f/friesro01.html,LW,64,64,7,7,14,-0.4,0
Link Gaetz,/players/g/gaetzli01.html,D,17,65,6,8,14,1.6,0
Aaron Gagnon,/players/g/gagnoaa01.html,C,21,38,3,2,5,0.2,0
Steve Gainey,/players/g/gainest01.html,LW,13,33,0,2,2,-0.3,0
Jamie Gallimore,/players/g/gallija01.html,RW,2,2,0,0,0,0.0,0
Gary Gambucci,/players/g/gambuga01.html,C,51,51,2,7,9,-0.2,0
Mike Gartner*,/players/g/gartnmi01.html,RW,80,1432,708,627,1335,121.8,0
Cameron Gaunce,/players/g/gauncca01.html,D,9,34,2,3,5,1.1,0
Aaron Gavey,/players/g/gaveyaa01.html,C,48,360,41,50,91,4.0,0
Gary Geldart,/players/g/geldaga01.html,D,4,4,0,0,0,0.0,0
Ben Gleason,/players/g/gleasbe01.html,D,4,4,0,1,1,0.1,0
Scott Glennie,/players/g/glennsc01.html,RW,1,1,0,0,0,0.0,0
Brian Glynn,/players/g/glynnbr01.html,D,103,431,25,79,104,17.9,0
Pete Goegan,/players/g/goegape01.html,D,46,383,19,67,86,23.3,0
Sergei Gonchar,/players/g/gonchse01.html,D,79,1301,220,591,811,141.9,0
Steve Gotaas,/players/g/gotaast01.html,C,13,49,6,9,15,-0.1,0
Norm Gratton,/players/g/grattno01.html,LW,66,201,39,45,84,3.8,0
Jari Gronstrand,/players/g/gronsja01.html,D,47,185,8,26,34,8.6,0
Denis Gurianov,/players/g/guriade01.html,RW,22,22,1,3,4,0.0,0
Sergey Gusev,/players/g/gusevse01.html,D,31,89,4,10,14,2.1,0
Marc Habscheid,/players/h/habscma01.html,RW/C,113,345,72,91,163,7.2,0
Anders Hakansson,/players/h/hakanan01.html,LW,77,330,52,46,98,0.9,0
Murray Hall,/players/h/hallmu01.html,RW,17,164,35,48,83,4.6,0
Mats Hallin,/players/h/hallima01.html,LW,44,152,17,14,31,-1.3,0
Jeff Halpern,/players/h/halpeje01.html,C,140,976,152,221,373,28.3,0
Dan Hamhuis,/players/h/hamhuda01.html,D,159,1088,59,289,348,72.8,0
Ted Hampson,/players/h/hampste01.html,C,96,677,108,245,353,20.9,0
Joel Hanley,/players/h/hanlejo01.html,D,16,38,0,6,6,1.1,0
Dave Hanson,/players/h/hansoda01.html,D,22,33,1,1,2,1.1,0
Martin Hanzal,/players/h/hanzama01.html,C,45,673,127,211,338,29.2,0
Mark Hardy,/players/h/hardyma01.html,D,15,915,62,306,368,49.6,0
Duke Harris,/players/h/harridu01.html,RW,22,26,1,4,5,-0.6,0
Kevin Hatcher,/players/h/hatchke01.html,D,121,1157,227,450,677,110.1,0
Greg Hawgood,/players/h/hawgogr01.html,D,2,474,60,164,224,37.6,0
Peter Hayek,/players/h/hayekpe01.html,D,1,1,0,0,0,0.0,0
Dillon Heatherington,/players/h/heathdi01.html,D,11,11,0,2,2,0.9,0
Bill Heindl,/players/h/heindbi01.html,LW,14,18,2,1,3,0.0,0
Miro Heiskanen,/players/h/heiskmi01.html,D,82,82,12,21,33,6.5,0
Sami Helenius,/players/h/helensa01.html,D,101,155,2,4,6,2.0,0
Raimo Helminen,/players/h/helmira01.html,C,6,117,13,46,59,1.4,0
Ales Hemsky,/players/h/hemskal01.html,RW,166,845,174,398,572,54.6,0
Archie Henderson,/players/h/hendear01.html,RW,1,23,3,1,4,-0.1,0
Bryan Hextall,/players/h/hextabr02.html,C,58,549,99,161,260,11.5,0
Larry Hillman,/players/h/hillmla01.html,D,12,789,36,196,232,57.3,0
Wayne Hillman,/players/h/hillmwa01.html,D,50,691,18,86,104,37.3,0
Roope Hintz,/players/h/hintzro01.html,LW,58,58,9,13,22,1.6,0
Tom Hirsch,/players/h/hirscto01.html,D,31,31,1,7,8,0.7,0
Ken Hodge,/players/h/hodgeke02.html,C/RW,5,142,39,48,87,6.4,0
Bill Hogaboam,/players/h/hogabbi01.html,C,109,332,80,109,189,11.0,0
Terry Holbrook,/players/h/holbrte01.html,RW,43,43,3,6,9,-0.5,0
Paul Holmgren,/players/h/holmgpa01.html,RW,27,527,144,179,323,21.6,0
Julius Honka,/players/h/honkaju01.html,D,87,87,2,11,13,2.3,0
Shawn Horcoff,/players/h/horcosh01.html,C,153,1008,186,325,511,44.3,0
Bronco Horvath,/players/h/horvabr01.html,C,14,434,141,185,326,29.8,0
Ed Hospodar,/players/h/hospoed01.html,D,43,450,17,51,68,16.7,0
Paul Houck,/players/h/houckpa01.html,RW,16,16,1,2,3,-0.2,0
Tony Hrkac,/players/h/hrkacto01.html,C,82,758,132,239,371,25.7,0
Bill Huard,/players/h/huardbi01.html,LW,91,223,16,18,34,-1.3,0
Jiri Hudler,/players/h/hudleji01.html,RW/C,32,708,164,264,428,47.7,0
Andrew Hutchinson,/players/h/hutchan01.html,D,38,140,12,27,39,5.9,0
Ric Jackman,/players/j/jackmri01.html,D,38,231,19,58,77,8.8,0
Don Jackson,/players/j/jacksdo02.html,D,27,315,16,52,68,12.9,0
Jaromir Jagr,/players/j/jagrja01.html,RW,34,1733,766,1155,1921,217.1,0
Dan Jancevski,/players/j/janceda01.html,D,7,9,0,0,0,0.1,0
Doug Janik,/players/j/janikdo01.html,D,13,190,3,16,19,3.1,0
Mark Janssens,/players/j/janssma01.html,C,3,711,40,73,113,-7.9,0
Pierre Jarry,/players/j/jarrypi01.html,LW,115,344,88,117,205,13.8,0
Wes Jarvis,/players/j/jarviwe01.html,C,3,237,31,55,86,1.7,0
Dustin Jeffrey,/players/j/jeffrdu01.html,C,24,131,18,15,33,3.1,0
David Jensen,/players/j/jenseda02.html,D,18,18,0,2,2,0.4,0
Steve Jensen,/players/j/jensest01.html,LW,171,438,113,107,220,10.5,0
Paul Jerrard,/players/j/jerrapa01.html,D,5,5,0,0,0,-0.1,0
Don Johns,/players/j/johnsdo01.html,D,4,153,2,21,23,5.1,0
Stephen Johns,/players/j/johnsst03.html,D,150,150,13,15,28,5.8,0
Mark Johnson,/players/j/johnsma02.html,C,10,669,203,305,508,30.5,0
Joey Johnston,/players/j/johnsjo01.html,LW,12,332,85,106,191,11.6,0
Marshall Johnston,/players/j/johnsma01.html,D,48,250,14,52,66,12.1,0
Jyrki Jokipakka,/players/j/jokipjy01.html,D,91,150,3,25,28,4.6,0
Duane Joyce,/players/j/joycedu01.html,D,3,3,0,0,0,0.1,0
Valeri Kamensky,/players/k/kamenva01.html,LW,24,637,200,301,501,47.7,0
Kevin Kaminski,/players/k/kaminke01.html,C,1,139,3,10,13,-2.1,0
Dan Keczmer,/players/k/keczmda01.html,D,61,235,8,38,46,9.8,0
Mike Kennedy,/players/k/kennemi01.html,C,131,145,16,36,52,2.5,0
Dan Kesa,/players/k/kesada01.html,RW,3,139,8,22,30,0.0,0
Udo Kiessling,/players/k/kiessud01.html,D,1,1,0,0,0,0.0,0
Trent Klatt,/players/k/klatttr01.html,RW,178,782,143,200,343,29.6,0
Jon Klemm,/players/k/klemmjo01.html,D,172,773,42,100,142,40.2,0
Dean Kolstad,/players/k/kolstde01.html,D,30,40,1,7,8,1.2,0
Lauri Korpikoski,/players/k/korpila01.html,LW,60,609,86,115,201,14.8,0
Joel L'Esperance,/players/l/lespejo01.html,RW,18,18,2,0,2,0.0,0
Marc Labelle,/players/l/labelma01.html,LW,9,9,0,0,0,-0.4,0
Gord Labossiere,/players/l/labosgo01.html,C,38,215,44,62,106,6.6,0
Robbie Laird,/players/l/lairdro01.html,LW,1,1,0,0,0,-0.1,0
Mike Lalor,/players/l/lalormi01.html,D,142,687,17,88,105,31.5,0
Dave Langevin,/players/l/langeda01.html,D,80,513,12,107,119,29.1,0
Alain Langlais,/players/l/langlal02.html,LW,25,25,4,4,8,0.1,0
Peter Lappin,/players/l/lappipe01.html,RW,6,7,0,0,0,-0.3,0
Claude Larose,/players/l/laroscl01.html,RW,142,944,226,257,483,35.5,0
Philip Larsen,/players/l/larseph01.html,D,95,151,9,28,37,6.8,0
Reed Larson,/players/l/larsore01.html,D,11,904,222,463,685,89.7,0
Mark Lawrence,/players/l/lawrema01.html,RW,15,142,18,26,44,2.4,0
Danny Lawson,/players/l/lawsoda01.html,RW,95,218,28,29,57,0.9,0
Greg Leeb,/players/l/leebgr01.html,C,2,2,0,0,0,-0.1,0
Ken Leiter,/players/l/leiteke01.html,D,4,143,14,36,50,10.1,0
Claude Lemieux,/players/l/lemiecl01.html,RW,32,1215,379,407,786,67.0,0
Junior Lessard,/players/l/lessaju01.html,RW/C,8,27,3,1,4,0.1,0
Alan Letang,/players/l/letanal01.html,D,8,14,0,0,0,-0.4,0
Craig Levie,/players/l/leviecr01.html,D,51,183,22,53,75,12.4,0
Doug Lidster,/players/l/lidstdo01.html,D,17,897,75,268,343,55.5,0
Juha Lind,/players/l/lindju01.html,C,73,133,9,13,22,0.9,0
Lars Lindgren,/players/l/lindgla01.html,D,59,394,25,113,138,24.8,0
Perttu Lindgren,/players/l/lindgpe01.html,C,1,1,0,0,0,0.0,0
Eric Lindros*,/players/l/lindrer01.html,C,49,760,372,493,865,101.6,0
Ben Lovejoy,/players/l/lovejbe01.html,D,20,544,20,81,101,25.6,0
Warren Luhning,/players/l/luhniwa01.html,RW,10,29,0,1,1,-0.8,0
Jyrki Lumme,/players/l/lummejy01.html,D,15,985,114,354,468,79.8,0
Len Lunde,/players/l/lundele01.html,C,7,321,39,83,122,4.8,0
Joel Lundqvist,/players/l/lundqjo01.html,C,134,134,7,19,26,0.4,0
Roman Lyashenko,/players/l/lyashro01.html,C,122,139,14,9,23,1.4,0
Lane MacDermid,/players/m/macdela01.html,LW,12,21,2,2,4,0.6,0
Parker MacDonald,/players/m/macdopa01.html,C,104,676,144,179,323,23.5,0
Kim MacDougall,/players/m/macdoki02.html,D,1,1,0,0,0,0.0,0
Barry MacKenzie,/players/m/mackeba01.html,D,6,6,0,1,1,0.2,0
David Mackey,/players/m/mackeda01.html,LW,16,126,8,12,20,-1.8,0
John MacLean,/players/m/maclejo01.html,RW,48,1194,413,429,842,74.3,0
Pat MacLeod,/players/m/maclepa02.html,D,3,53,5,13,18,0.6,0
Jeff MacMillan,/players/m/macmije01.html,D,4,4,0,0,0,-0.1,0
Dean Magee,/players/m/mageede01.html,LW,7,7,0,0,0,-0.3,0
Sergei Makarov*,/players/m/makarse01.html,RW,4,424,134,250,384,31.1,0
Manny Malhotra,/players/m/malhoma01.html,C,84,991,116,179,295,20.8,0
Steve Maltais,/players/m/maltast01.html,LW,12,120,9,18,27,-0.8,0
Dan Mandich,/players/m/mandida01.html,D,111,111,5,11,16,4.2,0
Kris Manery,/players/m/manerkr01.html,C/RW,88,250,63,64,127,7.1,0
Dave Manson,/players/m/mansoda01.html,D,60,1103,102,288,390,66.5,0
Moe Mantha,/players/m/manthmo01.html,D,46,656,81,289,370,45.6,0
Milan Marcetta,/players/m/marcemi01.html,C,54,54,7,15,22,1.0,0
John Markell,/players/m/markejo01.html,LW,1,55,11,10,21,0.6,0
Daniel Marois,/players/m/maroida01.html,RW,3,350,117,93,210,14.2,0
Terry Martin,/players/m/martite01.html,LW,7,479,104,101,205,8.3,0
Tom Martin,/players/m/martito02.html,LW,4,92,12,11,23,0.6,0
Don Martineau,/players/m/martido01.html,RW,76,90,6,10,16,-1.0,0
Steve Martinson,/players/m/martist01.html,LW,1,49,2,1,3,-0.9,0
Bill Masterton,/players/m/mastebi01.html,C,38,38,4,8,12,0.5,0
Bryan Maxwell,/players/m/maxwebr01.html,D,42,330,18,77,95,16.7,0
Kevin Maxwell,/players/m/maxweke01.html,C,18,66,6,15,21,-0.3,0
Alan May,/players/m/mayal01.html,RW,35,393,31,45,76,-2.0,0
Ted McCaskill,/players/m/mccaste01.html,C,4,4,0,2,2,0.0,0
Bob McCord,/players/m/mccorbo01.html,D,139,316,10,58,68,15.7,0
Jim McElmury,/players/m/mcelmji01.html,D,7,180,14,47,61,10.1,0
Mike McHugh,/players/m/mchugmi01.html,LW,12,20,1,0,1,-0.5,0
Bruce McIntosh,/players/m/mcintbr01.html,D,2,2,0,0,0,0.1,0
Randy McKay,/players/m/mckayra02.html,RW,14,932,162,201,363,29.2,0
Walt McKechnie,/players/m/mckecwa01.html,C,112,955,214,392,606,37.5,0
Tony McKegney,/players/m/mckegto01.html,LW,108,912,320,319,639,45.3,0
Jim McKenny,/players/m/mckenji01.html,D,10,604,82,247,329,53.7,0
Curtis McKenzie,/players/m/mckencu01.html,LW,99,99,10,13,23,1.6,0
Jim McKenzie,/players/m/mckenji02.html,LW,34,880,48,52,100,-6.8,0
Mike McMahon,/players/m/mcmahmi02.html,D,117,224,15,68,83,15.8,0
Mark McNeill,/players/m/mcneima01.html,RW,1,2,0,0,0,-0.1,0
Mike McPhee,/players/m/mcphemi01.html,LW,163,744,200,199,399,29.5,0
Ron Meighan,/players/m/meighro01.html,D,7,48,3,7,10,1.8,0
Barrie Meissner,/players/m/meissba01.html,LW,6,6,0,1,1,-0.2,0
Roger Melin,/players/m/melinro01.html,LW,3,3,0,0,0,-0.1,0
Mitch Messier,/players/m/messimi01.html,C,20,20,0,2,2,-0.6,0
Marc Methot,/players/m/methoma01.html,D,45,624,22,101,123,30.8,0
Pat Micheletti,/players/m/michepa01.html,C,12,12,2,0,2,0.1,0
Corey Millen,/players/m/milleco01.html,C,41,335,90,119,209,16.9,0
Kip Miller,/players/m/milleki01.html,C,3,449,74,165,239,19.2,0
John Miszuk,/players/m/miszujo01.html,D,50,237,7,39,46,14.5,0
Jeff Mitchell,/players/m/mitchje01.html,C/RW,7,7,0,0,0,-0.2,0
Roy Mitchell,/players/m/mitchro01.html,D,3,3,0,0,0,0.1,0
Willie Mitchell,/players/m/mitchwi01.html,D,16,907,34,146,180,58.0,0
Jaroslav Modry,/players/m/modryja01.html,D,57,725,49,201,250,45.9,0
Travis Moen,/players/m/moentr01.html,LW,57,747,59,77,136,1.8,0
Doug Mohns,/players/m/mohnsdo01.html,LW/D,162,1391,248,462,710,90.5,0
Jim Montgomery,/players/m/montgji01.html,C,9,122,9,25,34,1.0,0
Jay More,/players/m/moreja01.html,D,5,406,18,54,72,14.0,0
Gavin Morgan,/players/m/morgaga01.html,C,6,6,0,0,0,0.0,0
Travis Morin,/players/m/morintr01.html,C,13,13,0,1,1,0.0,0
Brendan Morrison,/players/m/morribr01.html,C,19,934,200,401,601,58.7,0
Chris Mueller,/players/m/muellch01.html,C,9,53,3,7,10,0.2,0
Wayne Muloin,/players/m/muloiwa01.html,D,7,145,3,21,24,5.4,0
Craig Muni,/players/m/municr01.html,D,40,819,28,119,147,42.9,0
Larry Murphy*,/players/m/murphla01.html,D,121,1615,288,929,1217,176.8,0
Chris Murray,/players/m/murrach01.html,RW,32,242,16,18,34,-0.5,0
Ladislav Nagy,/players/n/nagyla01.html,LW,25,435,115,196,311,34.1,0
Rich Nantais,/players/n/nantari01.html,LW,63,63,5,4,9,-0.7,0
Mark Napier,/players/n/napiema01.html,RW,97,767,235,306,541,36.6,0
Mike Needham,/players/n/needhmi01.html,RW,5,86,9,5,14,-0.7,0
Patrik Nemeth,/players/n/nemetpa01.html,D,108,250,4,35,39,9.1,0
Bob Nevin,/players/n/nevinbo01.html,RW,138,1128,307,419,726,62.0,0
Janne Niinimaa,/players/n/niinija01.html,D,22,741,54,265,319,59.2,0
Kent Nilsson,/players/n/nilsske01.html,C,105,553,264,422,686,52.2,0
Rod Norrish,/players/n/norriro01.html,LW,21,21,3,3,6,0.0,0
Mattias Norstrom,/players/n/norstma01.html,D,80,903,18,147,165,40.1,0
Teppo Numminen,/players/n/nummite01.html,D,62,1372,117,520,637,108.9,0
Bill Nyrop,/players/n/nyropbi01.html,D,42,207,12,51,63,18.4,0
Eric Nystrom,/players/n/nystrer01.html,LW,122,593,75,48,123,5.6,0
Lyle Odelein,/players/o/odelely01.html,D,3,1056,50,202,252,60.4,0
Johnny Oduya,/players/o/oduyajo01.html,D,119,850,41,149,190,44.8,0
Jamie Oleksiak,/players/o/oleksja01.html,D,161,244,15,33,48,8.7,0
David Oliver,/players/o/oliveda01.html,RW,45,233,49,49,98,7.7,0
Bill Orban,/players/o/orbanbi01.html,C/LW,30,114,8,15,23,-1.7,0
Mark Osiecki,/players/o/osiecma01.html,D,5,93,3,11,14,2.3,0
Brad Palmer,/players/p/palmebr01.html,LW,95,168,32,38,70,1.8,0
Bob Paradise,/players/p/paradbo01.html,D,6,368,8,54,62,10.9,0
Adam Pardy,/players/p/pardyad01.html,D,36,342,4,48,52,11.2,0
Mark Parrish,/players/p/parrima01.html,RW,44,722,216,171,387,42.6,0
Dusan Pasek,/players/p/pasekdu01.html,C,48,48,4,10,14,0.0,0
Pavel Patera,/players/p/paterpa01.html,C,12,32,2,7,9,0.1,0
Greg Pateryn,/players/p/patergr01.html,D,85,247,4,32,36,7.9,0
Mark Pavelich,/players/p/pavelma02.html,C,12,355,137,192,329,24.1,0
Allen Pedersen,/players/p/pederal01.html,D,29,428,5,36,41,17.3,0
Scott Pellerin,/players/p/pellesc01.html,LW,53,536,72,126,198,14.3,0
Nathan Perrott,/players/p/perrona01.html,RW,23,89,4,5,9,0.2,0
Warren Peters,/players/p/peterwa01.html,C,11,96,4,4,8,-0.9,0
Robert Petrovicky,/players/p/petroro01.html,C,5,208,27,38,65,3.7,0
Rich Peverley,/players/p/peverri01.html,C,62,442,84,157,241,22.0,0
Alex Pirus,/players/p/pirusal01.html,RW,155,159,30,28,58,1.8,0
Tyler Pitlick,/players/p/pitlity01.html,C,127,185,33,20,53,5.6,0
Bill Plager,/players/p/plagebi01.html,D,60,263,4,34,38,10.8,0
Derek Plante,/players/p/plantde01.html,C,26,450,96,152,248,21.4,0
Roman Polak,/players/p/polakro01.html,D,77,765,26,110,136,33.3,0
Vojtech Polak,/players/p/polakvo01.html,LW,5,5,0,0,0,-0.1,0
Tom Polanic,/players/p/polanto01.html,D,19,19,0,2,2,0.5,0
Jean Potvin,/players/p/potvije01.html,D,64,613,63,224,287,47.2,0
Daniel Poulin,/players/p/poulida01.html,D,3,3,1,1,2,0.4,0
Dean Prentice,/players/p/prentde01.html,LW,168,1378,391,469,860,72.2,0
Pat Price,/players/p/pricepa01.html,D,14,726,43,218,261,46.8,0
Andre Pronovost,/players/p/pronoan01.html,LW,9,557,94,104,198,10.4,0
Brian Propp,/players/p/proppbr01.html,LW,147,1016,425,579,1004,83.6,0
Chris Pryor,/players/p/pryorch01.html,D,64,82,1,4,5,1.3,0
Jamie Pushor,/players/p/pushoja01.html,D,62,521,14,46,60,17.4,0
Dan Quinn,/players/q/quinnda01.html,C,11,805,266,419,685,46.2,0
Alexander Radulov,/players/r/radulal01.html,RW,152,382,121,179,300,35.9,0
Rob Ramage,/players/r/ramagro01.html,D,34,1044,139,425,564,75.1,0
Brendan Ranford,/players/r/ranfobr01.html,LW,1,1,0,0,0,0.0,0
Dick Redmond,/players/r/redmodi01.html,D,16,771,133,312,445,66.0,0
Travis Richards,/players/r/richatr01.html,D,3,3,0,0,0,0.0,0
Dave Richter,/players/r/richtda01.html,D,120,365,9,40,49,13.7,0
Jim Roberts,/players/r/roberji02.html,LW,106,106,17,23,40,1.2,0
Scott Robinson,/players/r/robinsc01.html,RW,1,1,0,0,0,0.0,0
John Rogers,/players/r/rogerjo01.html,RW,14,14,2,4,6,0.3,0
Doug Rombough,/players/r/rombodo01.html,C,59,150,24,27,51,2.5,0
Aaron Rome,/players/r/romeaa01.html,D,52,226,6,22,28,5.2,0
Bobby Rousseau,/players/r/roussbo01.html,RW,63,942,245,458,703,60.7,0
Derek Roy,/players/r/royde01.html,C,30,738,189,335,524,53.3,0
Stephane Roy,/players/r/royst01.html,C,12,12,1,0,1,-0.3,0
Martin Rucinsky,/players/r/rucinma01.html,LW,42,961,241,371,612,57.3,0
Duane Rupp,/players/r/ruppdu01.html,D,29,374,24,93,117,26.2,0
Terry Ruskowski,/players/r/ruskote01.html,C,50,629,113,313,426,20.5,0
Kris Russell,/players/r/russekr01.html,D,11,791,46,181,227,43.8,0
Michael Ryder,/players/r/rydermi01.html,RW,101,806,237,247,484,57.2,0
Scott Sandelin,/players/s/sandesc01.html,D,1,25,0,4,4,1.0,0
Gary Sargent,/players/s/sargega01.html,D,187,402,61,161,222,39.7,0
Glen Sather*,/players/s/sathegl01.html,LW,72,658,80,113,193,3.4,0
Raymond Sawada,/players/s/sawadra01.html,RW,11,11,1,0,1,0.0,0
Colton Sceviour,/players/s/scevico01.html,C/RW,170,385,53,72,125,10.2,0
David Schlemko,/players/s/schleda01.html,D,5,415,18,76,94,20.9,0
Wally Schreiber,/players/s/schrewa01.html,RW,41,41,8,10,18,0.7,0
Brandon Segal,/players/s/segalbr01.html,RW,65,103,11,11,22,2.1,0
Dan Seguin,/players/s/seguida01.html,LW,11,37,2,6,8,-0.4,0
Lubomir Sekeras,/players/s/sekerlu01.html,D,4,213,18,53,71,14.1,0
George Servinis,/players/s/servige01.html,LW,5,5,0,0,0,-0.2,0
Brent Severyn,/players/s/severbr01.html,LW,30,328,10,30,40,5.1,0
Patrick Sharp,/players/s/sharppa01.html,LW,124,939,287,333,620,71.1,0
David Shaw,/players/s/shawda01.html,D,37,769,41,153,194,42.2,0
Gord Sherven,/players/s/shervgo01.html,C,45,97,13,22,35,0.4,0
Paul Shmyr,/players/s/shmyrpa01.html,D,124,343,13,72,85,20.6,0
Jon Sim,/players/s/simjo01.html,LW,77,469,75,64,139,11.3,0
Reid Simpson,/players/s/simpsre01.html,LW,1,301,18,18,36,0.8,0
Ilkka Sinisalo,/players/s/sinisil01.html,RW,46,582,204,223,427,31.7,0
Ville Siren,/players/s/sirenvi01.html,D,91,290,14,68,82,16.5,0
Tommy Sjodin,/players/s/sjodito01.html,D,84,106,8,40,48,6.7,0
Jarrod Skalde,/players/s/skaldja01.html,C,1,115,13,21,34,0.8,0
Martin Skoula,/players/s/skoulma01.html,D,61,776,44,152,196,45.0,0
Karlis Skrastins,/players/s/skraska01.html,D,153,832,32,104,136,32.1,0
Brian Skrudland,/players/s/skrudbr01.html,C,75,881,124,219,343,19.8,0
Blake Sloan,/players/s/sloanbl01.html,RW,142,290,11,32,43,0.2,0
Darryl Sly,/players/s/slyda01.html,D,29,79,1,2,3,2.1,0
Doug Smail,/players/s/smaildo01.html,LW,57,845,210,249,459,26.4,0
Brian Smith,/players/s/smithbr02.html,LW,9,67,10,10,20,0.6,0
Derrick Smith,/players/s/smithde04.html,LW,43,537,82,92,174,4.3,0
Gemel Smith,/players/s/smithge02.html,C,77,80,11,9,20,2.0,0
Randy Smith,/players/s/smithra01.html,C,3,3,0,0,0,-0.1,0
Reilly Smith,/players/s/smithre01.html,RW,40,506,117,183,300,34.4,0
Harold Snepsts,/players/s/snepsha01.html,D,71,1033,38,195,233,54.0,0
Ken Solheim,/players/s/solheke01.html,LW,114,135,19,20,39,-0.1,0
Sheldon Souray,/players/s/sourash01.html,D,64,758,109,191,300,58.9,0
Garrett Stafford,/players/s/staffga01.html,D,3,7,0,2,2,0.3,0
George Standing,/players/s/standge01.html,RW,2,2,0,0,0,-0.1,0
Fred Stanfield,/players/s/stanffr01.html,C/W,111,914,211,405,616,43.4,0
Patrik Stefan,/players/s/stefapa01.html,C,41,455,64,124,188,13.7,0
Jeremy Stevenson,/players/s/steveje01.html,LW,16,207,19,19,38,2.2,0
Bill Stewart,/players/s/stewabi01.html,D,8,261,7,64,71,14.0,0
Jim Storm,/players/s/stormji01.html,LW,10,84,7,15,22,0.6,0
Brian Sutherby,/players/s/suthebr01.html,C,139,460,41,49,90,3.3,0
Jaroslav Svoboda,/players/s/svoboja01.html,LW,43,134,12,17,29,2.1,0
Don Sweeney,/players/s/sweendo01.html,D,63,1115,52,221,273,68.2,0
Peter Taglianetti,/players/t/taglipe01.html,D,16,451,18,74,92,20.8,0
Jean-Guy Talbot,/players/t/talboje01.html,D,4,1066,43,242,285,85.7,0
Chris Tancill,/players/t/tancich01.html,C,14,134,17,32,49,1.5,0
Ted Taylor,/players/t/taylote01.html,LW,31,166,23,35,58,1.5,0
Bill Terry,/players/t/terrybi01.html,C,5,5,0,0,0,-0.2,0
Chris Therien,/players/t/therich01.html,D,11,764,29,130,159,46.7,0
Scott Thornton,/players/t/thornsc01.html,LW,30,941,144,141,285,17.1,0
Mario Thyer,/players/t/thyerma01.html,C,5,5,0,0,0,-0.2,0
Mathias Tjarnqvist,/players/t/tjarnma01.html,RW,69,173,13,19,32,1.0,0
Kirk Tomlinson,/players/t/tomliki01.html,C,1,1,0,0,0,0.0,0
Sean Toomey,/players/t/toomese01.html,LW,1,1,0,0,0,-0.1,0
Patrick Traverse,/players/t/travepa01.html,D,1,279,14,51,65,14.1,0
Tim Trimper,/players/t/trimpti01.html,LW,20,190,30,36,66,0.8,0
Allan Tuer,/players/t/tueral01.html,D,6,57,1,1,2,0.5,0
Rob Valicevic,/players/v/valicro01.html,RW,7,193,28,20,48,3.6,0
Shaun Van Allen,/players/v/vanalsh01.html,C,78,794,84,185,269,19.9,0
Jarkko Varvio,/players/v/varvija01.html,RW,13,13,3,4,7,0.6,0
Moose Vasko,/players/v/vaskomo01.html,D,145,786,34,166,200,54.9,0
Randy Velischek,/players/v/velisra01.html,D,88,509,21,76,97,17.4,0
Tomas Vincour,/players/v/vincoto01.html,C,86,95,7,10,17,0.7,0
Ivan Vishnevskiy,/players/v/vishniv01.html,D,5,5,0,2,2,0.2,0
Emanuel Viveiros,/players/v/viveiem01.html,D,29,29,1,11,12,1.6,0
Francis Wathier,/players/w/wathifr01.html,LW,10,10,0,0,0,-0.2,0
Tony White,/players/w/whiteto01.html,LW,6,164,37,28,65,2.6,0
Bob Whitlock,/players/w/whitlbo01.html,C,1,1,0,0,0,0.0,0
Ray Whitney,/players/w/whitnra01.html,LW,101,1330,385,679,1064,108.0,0
Neil Wilkinson,/players/w/wilkine01.html,D,86,460,16,67,83,14.4,0
Jason Williams,/players/w/willija01.html,C,27,455,94,133,227,22.3,0
Tommy Williams,/players/w/willito01.html,RW,116,664,161,269,430,28.2,0
Landon Wilson,/players/w/wilsola02.html,RW,27,375,53,66,119,10.4,0
Ron Wilson,/players/w/wilsoro02.html,D,113,177,26,67,93,11.6,0
Brad Winchester,/players/w/winchbr01.html,LW,41,390,37,31,68,3.7,0
Randy Wood,/players/w/woodra01.html,LW/C,30,741,175,159,334,20.7,0
Mark Wotton,/players/w/wottoma01.html,D,1,43,3,6,9,2.3,0
Bob Woytowich,/players/w/woytobo01.html,D,66,504,32,126,158,29.4,0
Jeff Woywitka,/players/w/woywije01.html,D,99,278,9,46,55,11.8,0
Jamie Wright,/players/w/wrighja01.html,LW,57,124,12,20,32,2.8,0
Scott Young,/players/y/youngsc01.html,RW,132,1181,342,415,757,68.3,0
Warren Young,/players/y/youngwa01.html,C,5,236,72,77,149,8.1,0
Richard Zemlak,/players/z/zemlari01.html,RW,57,133,2,12,14,-2.9,0
Rob Zettler,/players/z/zettlro01.html,D,80,569,5,65,70,14.9,0
Peter Zezel,/players/z/zezelpe01.html,C,30,873,219,388,607,43.5,0
Doug Zmolek,/players/z/zmoledo01.html,D,91,467,11,53,64,13.9,0
Mats Zuccarello,/players/z/zuccama01.html,LW,2,511,114,241,355,37.9,0
