Red Almas,/players/a/almasre01.html,G,2,3,0,0,0,0.0,0,0,0,0,0
Hank Bassen,/players/b/basseha01.html,G,99,157,0,2,2,21.6,47,0,2,2,34
Jonathan Bernier,/players/b/bernijo01.html,G,35,324,0,5,5,54.9,137,0,0,0,9
Allan Bester,/players/b/besteal01.html,G,4,219,0,8,8,37.6,73,0,0,0,0
Bill Beveridge,/players/b/beverbi01.html,G,39,295,0,0,0,35.1,87,0,0,0,14
Gilles Boisvert,/players/b/boisvgi01.html,G,3,3,0,0,0,0.5,0,0,0,0,0
Claude Bourque,/players/b/bourqcl01.html,G,1,62,0,0,0,6.0,18,0,0,0,0
Andy Brown,/players/b/brownan01.html,G,17,62,0,1,1,6.0,22,0,1,1,6
Alain Chevrier,/players/c/chevral01.html,G,3,234,0,11,11,26.0,91,0,0,0,0
Ty Conklin,/players/c/conklty01.html,G,55,215,0,3,3,31.0,96,0,1,1,30
Alec Connell,/players/c/conneal01.html,G,48,418,0,0,0,85.5,193,0,0,0,18
Jared Coreau,/players/c/coreaja01.html,G,21,21,0,0,0,1.1,5,0,0,0,5
Abbie Cox,/players/c/coxab01.html,G,2,5,0,0,0,0.6,1,0,0,0,0
Wilf Cude,/players/c/cudewi01.html,G,29,281,0,0,0,33.2,98,0,0,0,15
Joe Daley,/players/d/daleyjo01.html,G,29,105,0,1,1,12.9,34,0,0,0,11
Denis DeJordy,/players/d/dejorde01.html,G,25,317,0,2,2,43.9,120,0,0,0,8
Connie Dion,/players/d/dionco01.html,G,38,38,0,0,0,8.6,23,0,0,0,23
Dolly Dolson,/players/d/dolsodo01.html,G,93,93,0,0,0,15.0,35,0,0,0,35
Darren Eliot,/players/e/eliotda01.html,G,3,88,0,2,2,8.5,24,0,0,0,0
Bob Essensa,/players/e/essenbo01.html,G,13,446,0,15,15,68.7,173,0,2,2,4
Jimmy Franks,/players/f/frankji01.html,G,18,42,0,0,0,5.2,12,0,0,0,7
Kaden Fulcher,/players/f/fulchka01.html,G,1,1,0,0,0,0.0,0,0,0,0,0
Dave Gagnon,/players/g/gagnoda01.html,G,2,2,0,0,0,-0.1,0,0,0,0,0
George Gardner,/players/g/gardnge01.html,G,24,66,0,0,0,5.0,16,0,0,0,7
Dave Gatherum,/players/g/gatheda01.html,G,3,3,0,0,0,1.0,2,0,0,0,2
Ed Giacomin,/players/g/giacoed01.html,G,71,610,0,9,9,110.9,290,0,1,1,23
Gilles Gilbert,/players/g/gilbegi01.html,G,95,416,0,9,9,69.9,192,0,4,4,21
Doug Grant,/players/g/grantdo01.html,G,46,77,0,0,0,6.9,27,0,0,0,17
Gerry Gray,/players/g/grayge01.html,G,7,8,0,0,0,0.1,1,0,0,0,1
Harrison Gray,/players/g/grayha01.html,G,1,1,0,0,0,-0.2,0,0,0,0,0
Jonas Gustavsson,/players/g/gustajo01.html,G,41,179,0,4,4,21.7,72,0,1,1,21
Glenn Hall,/players/h/hallgl01.html,G,148,906,0,9,9,177.6,407,0,0,0,74
Glen Hanlon,/players/h/hanlogl01.html,G,186,476,0,11,11,76.7,167,0,5,5,65
Dominik Hasek,/players/h/hasekdo01.html,G,176,735,0,19,19,156.8,389,0,6,6,114
Kevin Hodson,/players/h/hodsoke01.html,G,35,71,0,1,1,5.5,17,0,1,1,13
Ken Holland,/players/h/hollake01.html,G,3,4,0,0,0,-0.1,0,0,0,0,0
Hap Holmes,/players/h/holmeha01.html,G,85,103,0,0,0,15.7,39,0,0,0,30
Peter Ing,/players/i/ingpe01.html,G,3,74,0,3,3,10.4,20,0,0,0,1
Al Jensen,/players/j/jenseal01.html,G,1,179,0,3,3,26.9,95,0,0,0,0
Curtis Joseph,/players/j/josepcu01.html,G,92,943,0,31,31,167.2,454,0,0,0,50
Scott King,/players/k/kingsc01.html,G,2,2,0,0,0,0.0,0,0,0,0,0
Mark LaForest,/players/l/laforma01.html,G,33,103,0,6,6,12.1,25,0,1,1,6
Marc Lamothe,/players/l/lamotma01.html,G,2,4,0,0,0,0.3,2,0,0,0,1
Manny Legace,/players/l/legacma01.html,G,180,365,0,9,9,60.2,187,0,5,5,112
Claude Legris,/players/l/legricl01.html,G,4,4,0,1,1,0.4,0,0,1,1,0
Ron Low,/players/l/lowro01.html,G,32,382,0,4,4,33.4,102,0,1,1,9
Larry Lozinski,/players/l/lozinla01.html,G,30,30,0,1,1,3.0,6,0,1,1,6
Joey MacDonald,/players/m/macdojo01.html,G,37,133,0,1,1,19.2,44,0,0,0,14
Norm Maracle,/players/m/maracno01.html,G,20,66,0,0,0,8.9,14,0,0,0,8
Thomas McCollum,/players/m/mccolth01.html,G,3,3,0,0,0,0.1,1,0,0,0,1
Peter McDuffe,/players/m/mcdufpe01.html,G,4,57,0,1,1,5.3,11,0,0,0,0
Tom McGrattan,/players/m/mcgrato01.html,G,1,1,0,0,0,0.0,0,0,0,0,0
Bill McKenzie,/players/m/mckenbi01.html,G,26,91,0,1,1,8.0,18,0,0,0,5
Don McLeod,/players/m/mcleodo01.html,G,14,18,0,0,0,-0.3,3,0,0,0,3
Corrado Micalef,/players/m/micalco01.html,G,113,113,0,5,5,13.6,26,0,5,5,26
Greg Millen,/players/m/millegr01.html,G,10,604,0,18,18,84.6,215,0,0,0,3
Eddie Mio,/players/m/mioed01.html,G,49,192,0,11,11,25.3,64,0,2,2,10
Alfie Moore,/players/m/mooreal01.html,G,1,21,0,0,0,0.0,7,0,0,0,0
Johnny Mowers,/players/m/mowerjo01.html,G,152,152,0,0,0,32.3,65,0,0,0,65
Petr Mrazek,/players/m/mrazepe01.html,G,166,223,0,3,3,34.1,101,0,2,2,72
Bob Perreault,/players/p/perrebo01.html,G,3,31,0,0,0,3.4,8,0,0,0,2
Chris Pusey,/players/p/puseych01.html,G,1,1,0,0,0,0.0,0,0,0,0,0
Bill Ranford,/players/r/ranfobi01.html,G,4,647,0,24,24,92.1,240,0,0,0,3
Terry Richardson,/players/r/richate01.html,G,19,20,0,1,1,-0.6,3,0,1,1,3
Vincent Riendeau,/players/r/riendvi01.html,G,32,184,0,4,4,23.9,85,0,0,0,17
Dennis Riggin,/players/r/riggide01.html,G,18,18,0,0,0,2.3,7,0,0,0,7
John Ross Roach,/players/r/roachjo01.html,G,89,491,0,1,1,74.1,219,0,0,0,41
Pat Rupp,/players/r/rupppa01.html,G,1,1,0,0,0,0.0,0,0,0,0,0
Bob Sauve,/players/s/sauvebo01.html,G,41,420,0,15,15,69.1,182,0,0,0,11
Al Smith,/players/s/smithal03.html,G,43,231,0,7,7,30.4,73,0,4,4,18
Normie Smith,/players/s/smithno01.html,G,178,198,0,0,0,34.0,81,0,0,0,76
Sam St. Laurent,/players/s/stlausa01.html,G,30,34,0,0,0,4.8,7,0,0,0,5
Herb Stuart,/players/s/stuarhe01.html,G,3,3,0,0,0,0.6,1,0,0,0,1
Harvey Teno,/players/t/tenoha01.html,G,5,5,0,0,0,0.5,2,0,0,0,2
Tiny Thompson,/players/t/thompti01.html,G,85,553,0,1,1,107.1,284,0,0,0,32
Joe Turner,/players/t/turnejo01.html,G,1,1,0,0,0,0.2,0,0,0,0,0
Rogie Vachon,/players/v/vachoro01.html,G,109,795,0,10,10,144.4,353,0,4,4,30
Mike Vernon,/players/v/vernomi01.html,G,95,782,0,39,39,107.1,385,0,0,0,53
Carl Wetzel,/players/w/wetzeca01.html,G,2,7,0,0,0,0.0,1,0,0,0,0
Lefty Wilson,/players/w/wilsole01.html,G,1,3,0,0,0,0.5,0,0,0,0,0
Ken Wregget,/players/w/wreggke01.html,G,29,575,0,24,24,85.7,225,0,1,1,14
Gerry Abel,/players/a/abelge01.html,LW,1,1,0,0,0,0.0,0,0,0,0,0
Gene Achtymichuk,/players/a/achtyge01.html,C,12,32,3,5,8,0.1,0,0,0,0,0
Greg Adams,/players/a/adamsgr01.html,LW,28,544,84,143,227,8.8,0,3,7,10,0
Micah Aivazoff,/players/a/aivazmi01.html,C,59,92,4,6,10,-1.8,0,4,4,8,0
Gary Aldcorn,/players/a/aldcoga01.html,LW,116,226,41,56,97,6.0,0,24,35,59,0
Daniel Alfredsson,/players/a/alfreda01.html,RW,68,1246,444,713,1157,133.6,0,18,31,49,0
Keith Allen*,/players/a/allenke01.html,D,28,28,0,4,4,2.2,0,0,4,4,0
Adam Almqvist,/players/a/almqvad01.html,D,2,2,1,0,1,0.2,0,1,0,1,0
Dave Amadio,/players/a/amadida01.html,D,2,126,5,11,16,4.5,0,0,0,0,0
Dale Anderson,/players/a/anderda01.html,D,13,13,0,0,0,0.7,0,0,0,0,0
Earl Anderson,/players/a/anderea01.html,RW,45,109,19,19,38,1.4,0,7,3,10,0
Ron Anderson,/players/a/anderro01.html,RW,25,251,28,30,58,0.0,0,2,0,2,0
Tom Anderson,/players/a/anderto01.html,LW/D,27,316,62,127,189,22.3,0,5,2,7,0
Al Arbour*,/players/a/arboual01.html,D,149,626,12,58,70,39.3,0,2,13,15,0
Jack Arbour,/players/a/arbouja01.html,D,37,47,5,1,6,3.6,0,4,1,5,0
Murray Armstrong,/players/a/armstmu01.html,C,118,270,67,121,188,14.0,0,35,64,99,0
Brent Ashton,/players/a/ashtobr01.html,LW,108,998,284,345,629,39.7,0,41,43,84,0
Oscar Asmundson,/players/a/asmunos01.html,C,3,111,11,23,34,2.0,0,0,0,0,0
Pierre Aubry,/players/a/aubrypi01.html,LW,39,201,24,26,50,-1.4,0,6,3,9,0
Philippe Audet,/players/a/audetph01.html,LW,4,4,0,0,0,-0.1,0,0,0,0,0
Sean Avery,/players/a/averyse01.html,C,75,580,90,157,247,23.3,0,7,8,15,0
Pete Babando,/players/b/babanpe01.html,LW,56,351,86,73,159,13.8,0,6,6,12,0
Ace Bailey,/players/b/bailega01.html,LW,58,568,107,171,278,13.4,0,11,25,36,0
Bob Bailey,/players/b/bailebo01.html,RW,35,149,15,21,36,1.2,0,6,6,12,0
Doug Baldwin,/players/b/baldwdo01.html,D,4,24,0,1,1,0.8,0,0,0,0,0
Ryan Barnes,/players/b/barnery01.html,LW,2,2,0,0,0,0.0,0,0,0,0,0
Marty Barry*,/players/b/barryma01.html,C,191,507,194,193,387,57.7,0,60,94,154,0
Frank Bathe,/players/b/bathefr01.html,D,26,224,3,28,31,9.6,0,0,4,4,0
Andy Bathgate*,/players/b/bathgan01.html,RW,130,1069,349,624,973,91.8,0,23,55,78,0
Bob Baun,/players/b/baunbo01.html,D,158,964,37,187,224,68.8,0,5,37,42,0
Sergei Bautin,/players/b/bautise01.html,D,1,132,5,25,30,5.1,0,0,0,0,0
Red Beattie,/players/b/beattre01.html,LW,10,329,62,85,147,18.0,0,1,2,3,0
Dick Behling,/players/b/behlidi01.html,D,5,5,1,0,1,0.5,0,1,0,1,0
Pete Bellefeuille,/players/b/bellepe01.html,RW,43,92,26,6,32,5.2,0,12,2,14,0
Frank Bennett,/players/b/bennefr01.html,LW/D,7,7,0,1,1,-0.2,0,0,1,1,0
Michel Bergeron,/players/b/bergemi01.html,RW,174,229,80,58,138,10.6,0,64,46,110,0
Marc Bergevin,/players/b/bergema01.html,D,70,1191,36,145,181,46.5,0,1,9,10,0
Fred Berry,/players/b/berryfr01.html,C,3,3,0,0,0,-0.2,0,0,0,0,0
Tyler Bertuzzi,/players/b/bertuty01.html,LW,128,128,28,43,71,6.9,0,28,43,71,0
Phil Besler,/players/b/besleph01.html,RW,5,30,1,4,5,-0.4,0,0,2,2,0
Pete Bessone,/players/b/bessope01.html,D,6,6,0,1,1,0.3,0,0,1,1,0
Tom Bissett,/players/b/bisseto01.html,C,5,5,0,0,0,-0.3,0,0,0,0,0
Steve Black,/players/b/blackst01.html,LW,74,113,11,20,31,0.7,0,7,14,21,0
Tom Bladon,/players/b/bladoto01.html,D,2,610,73,197,270,52.9,0,0,0,0,0
Mike Blaisdell,/players/b/blaismi01.html,RW,192,343,70,84,154,6.2,0,44,61,105,0
Mike Bloom,/players/b/bloommi01.html,LW,134,201,30,47,77,1.4,0,23,28,51,0
John Blum,/players/b/blumjo01.html,D,6,250,7,34,41,12.2,0,0,0,0,0
Marc Boileau,/players/b/boilema01.html,C,55,55,5,6,11,-0.4,0,5,6,11,0
Patrick Boileau,/players/b/boilepa01.html,D,25,48,5,11,16,1.8,0,2,6,8,0
Leo Boivin*,/players/b/boivile01.html,D,85,1150,72,250,322,69.6,0,4,22,26,0
Ivan Boldirev,/players/b/boldiiv01.html,C,183,1052,361,505,866,62.7,0,67,95,162,0
Danny Bolduc,/players/b/bolduda01.html,LW,100,102,22,19,41,1.8,0,22,18,40,0
Marcel Bonin,/players/b/boninma01.html,W,107,454,97,175,272,24.0,0,20,29,49,0
David Booth,/players/b/boothda01.html,LW,28,530,124,112,236,24.5,0,4,1,5,0
Darryl Bootland,/players/b/bootlda01.html,RW,28,32,1,2,3,0.0,0,1,1,2,0
Henry Boucha,/players/b/bouchhe01.html,C,159,247,53,49,102,4.8,0,34,26,60,0
Madison Bowey,/players/b/boweyma01.html,D,17,101,2,20,22,3.0,0,1,3,4,0
Rick Bowness,/players/b/bowneri01.html,RW,61,173,18,37,55,-0.8,0,8,11,19,0
Irwin Boyd,/players/b/boydir01.html,RW,40,94,10,10,20,-0.3,0,2,3,5,0
John Brenneman,/players/b/brennjo01.html,LW,9,152,21,19,40,0.8,0,0,2,2,0
Carl Brewer,/players/b/breweca01.html,D,70,604,25,198,223,53.4,0,2,37,39,0
Archie Briden,/players/b/bridear01.html,LW,27,73,9,5,14,-0.1,0,4,1,5,0
Mel Bridgman,/players/b/bridgme01.html,C,70,977,252,449,701,45.6,0,8,13,21,0
Bernie Brophy,/players/b/brophbe01.html,LW,52,62,4,4,8,0.1,0,4,4,8,0
Adam Brown,/players/b/brownad01.html,LW,149,392,104,114,218,15.1,0,58,44,102,0
Arnie Brown,/players/b/brownar01.html,D,104,681,44,141,185,41.2,0,4,29,33,0
Connie Brown,/players/b/brownco01.html,C,73,73,15,24,39,2.9,0,15,24,39,0
Gerry Brown,/players/b/brownge02.html,LW,23,23,4,5,9,0.4,0,4,5,9,0
Larry Brown,/players/b/brownla01.html,D,33,455,7,53,60,21.5,0,1,4,5,0
Stan Brown,/players/b/brownst01.html,D,26,50,8,3,11,7.1,0,2,0,2,0
Jeff Brubaker,/players/b/brubaje01.html,LW,1,178,16,9,25,-2.2,0,0,0,0,0
Eddie Bruneteau,/players/b/bruneed01.html,RW,180,180,40,42,82,5.5,0,40,42,82,0
Damien Brunner,/players/b/brunnda01.html,RW,44,121,25,33,58,5.9,0,12,14,26,0
Fabian Brunnstrom,/players/b/brunnfa01.html,LW,5,104,19,22,41,3.6,0,0,1,1,0
Bill Brydge,/players/b/brydgbi01.html,D,31,368,26,52,78,29.5,0,2,2,4,0
John Bucyk*,/players/b/bucykjo01.html,LW,104,1540,556,813,1369,122.4,0,11,19,30,0
Tony Bukovich,/players/b/bukovto01.html,LW/C,17,17,7,3,10,0.9,0,7,3,10,0
Hy Buller,/players/b/bullehy01.html,D,9,188,22,58,80,15.6,0,0,3,3,0
Charlie Burns,/players/b/burnsch01.html,C,70,749,106,198,304,13.2,0,9,11,20,0
Cummy Burton,/players/b/burtocu01.html,RW,42,42,0,2,2,-1.2,0,0,2,2,0
Eddie Bush,/players/b/bushed01.html,D,26,26,4,6,10,2.3,0,4,6,10,0
Walt Buswell,/players/b/buswewa01.html,D,140,368,10,41,51,22.8,0,4,9,13,0
Yuri Butsayev,/players/b/butsayu01.html,LW,75,99,10,4,14,0.2,0,6,4,10,0
Dmitri Bykov,/players/b/bykovdm01.html,D,71,71,2,10,12,2.3,0,2,10,12,0
Kyle Calder,/players/c/caldeky01.html,LW,19,590,114,180,294,24.6,0,5,9,14,0
Mitch Callahan,/players/c/callami01.html,RW,5,5,0,0,0,-0.1,0,0,0,0,0
Al Cameron,/players/c/cameral01.html,D,190,282,11,44,55,10.0,0,7,31,38,0
Craig Cameron,/players/c/camercr01.html,RW,1,552,87,65,152,3.3,0,0,0,0,0
Colin Campbell,/players/c/campbco01.html,D,178,636,25,103,128,27.8,0,5,16,21,0
Terry Carkner,/players/c/carknte01.html,D,88,858,42,188,230,45.4,0,2,8,10,0
Billy Carroll,/players/c/carrobi01.html,C,52,322,30,54,84,-1.6,0,3,6,9,0
Greg Carroll,/players/c/carrogr01.html,C,36,131,20,34,54,1.7,0,2,9,11,0
Dwight Carruthers,/players/c/carrudw01.html,D,1,2,0,0,0,0.1,0,0,0,0,0
Frank Carson,/players/c/carsofr01.html,RW,123,248,42,48,90,10.4,0,32,36,68,0
Frantisek Cernik,/players/c/cernifr01.html,W,49,49,5,4,9,-0.5,0,5,4,9,0
Milan Chalupa,/players/c/chalumi01.html,D,14,14,0,5,5,0.9,0,0,5,5,0
Lude Check*,/players/c/checklu01.html,LW,1,27,6,2,8,0.1,0,0,0,0,0
Jake Chelios,/players/c/chelija01.html,D,5,5,0,0,0,0.1,0,0,0,0,0
Real Chevrefils,/players/c/chevrre01.html,LW,38,387,104,97,201,21.0,0,3,4,7,0
Dennis Cholowski,/players/c/cholode01.html,D,52,52,7,9,16,1.7,0,7,9,16,0
Chris Cichocki,/players/c/cichoch01.html,RW,61,68,11,12,23,0.5,0,10,11,21,0
Wendel Clark,/players/c/clarkwe01.html,LW/D,12,793,330,234,564,51.5,0,4,2,6,0
Rejean Cloutier,/players/c/cloutre02.html,D,5,5,0,2,2,0.4,0,0,2,2,0
Roland Cloutier,/players/c/cloutro01.html,C,20,34,8,9,17,1.1,0,6,6,12,0
Steve Coates,/players/c/coatest01.html,RW,5,5,1,0,1,0.0,0,1,0,1,0
Carlo Colaiacovo,/players/c/colaica01.html,D,6,470,34,123,157,28.4,0,0,1,1,0
Erik Cole,/players/c/coleer01.html,LW,11,892,265,267,532,59.0,0,3,3,6,0
Mike Commodore,/players/c/commomi01.html,D,17,484,23,83,106,20.3,0,0,2,2,0
Brian Conacher,/players/c/conacbr01.html,LW,22,155,28,28,56,3.3,0,3,1,4,0
Charlie Conacher*,/players/c/conacch01.html,RW,40,461,224,172,396,66.5,0,7,15,22,0
Jim Conacher,/players/c/conacji01.html,C,117,328,85,117,202,17.2,0,35,41,76,0
Roy Conacher*,/players/c/conacro01.html,LW,60,490,226,201,427,50.8,0,30,24,54,0
Wayne Connelly,/players/c/connewa01.html,C,146,543,133,174,307,21.1,0,35,58,93,0
Chris Conner,/players/c/connech01.html,RW,8,180,22,28,50,4.2,0,1,2,3,0
Bob Connors,/players/c/connobo01.html,LW/D,72,78,17,10,27,6.6,0,16,10,26,0
Bob Cook,/players/c/cookbo01.html,RW,13,72,13,9,22,0.6,0,3,1,4,0
Norm Corcoran,/players/c/corcono01.html,C/RW,2,29,1,3,4,-0.5,0,0,0,0,0
Murray Costello*,/players/c/costemu01.html,C,28,163,13,19,32,-0.5,0,0,0,0,0
Danny Cox,/players/c/coxda01.html,LW,47,319,48,50,98,11.0,0,5,6,11,0
Bart Crashley,/players/c/crashba01.html,D,109,140,7,36,43,6.9,0,4,29,33,0
Murray Craven,/players/c/cravemu01.html,LW,46,1071,266,493,759,55.8,0,4,11,15,0
Bobby Crawford,/players/c/crawfbo02.html,RW,1,16,1,3,4,0.1,0,0,0,0,0
Jimmy Creighton,/players/c/creigji01.html,F,11,11,1,0,1,-0.1,0,1,0,1,0
Cory Cross,/players/c/crossco01.html,D,16,659,34,97,131,32.7,0,1,1,2,0
Doug Crossman,/players/c/crossdo01.html,D,43,914,105,359,464,67.4,0,3,12,15,0
Gary Croteau,/players/c/crotega01.html,LW,10,684,144,175,319,15.8,0,0,2,2,0
Troy Crowder,/players/c/crowdtr01.html,RW,7,150,9,7,16,-2.5,0,0,0,0,0
Barry Cullen,/players/c/culleba01.html,RW,54,218,32,52,84,4.6,0,4,9,13,0
Ray Cullen,/players/c/cullera01.html,C,27,313,92,123,215,17.2,0,8,8,16,0
Jim Cummins,/players/c/cummiji01.html,RW,8,511,24,36,60,-3.1,0,1,1,2,0
Ian Cushenan,/players/c/cusheia01.html,D,5,129,3,11,14,6.8,0,0,0,0,0
Frank Daley,/players/d/daleyfr01.html,LW/C,5,5,0,0,0,0.4,0,0,0,0,0
Trevor Daley,/players/d/daleytr01.html,D,121,1015,89,213,302,62.2,0,11,13,24,0
Bob Davis,/players/d/davisbo01.html,RW,3,3,0,0,0,-0.1,0,0,0,0,0
Lorne Davis,/players/d/davislo01.html,RW,22,95,8,12,20,0.4,0,0,5,5,0
Mal Davis,/players/d/davisma01.html,LW,11,100,31,22,53,3.4,0,2,0,2,0
Jacob de La Rose,/players/d/delarja01.html,LW,60,179,11,17,28,-0.6,0,3,6,9,0
Don Deacon,/players/d/deacodo01.html,LW,27,27,6,4,10,0.9,0,6,4,10,0
Nelson Debenedet,/players/d/debenne01.html,LW,15,46,10,4,14,0.5,0,4,1,5,0
Gilbert Delorme,/players/d/delorgi01.html,D,121,541,31,92,123,28.4,0,5,14,19,0
Al Dewsbury,/players/d/dewsbal01.html,D,34,357,30,78,108,19.4,0,4,3,7,0
Edward Diachuk,/players/d/diached01.html,LW,12,12,0,0,0,-0.4,0,0,0,0,0
Bob Dillabough,/players/d/dillabo01.html,C,9,283,32,54,86,0.9,0,0,0,0,0
Cecil Dillon,/players/d/dilloce01.html,RW,44,453,167,131,298,43.7,0,7,10,17,0
Peter Dineen,/players/d/dineepe01.html,D,2,13,0,2,2,-0.1,0,0,0,0,0
Per Djoos,/players/d/djoospe01.html,D,26,82,2,31,33,4.9,0,0,12,12,0
Gary Doak,/players/d/doakga01.html,D,48,790,23,107,130,37.7,0,0,5,5,0
Bobby Dollas,/players/d/dollabo01.html,D,89,646,42,96,138,34.3,0,6,6,12,0
John Doran,/players/d/doranjo01.html,D,7,98,5,10,15,4.8,0,0,0,0,0
Lloyd Doran,/players/d/doranll01.html,C,24,24,3,2,5,0.0,0,3,2,5,0
Ken Doraty,/players/d/doratke01.html,F,2,103,15,26,41,3.3,0,0,1,1,0
Kent Douglas,/players/d/douglke01.html,D,105,428,33,115,148,35.2,0,9,39,48,0
Les Douglas,/players/d/douglle01.html,C,52,52,6,12,18,0.6,0,6,12,18,0
Aaron Downey,/players/d/downeaa01.html,RW,60,243,8,10,18,0.5,0,1,4,5,0
Dallas Drake,/players/d/drakeda01.html,RW,184,1009,177,300,477,38.7,0,31,51,82,0
Rene Drolet,/players/d/drolere01.html,RW,1,2,0,0,0,0.0,0,0,0,0,0
Clarence Drouillard,/players/d/drouicl01.html,C,10,10,0,1,1,-0.3,0,0,1,1,0
Lorne Duguid,/players/d/duguilo01.html,LW,39,136,9,15,24,-0.2,0,3,3,6,0
Art Duncan,/players/d/duncaar01.html,D,34,156,18,16,34,17.4,0,3,2,5,0
Blake Dunlop,/players/d/dunlobl01.html,C,57,550,130,274,404,24.2,0,6,14,20,0
Bruce Eakin,/players/e/eakinbr01.html,C,4,13,2,2,4,-0.1,0,0,1,1,0
Murray Eaves,/players/e/eavesmu01.html,C,8,57,4,13,17,-0.3,0,0,1,1,0
Tim Ecclestone,/players/e/eccleti01.html,LW,191,692,126,233,359,23.6,0,40,80,120,0
Pat Egan,/players/e/eganpa01.html,D,23,552,77,153,230,48.3,0,4,15,19,0
Gerry Ehman,/players/e/ehmange01.html,RW,6,429,96,118,214,15.1,0,0,1,1,0
Christoffer Ehn,/players/e/ehnch01.html,C,60,60,3,6,9,-0.1,0,3,6,9,0
Bo Elik,/players/e/elikbo01.html,LW,3,3,0,0,0,-0.1,0,0,0,0,0
Matt Ellis,/players/e/ellisma01.html,LW,51,356,21,28,49,1.5,0,2,4,6,0
Cory Emmerton,/players/e/emmerco01.html,C,139,139,12,9,21,1.4,0,12,9,21,0
Hap Emms,/players/e/emmsha01.html,LW/D,119,330,36,53,89,5.0,0,21,29,50,0
Anders Eriksson,/players/e/eriksan01.html,D,151,572,22,154,176,36.6,0,9,30,39,0
Bob Errey,/players/e/erreybo01.html,LW,137,895,170,212,382,20.9,0,18,34,52,0
Chris Evans,/players/e/evansch01.html,D,23,241,19,42,61,8.7,0,0,2,2,0
Stewart Evans,/players/e/evansst01.html,D,105,367,28,49,77,30.9,0,3,10,13,0
Bob Falkenberg,/players/f/falkebo01.html,D,54,54,1,5,6,1.3,0,1,5,6,0
Alex Faulkner,/players/f/faulkal01.html,C,100,101,15,17,32,1.3,0,15,17,32,0
Bernie Federko*,/players/f/federbe01.html,C,73,1000,369,761,1130,79.8,0,17,40,57,0
Brent Fedyk,/players/f/fedykbr01.html,LW,162,470,97,112,209,12.1,0,24,32,56,0
Lorne Ferguson,/players/f/fergulo01.html,LW,114,422,82,80,162,12.8,0,22,20,42,0
Mark Ferner,/players/f/fernema01.html,D,3,91,3,10,13,2.9,0,0,0,0,0
Landon Ferraro,/players/f/ferrala01.html,C,17,77,7,5,12,0.3,0,1,0,1,0
Guyle Fielder,/players/f/fieldgu01.html,C,6,9,0,0,0,-0.3,0,0,0,0,0
Tommy Filmore,/players/f/filmoto01.html,RW,49,117,16,13,29,1.2,0,7,3,10,0
Dunc Fisher,/players/f/fishedu01.html,RW,7,274,45,70,115,8.1,0,0,0,0,0
Joe Fisher,/players/f/fishejo01.html,RW,64,64,8,12,20,0.9,0,8,12,20,0
Lee Fogolin,/players/f/fogolle01.html,D,123,427,10,47,57,17.1,0,5,11,16,0
Rick Foley,/players/f/foleyri01.html,D,7,67,11,26,37,5.6,0,0,0,0,0
Mike Foligno,/players/f/foligmi01.html,RW,186,1018,355,372,727,56.2,0,77,83,160,0
Bill Folk,/players/f/folkbi01.html,D,12,12,0,0,0,0.8,0,0,0,0,0
Len Fontaine,/players/f/fontale01.html,RW,46,46,8,11,19,0.8,0,8,11,19,0
Yip Foster,/players/f/fosteyi01.html,D,18,81,3,2,5,2.2,0,2,0,2,0
Frank Foyston*,/players/f/foystfr01.html,C/RW,64,64,17,7,24,5.1,0,17,7,24,0
Bobby Francis,/players/f/francbo01.html,C,14,14,2,0,2,-0.1,0,2,0,2,0
Gord Fraser,/players/f/frasego01.html,D,45,144,24,12,36,13.7,0,3,1,4,0
Frank Fredrickson*,/players/f/fredrfr01.html,C,41,161,39,34,73,15.2,0,5,8,13,0
Tim Friday,/players/f/fridati01.html,D,23,23,0,3,3,0.4,0,0,3,3,0
Martin Frk,/players/f/frkma01.html,RW,98,100,12,19,31,1.8,0,12,19,31,0
Miroslav Frycer,/players/f/frycemi01.html,RW,23,415,147,183,330,21.2,0,7,8,15,0
Robbie Ftorek,/players/f/ftorero01.html,C/LW,15,334,77,150,227,12.8,0,2,5,7,0
Jody Gage,/players/g/gagejo01.html,RW,50,68,14,15,29,0.8,0,11,12,23,0
Art Gagne,/players/g/gagnear01.html,RW,13,228,67,34,101,22.5,0,1,1,2,0
John Gallagher,/players/g/gallajo01.html,D,45,204,14,18,32,14.8,0,4,5,9,0
Johan Garpenlov,/players/g/garpejo01.html,LW,87,609,114,197,311,19.4,0,19,23,42,0
Fern Gauthier,/players/g/gauthfe01.html,RW,146,229,46,51,97,4.6,0,14,27,41,0
George Gee,/players/g/geege01.html,C,186,551,135,183,318,28.2,0,41,53,94,0
Gus Giesebrecht,/players/g/giesegu01.html,C,135,135,27,51,78,6.3,0,27,51,78,0
Brent Gilchrist,/players/g/gilchbr01.html,LW,169,792,135,170,305,18.5,0,20,25,45,0
Todd Gill,/players/g/gillto01.html,D,104,1007,82,272,354,58.5,0,7,10,17,0
Farrand Gillie,/players/g/gillifa01.html,LW/D,1,1,0,0,0,0.0,0,0,0,0,0
Art Giroux,/players/g/girouar01.html,RW,4,54,6,4,10,0.2,0,0,2,2,0
Larry Giroux,/players/g/giroula01.html,D,56,274,15,74,89,12.2,0,3,24,27,0
Lorry Gloeckner,/players/g/gloeclo01.html,D,13,13,0,2,2,0.3,0,0,2,2,0
Fred Glover,/players/g/glovefr01.html,C,61,92,13,11,24,1.5,0,9,9,18,0
Howie Glover,/players/g/gloveho01.html,RW,105,144,29,17,46,2.1,0,28,16,44,0
Leroy Goldsworthy,/players/g/goldsle01.html,RW,37,336,66,57,123,11.9,0,4,6,10,0
Yan Golubovsky,/players/g/golubya01.html,D,50,56,1,7,8,2.5,0,1,5,6,0
Fred Gordon,/players/g/gordofr01.html,RW,38,81,8,7,15,1.0,0,5,5,10,0
Ted Graham,/players/g/grahate01.html,D,53,347,14,26,40,25.6,0,1,3,4,0
Danny Grant,/players/g/grantda01.html,RW,174,736,263,273,536,47.3,0,64,62,126,0
Leo Gravelle,/players/g/gravele01.html,RW,19,223,44,34,78,6.3,0,1,1,2,0
Adam Graves,/players/g/gravead01.html,LW,78,1152,329,287,616,52.5,0,7,7,14,0
Red Green,/players/g/greenre01.html,LW,2,195,60,27,87,15.3,0,0,0,0,0
Rick Green,/players/g/greenri01.html,D,65,845,43,220,263,45.5,0,2,14,16,0
Stu Grimson,/players/g/grimsst01.html,LW,68,729,17,22,39,-10.0,0,0,1,1,0
Lloyd Gross,/players/g/grossll01.html,LW,18,52,11,4,15,1.8,0,2,1,3,0
Danny Gruen,/players/g/gruenda01.html,LW,20,49,9,13,22,1.2,0,1,3,4,0
Bep Guidolin,/players/g/guidobe01.html,LW,62,519,107,171,278,17.1,0,12,10,22,0
Marc Habscheid,/players/h/habscma01.html,RW/C,112,345,72,91,163,7.2,0,24,19,43,0
Lloyd Haddon,/players/h/haddoll01.html,D,8,8,0,0,0,0.3,0,0,0,0,0
Harold Halderson,/players/h/haldeha01.html,D,18,44,3,2,5,3.0,0,2,0,2,0
Len Haley,/players/h/haleyle01.html,RW,30,30,2,2,4,-0.3,0,2,2,4,0
Bob Halkidis,/players/h/halkibo01.html,D,32,256,8,32,40,10.3,0,1,5,6,0
Murray Hall,/players/h/hallmu01.html,RW,13,164,35,48,83,4.6,0,4,3,7,0
Doug Halward,/players/h/halwado01.html,D,99,653,69,224,293,41.1,0,5,25,30,0
Ted Hampson,/players/h/hampste01.html,C,110,677,108,245,353,20.9,0,22,54,76,0
Dave Hanson,/players/h/hansoda01.html,D,11,33,1,1,2,1.1,0,0,0,0,0
Emil Hanson,/players/h/hansoem01.html,RW/D,7,7,0,0,0,0.5,0,0,0,0,0
Billy Harris,/players/h/harribi01.html,C,24,770,126,219,345,22.6,0,1,4,5,0
Ted Harris,/players/h/harrite01.html,D,41,788,30,168,198,57.5,0,0,11,11,0
Gerry Hart,/players/h/hartge01.html,D,71,730,29,150,179,48.2,0,2,7,9,0
Gizzy Hart,/players/h/hartgi01.html,LW,3,99,6,9,15,0.5,0,0,0,0,0
Mark Hartigan,/players/h/hartima01.html,C,23,102,19,11,30,2.7,0,3,1,4,0
Buster Harvey,/players/h/harvebu01.html,RW,89,407,90,118,208,12.4,0,19,20,39,0
Doug Harvey*,/players/h/harvedo01.html,D,2,1113,88,452,540,123.2,0,0,0,0,0
Derian Hatcher,/players/h/hatchde01.html,D,15,1045,80,251,331,77.7,0,0,4,4,0
Ed Hatoum,/players/h/hatoued01.html,RW,21,47,3,6,9,-0.8,0,2,3,5,0
Jim Hay,/players/h/hayji01.html,D,75,75,1,5,6,5.5,0,1,5,6,0
Galen Head,/players/h/headga01.html,RW,1,1,0,0,0,-0.1,0,0,0,0,0
Rich Healey,/players/h/healeri01.html,D,1,1,0,0,0,0.0,0,0,0,0,0
John Hendrickson,/players/h/hendrjo01.html,D,5,5,0,0,0,0.2,0,0,0,0,0
Jimmy Herbert,/players/h/herbeji01.html,C/RW,63,206,83,34,117,28.0,0,10,8,18,0
Art Herchenratter,/players/h/herchar01.html,LW,10,10,1,2,3,0.1,0,1,2,3,0
Bryan Hextall,/players/h/hextabr02.html,C,21,549,99,161,260,11.5,0,0,4,4,0
Dennis Hextall,/players/h/hextade01.html,LW,193,681,153,350,503,33.0,0,39,82,121,0
Joe Hicketts,/players/h/hickejo01.html,D,16,16,0,3,3,0.3,0,0,3,3,0
Glenn Hicks,/players/h/hicksgl01.html,LW,108,108,6,12,18,-1.6,0,6,12,18,0
Henry Hicks,/players/h/hickshe01.html,D,46,90,5,2,7,8.0,0,3,2,5,0
Tim Higgins,/players/h/higgiti01.html,RW,181,706,154,198,352,17.9,0,29,36,65,0
Dutch Hiller,/players/h/hilledu01.html,LW,9,382,91,112,203,14.8,0,0,0,0,0
Jim Hiller,/players/h/hilleji01.html,RW,21,63,8,12,20,0.5,0,2,6,8,0
Larry Hillman,/players/h/hillmla01.html,D,69,789,36,196,232,57.3,0,1,5,6,0
John Hilworth,/players/h/hilwojo01.html,D,57,57,1,1,2,1.5,0,1,1,2,0
Taro Hirose,/players/h/hirosta01.html,LW,10,10,1,6,7,0.5,0,1,6,7,0
Flash Hollett,/players/h/hollefl01.html,D,115,560,132,181,313,78.1,0,30,42,72,0
Gord Hollingworth,/players/h/holligo01.html,D,93,163,4,14,18,7.3,0,1,5,6,0
Chuck Holmes,/players/h/holmech01.html,RW,23,23,1,3,4,-0.3,0,1,3,4,0
John Holota,/players/h/holotjo01.html,C,15,15,2,0,2,-0.1,0,2,0,2,0
Pete Horeck,/players/h/horecpe01.html,LW,148,426,106,118,224,17.3,0,38,46,84,0
Marian Hossa,/players/h/hossama01.html,RW,74,1309,525,609,1134,144.2,0,40,31,71,0
Doug Houda,/players/h/houdado01.html,D,172,561,19,63,82,19.5,0,5,26,31,0
Mark Howe*,/players/h/howema02.html,D,122,929,197,545,742,111.9,0,8,56,64,0
Filip Hronek,/players/h/hronefi01.html,D,46,46,5,18,23,2.9,0,5,18,23,0
Ron Hudson,/players/h/hudsoro01.html,C,33,33,5,2,7,0.1,0,5,2,7,0
Brent Hughes,/players/h/hughebr01.html,D,69,436,15,117,132,22.8,0,1,21,22,0
James Hughes,/players/h/hugheja01.html,D,40,40,0,1,1,2.4,0,0,1,1,0
Dennis Hull,/players/h/hullde01.html,LW,55,959,303,351,654,55.7,0,5,9,14,0
Kent Huskins,/players/h/huskike01.html,D,11,318,13,55,68,18.0,0,0,0,0,0
Matt Hussey,/players/h/hussema01.html,C,5,21,2,2,4,0.0,0,0,0,0,0
Miroslav Ihnacak,/players/i/ihnacmi01.html,LW,1,56,8,9,17,0.3,0,0,0,0,0
Earl Ingarfield,/players/i/ingarea02.html,C,22,39,4,4,8,-0.1,0,2,1,3,0
Ron Ingram,/players/i/ingraro01.html,D,50,114,5,15,20,5.3,0,3,6,9,0
Harold Jackson,/players/j/jacksha01.html,D,178,219,17,35,52,17.2,0,16,32,48,0
Doug Janik,/players/j/janikdo01.html,D,29,190,3,16,19,3.1,0,0,3,3,0
Lou Jankowski,/players/j/jankolo01.html,C/RW,23,131,19,18,37,1.5,0,1,3,4,0
Gary Jarrett,/players/j/jarrega01.html,LW,72,341,72,92,164,10.7,0,18,21,39,0
Pierre Jarry,/players/j/jarrypi01.html,LW,91,344,88,117,205,13.8,0,23,36,59,0
Larry Jeffrey,/players/j/jeffrla01.html,LW,170,368,39,62,101,1.4,0,24,34,58,0
Bill Jennings,/players/j/jennibi01.html,RW,69,108,32,34,66,4.3,0,12,20,32,0
Nick Jensen,/players/j/jenseni02.html,D,190,210,6,42,48,8.5,0,6,37,43,0
Allan Johnson,/players/j/johnsal01.html,RW/C,103,105,21,28,49,3.1,0,21,27,48,0
Brian Johnson,/players/j/johnsbr01.html,RW,3,3,0,0,0,-0.2,0,0,0,0,0
Danny Johnson,/players/j/johnsda01.html,C,43,120,18,19,37,0.7,0,2,5,7,0
Earl Johnson,/players/j/johnsea01.html,LW,1,1,0,0,0,0.0,0,0,0,0,0
Greg Johnson,/players/j/johnsgr02.html,C,177,785,145,224,369,26.7,0,33,48,81,0
Eddie Johnstone,/players/j/johnsed02.html,RW,55,426,122,136,258,16.0,0,13,11,24,0
Buck Jones,/players/j/jonesbu01.html,D,34,50,2,3,5,3.0,0,2,3,5,0
Eddie Joyal,/players/j/joyaled01.html,C,107,465,128,134,262,20.2,0,20,29,49,0
Tomas Jurco,/players/j/jurcoto01.html,RW,159,201,22,28,50,3.7,0,15,24,39,0
Francis Kane,/players/k/kanefr01.html,D,2,2,0,0,0,0.1,0,0,0,0,0
Jack Keating,/players/k/keatija01.html,LW,12,12,3,0,3,0.3,0,3,0,3,0
Duke Keats*,/players/k/keatsdu01.html,C,29,82,29,19,48,11.0,0,11,6,17,0
Dave Kelly,/players/k/kellyda01.html,RW,16,16,2,0,2,-0.3,0,2,0,2,0
Pete Kelly,/players/k/kellype01.html,RW,136,180,21,38,59,3.4,0,15,22,37,0
Forbes Kennedy,/players/k/kennefo01.html,C,168,603,70,108,178,2.7,0,14,22,36,0
Sheldon Kennedy,/players/k/kennesh01.html,RW,183,310,49,58,107,3.7,0,31,33,64,0
Alan Kerr,/players/k/kerral01.html,RW,58,391,72,94,166,7.4,0,3,8,11,0
Brian Kilrea*,/players/k/kilrebr01.html,C,1,26,3,5,8,0.1,0,0,0,0,0
Ken Kilrea,/players/k/kilreke01.html,LW,91,91,16,24,40,2.5,0,16,24,40,0
Wally Kilrea,/players/k/kilrewa01.html,RW/C,99,325,35,58,93,4.2,0,12,24,36,0
Kris King,/players/k/kingkr01.html,LW,58,849,66,85,151,-4.4,0,3,3,6,0
Mark Kirton,/players/k/kirtoma01.html,C,134,266,57,56,113,3.5,0,33,42,75,0
Hobie Kitchen,/players/k/kitchho01.html,D,17,47,5,4,9,4.9,0,0,2,2,0
Mike Knuble,/players/k/knublmi01.html,RW,62,1068,278,270,548,60.4,0,8,6,14,0
Ladislav Kohn,/players/k/kohnla01.html,RW,4,186,14,28,42,0.4,0,0,0,0,0
Steve Konroyd,/players/k/konrost01.html,D,25,895,41,195,236,46.0,0,0,1,1,0
Tomas Kopecky,/players/k/kopecto01.html,C,183,578,68,106,174,11.2,0,12,20,32,0
Jim Korn,/players/k/kornji01.html,D/LW,185,597,66,122,188,19.8,0,11,35,46,0
Mike Korney,/players/k/kornemi01.html,RW,59,77,9,10,19,-0.3,0,9,9,18,0
Chris Kotsopoulos,/players/k/kotsoch01.html,D,2,479,44,109,153,24.6,0,0,0,0,0
Dale Krentz,/players/k/krentda01.html,LW,30,30,5,3,8,0.1,0,5,3,8,0
Jim Krulicki,/players/k/kruliji01.html,LW,14,41,0,3,3,-1.1,0,0,1,1,0
Uwe Krupp,/players/k/kruppuw01.html,D,30,729,69,212,281,54.7,0,3,3,6,0
Gord Kruppke,/players/k/kruppgo01.html,D,23,23,0,0,0,0.3,0,0,0,0,0
Mike Krushelnyski,/players/k/krushmi01.html,LW/C,20,897,241,328,569,38.4,0,2,3,5,0
Dave Kryskow,/players/k/kryskda01.html,LW,18,231,33,56,89,2.8,0,1,4,5,0
Ryan Kuffner,/players/k/kuffnry01.html,LW,10,10,0,0,0,-0.3,0,0,0,0,0
Mark Kumpel,/players/k/kumpema01.html,RW,18,288,38,46,84,1.5,0,0,3,3,0
Maxim Kuznetsov,/players/k/kuznema01.html,D,117,136,2,8,10,2.2,0,2,7,9,0
Leo Labine,/players/l/labinle01.html,RW,72,643,128,193,321,28.9,0,5,13,18,0
Claude Laforge,/players/l/laforcl01.html,LW,123,193,24,33,57,1.8,0,15,17,32,0
Roger Lafreniere,/players/l/lafrero01.html,LW,3,13,0,0,0,-0.2,0,0,0,0,0
Serge Lajeunesse,/players/l/lajeuse01.html,D/RW,97,103,1,4,5,1.4,0,1,4,5,0
Hec Lalande,/players/l/lalanhe01.html,C,11,151,21,39,60,3.0,0,0,2,2,0
Joe Lamb,/players/l/lambjo01.html,RW,12,443,110,101,211,26.2,0,3,1,4,0
Mark Lamb,/players/l/lambma01.html,C,22,403,46,100,146,2.6,0,2,1,3,0
Lane Lambert,/players/l/lambela01.html,RW,176,283,58,66,124,5.5,0,36,29,65,0
Robert Lang,/players/l/langro01.html,C,159,989,261,442,703,70.3,0,40,79,119,0
Josh Langfeld,/players/l/langfjo01.html,RW,33,143,9,23,32,2.3,0,0,2,2,0
Albert Langlois,/players/l/langlal01.html,D,83,498,21,91,112,31.6,0,2,18,20,0
Darryl Laplante,/players/l/laplada01.html,C,35,35,0,6,6,-0.1,0,0,6,6,0
Rick Lapointe,/players/l/lapoiri01.html,D,129,664,44,175,219,42.7,0,12,34,46,0
Brian Lashoff,/players/l/lashobr01.html,D,127,127,2,12,14,2.6,0,2,12,14,0
Brian Lavender,/players/l/lavenbr01.html,LW,30,184,16,26,42,-1.4,0,2,2,4,0
Danny Lawson,/players/l/lawsoda01.html,RW,45,218,28,29,57,0.9,0,5,7,12,0
Reggie Leach,/players/l/leachre01.html,RW,78,934,381,285,666,57.8,0,15,17,32,0
Jim Leavins,/players/l/leaviji01.html,D,37,41,2,12,14,1.1,0,2,11,13,0
Fern LeBlanc,/players/l/leblafe01.html,C,34,34,5,6,11,0.3,0,5,6,11,0
J.P. LeBlanc,/players/l/leblajp01.html,C,147,153,14,30,44,0.3,0,13,28,41,0
Rene Leclerc,/players/l/leclere01.html,RW,87,87,10,11,21,-0.3,0,10,11,21,0
David Legwand,/players/l/legwada01.html,C,21,1136,228,390,618,59.8,0,4,7,11,0
Ville Leino,/players/l/leinovi01.html,LW,55,286,40,79,119,9.8,0,9,7,16,0
Real Lemieux,/players/l/lemiere01.html,LW,1,457,51,104,155,3.7,0,0,0,0,0
Dave Lewis,/players/l/lewisda02.html,D,64,1008,36,187,223,57.9,0,2,5,7,0
Tony Licari,/players/l/licarto01.html,RW,9,9,0,1,1,-0.2,0,0,1,1,0
Ed Litzenberger,/players/l/litzeed01.html,C/RW,32,619,178,238,416,39.3,0,8,12,20,0
Mark Lofthouse,/players/l/lofthma01.html,RW/C,40,181,42,38,80,3.8,0,11,8,19,0
Claude Loiselle,/players/l/loisecl01.html,C,128,616,92,117,209,3.4,0,22,22,44,0
Barry Long,/players/l/longba01.html,D,80,280,11,68,79,14.9,0,0,17,17,0
Matthew Lorito,/players/l/loritma01.html,RW,2,2,0,1,1,0.1,0,0,1,1,0
Clem Loughlin,/players/l/loughcl01.html,D,77,101,8,6,14,8.1,0,8,5,13,0
Don Luce,/players/l/lucedo01.html,C,58,894,225,328,553,44.1,0,3,11,14,0
Tord Lundstrom,/players/l/lundsto01.html,LW,11,11,1,1,2,-0.1,0,1,1,2,0
Pat Lundy,/players/l/lundypa01.html,C,89,150,37,32,69,5.0,0,28,23,51,0
Chris Luongo,/players/l/luongch01.html,D,4,218,8,23,31,5.3,0,0,1,1,0
George Lyle,/players/l/lylege01.html,LW,69,99,24,38,62,3.7,0,18,20,38,0
Jack Lynch,/players/l/lynchja01.html,D,85,382,24,106,130,13.7,0,5,24,29,0
Vic Lynn,/players/l/lynnvi01.html,LW/D,3,327,49,76,125,20.5,0,0,0,0,0
Lowell MacDonald,/players/m/macdolo01.html,LW,46,506,180,210,390,35.4,0,5,6,11,0
Calum MacKay,/players/m/mackaca01.html,LW,6,237,50,55,105,10.1,0,0,0,0,0
Howie Mackie,/players/m/mackiho01.html,RW/D,16,16,1,0,1,0.6,0,1,0,1,0
Don MacLean,/players/m/macledo01.html,C,3,41,8,5,13,0.9,0,1,1,2,0
Paul MacLean,/players/m/maclepa01.html,RW,76,719,324,349,673,52.1,0,36,35,71,0
Rick MacLeish,/players/m/macleri01.html,C,25,846,349,410,759,66.5,0,2,8,10,0
Brian MacLellan,/players/m/maclebr01.html,LW,23,606,172,241,413,24.1,0,1,5,6,0
John MacMillan,/players/m/macmijo01.html,RW,23,104,5,10,15,-1.0,0,0,4,4,0
Jamie Macoun,/players/m/macouja01.html,D,76,1128,76,282,358,72.8,0,1,10,11,0
Pete Mahovlich,/players/m/mahovpe01.html,C,186,883,288,485,773,68.9,0,26,64,90,0
Mark Major,/players/m/majorma01.html,LW,2,2,0,0,0,0.0,0,0,0,0,0
Dan Maloney,/players/m/malonda01.html,LW,177,737,192,259,451,32.3,0,56,81,137,0
Steve Maltais,/players/m/maltast01.html,LW,4,120,9,18,27,-0.8,0,0,1,1,0
Randy Manery,/players/m/manerra01.html,D,3,582,50,206,256,48.1,0,0,0,0,0
Ken Mann,/players/m/mannke01.html,RW,1,1,0,0,0,-0.1,0,0,0,0,0
Bob Manno,/players/m/mannobo01.html,D,136,371,41,132,173,21.5,0,19,35,54,0
Alexey Marchenko,/players/m/marchal01.html,D,110,121,4,17,21,5.3,0,3,16,19,0
Lou Marcon,/players/m/marcolo01.html,D,60,60,0,4,4,2.7,0,0,4,4,0
Gus Marker,/players/m/markegu01.html,RW,20,323,64,70,134,12.8,0,2,1,3,0
Danny Markov,/players/m/markoda01.html,D,66,538,29,118,147,31.9,0,4,12,16,0
Brad Marsh,/players/m/marshbr01.html,D,75,1086,23,175,198,46.6,0,4,7,11,0
Gary Marsh,/players/m/marshga01.html,LW,6,7,1,3,4,0.3,0,1,3,4,0
Bert Marshall,/players/m/marshbe01.html,D,155,868,17,181,198,51.3,0,1,34,35,0
Clare Martin,/players/m/marticl01.html,D,114,237,12,28,40,16.4,0,3,11,14,0
Pit Martin,/players/m/martipi01.html,C,119,1101,324,485,809,69.9,0,18,23,41,0
Don Martineau,/players/m/martido01.html,RW,10,90,6,10,16,-1.0,0,0,1,1,0
Steve Martinson,/players/m/martist01.html,LW,10,49,2,1,3,-0.9,0,1,1,2,0
Charley Mason,/players/m/masonch01.html,RW,4,93,7,18,25,0.5,0,0,1,1,0
Joe Matte,/players/m/mattejo02.html,D,12,24,0,3,3,1.5,0,0,1,1,0
Brad May,/players/m/maybr01.html,LW,40,1041,127,161,288,17.1,0,0,1,1,0
Gary McAdam,/players/m/mcadaga01.html,LW,40,528,94,132,226,9.4,0,5,14,19,0
Jud McAtee,/players/m/mcateju01.html,LW,46,46,15,13,28,2.3,0,15,13,28,0
Stan McCabe,/players/m/mccabst01.html,LW,65,74,9,5,14,0.7,0,9,5,14,0
Doug McCaig,/players/m/mccaido01.html,D,92,263,8,21,29,9.3,0,5,9,14,0
Rick McCann,/players/m/mccanri01.html,C,42,42,1,4,5,-1.1,0,1,4,5,0
Tom McCarthy,/players/m/mccarto01.html,LW,36,60,8,9,17,0.3,0,4,4,8,0
Kevin McClelland,/players/m/mccleke01.html,RW,64,588,68,112,180,-1.2,0,4,5,9,0
Bob McCord,/players/m/mccorbo01.html,D,26,316,10,58,68,15.7,0,1,4,5,0
Bill McCreary,/players/m/mccrebi01.html,LW,3,309,53,62,115,7.6,0,1,0,1,0
Brian McCutcheon,/players/m/mccutbr01.html,LW,37,37,3,1,4,-0.5,0,3,1,4,0
Ab McDonald,/players/m/mcdonab01.html,LW,74,762,182,248,430,35.4,0,10,19,29,0
Bucko McDonald,/players/m/mcdonbu01.html,D,170,446,35,88,123,35.9,0,11,20,31,0
Butch McDonald,/players/m/mcdonbu02.html,LW/C,40,66,8,20,28,0.9,0,2,7,9,0
Al McDonough,/players/m/mcdonal01.html,RW,13,237,73,88,161,13.8,0,2,2,4,0
Bill McDougall,/players/m/mcdoubi01.html,C,2,28,5,5,10,0.6,0,0,1,1,0
Mike McEwen,/players/m/mcewemi01.html,D,29,716,108,296,404,58.7,0,0,10,10,0
Bob McGill,/players/m/mcgilbo01.html,D,12,706,17,55,72,21.0,0,0,0,0,0
Dylan McIlrath,/players/m/mcilrdy01.html,D,7,50,3,2,5,1.8,0,0,0,0,0
Bert McInenly,/players/m/mcinebe01.html,LW/D,61,166,19,15,34,14.4,0,3,6,9,0
Jack McIntyre,/players/m/mcintja01.html,D,145,499,109,102,211,16.6,0,38,28,66,0
Randy McKay,/players/m/mckayra02.html,RW,83,932,162,201,363,29.2,0,4,13,17,0
Tony McKegney,/players/m/mckegto01.html,LW,14,912,320,319,639,45.3,0,2,1,3,0
Don McKenney,/players/m/mckendo01.html,C,24,798,237,345,582,52.7,0,1,6,7,0
John McKenzie,/players/m/mckenjo01.html,RW,75,692,206,268,474,41.2,0,11,13,24,0
Andrew McKim,/players/m/mckiman01.html,C,2,38,1,4,5,-0.7,0,0,0,0,0
Rollie McLenahan,/players/m/mclenro01.html,D,8,8,2,1,3,0.9,0,2,1,3,0
Al McLeod,/players/m/mcleoal01.html,D,26,26,2,2,4,0.8,0,2,2,4,0
Mike McMahon,/players/m/mcmahmi02.html,D,2,224,15,68,83,15.8,0,0,0,0,0
Max McNab,/players/m/mcnabma01.html,C,128,128,16,19,35,1.7,0,16,19,35,0
Stu McNeill,/players/m/mcneist01.html,C,11,11,1,1,2,-0.1,0,1,1,2,0
Basil McRae,/players/m/mcraeba01.html,LW,40,576,53,83,136,-2.6,0,2,2,4,0
Chris McRae,/players/m/mcraech01.html,LW,7,21,1,0,1,-0.4,0,1,0,1,0
Pat McReavy,/players/m/mcreapa01.html,C,33,55,5,8,13,0.0,0,5,6,11,0
Derek Meech,/players/m/meechde01.html,D,126,144,4,13,17,1.6,0,4,12,16,0
Harry Meeking,/players/m/meekiha01.html,LW,3,64,19,13,32,0.9,0,0,0,0,0
Wade Megan,/players/m/meganwa01.html,C,11,15,1,1,2,0.0,0,0,1,1,0
Tom Mellor,/players/m/melloto01.html,D,26,26,2,4,6,0.9,0,2,4,6,0
Gerry Melnyk,/players/m/melnyge01.html,C,133,269,39,77,116,6.5,0,19,26,45,0
Barry Melrose,/players/m/melroba01.html,D,35,300,10,23,33,6.5,0,0,1,1,0
Howie Menard,/players/m/menarho01.html,C,3,151,23,42,65,4.2,0,0,0,0,0
Glenn Merkosky,/players/m/merkogl01.html,C,20,66,5,12,17,-0.5,0,0,2,2,0
Nick Mickoski,/players/m/mickoni01.html,LW,103,705,158,185,343,29.4,0,19,27,46,0
Hugh Millar,/players/m/millahu01.html,D,4,4,0,0,0,0.2,0,0,0,0,0
Kevin Miller,/players/m/milleke02.html,C,95,620,150,185,335,24.8,0,25,30,55,0
Tom Miller,/players/m/milleto01.html,C,29,118,16,25,41,0.4,0,1,7,8,0
Dmitri Mironov,/players/m/mirondm01.html,D,11,556,54,206,260,44.2,0,2,5,7,0
John Miszuk,/players/m/miszujo01.html,D,42,237,7,39,46,14.5,0,0,2,2,0
Bill Mitchell,/players/m/mitchbi01.html,D,1,1,0,0,0,0.0,0,0,0,0,0
Mike Modano*,/players/m/modanmi01.html,C,40,1499,561,813,1374,144.9,0,4,11,15,0
Ron Moffat,/players/m/moffaro01.html,LW,37,37,1,1,2,-0.7,0,1,1,2,0
John Mokosak,/players/m/mokosjo01.html,D,41,41,0,2,2,0.5,0,0,2,2,0
Garry Monahan,/players/m/monahga01.html,LW,51,748,116,169,285,12.3,0,3,4,7,0
Hank Monteith,/players/m/monteha01.html,LW,77,77,5,12,17,-0.5,0,5,12,17,0
Don Morrison,/players/m/morrido01.html,C,53,112,18,28,46,2.6,0,10,16,26,0
Jim Morrison,/players/m/morriji01.html,D,70,704,40,161,201,52.6,0,3,23,26,0
Rod Morrison,/players/m/morriro01.html,RW,34,34,8,7,15,1.4,0,8,7,15,0
Dean Morton,/players/m/mortode01.html,D,1,1,1,0,1,0.1,0,1,0,1,0
Gus Mortson,/players/m/mortsgu01.html,D,36,797,46,152,198,54.4,0,0,1,1,0
Mark Mowers,/players/m/mowerma01.html,C,98,278,18,44,62,3.5,0,7,19,26,0
Wayne Muloin,/players/m/muloiwa01.html,D,3,145,3,21,24,5.4,0,0,1,1,0
Don Murdoch,/players/m/murdodo01.html,RW,49,320,121,117,238,18.3,0,9,13,22,0
Brian Murphy,/players/m/murphbr01.html,C/LW,1,1,0,0,0,0.0,0,0,0,0,0
Joe Murphy,/players/m/murphjo01.html,RW,90,779,233,295,528,46.8,0,14,18,32,0
Ron Murphy,/players/m/murphro01.html,LW,90,889,205,274,479,38.4,0,30,26,56,0
Ken Murray,/players/m/murrake01.html,D,31,106,1,10,11,4.2,0,1,1,2,0
Terry Murray,/players/m/murrate01.html,D,23,303,4,76,80,15.2,0,0,7,7,0
Jan Mursak ,/players/m/mursaja01.html,LW,46,46,2,2,4,-0.1,0,2,2,4,0
Anders Myrvold,/players/m/myrvoan01.html,D,8,33,0,5,5,0.5,0,0,1,1,0
Jim Nahrgang,/players/n/nahrgji01.html,D,57,57,5,12,17,3.0,0,5,12,17,0
Andrej Nestrasil,/players/n/nestran01.html,RW,13,128,17,31,48,4.9,0,0,2,2,0
Kris Newbury,/players/n/newbukr01.html,C,4,76,4,6,10,0.5,0,1,0,1,0
Rick Newell,/players/n/newelri01.html,D,7,7,0,0,0,0.1,0,0,0,0,0
John Newman,/players/n/newmajo01.html,C/LW,9,9,1,1,2,0.1,0,1,1,2,0
Ed Nicholson,/players/n/nichoed01.html,D,1,1,0,0,0,0.1,0,0,0,0,0
Jim Niekamp,/players/n/niekaji01.html,D,29,29,0,2,2,0.1,0,0,2,2,0
Jim Nill,/players/n/nillji01.html,RW,122,524,58,87,145,-0.8,0,11,20,31,0
Ted Nolan,/players/n/nolante01.html,C,60,78,6,16,22,-0.5,0,5,15,20,0
Brad Norton,/players/n/nortobr01.html,D,6,124,3,8,11,2.3,0,0,1,1,0
Tomas Nosek,/players/n/nosekto01.html,C,17,152,16,17,33,1.8,0,1,0,1,0
Hank Nowak,/players/n/nowakha01.html,LW,56,180,26,29,55,0.2,0,8,14,22,0
Russell Oatman,/players/o/oatmaru01.html,LW,12,120,20,9,29,5.2,0,3,0,3,0
Gerry Odrowski,/players/o/odrowge01.html,D,138,309,12,19,31,16.1,0,2,10,12,0
Fredrik Olausson,/players/o/olausfr01.html,D,47,1022,147,434,581,89.0,0,2,13,15,0
Murray Oliver,/players/o/olivemu01.html,C,101,1127,274,454,728,54.2,0,31,30,61,0
Dennis Olson,/players/o/olsonde01.html,C,3,3,0,0,0,-0.1,0,0,0,0,0
Mark Osborne,/players/o/osborma01.html,LW,160,919,212,319,531,28.7,0,45,65,110,0
Steve Ott,/players/o/ottst01.html,C,42,848,109,179,288,19.6,0,3,3,6,0
Xavier Ouellet,/players/o/ouellxa01.html,D,141,160,5,21,26,5.9,0,5,18,23,0
Pete Palangio,/players/p/palanpe01.html,LW,14,71,13,10,23,2.0,0,3,0,3,0
Brad Park*,/players/p/parkbr01.html,D,147,1113,213,683,896,143.5,0,18,83,101,0
Joe Paterson,/players/p/paterjo01.html,LW,115,291,19,37,56,-3.1,0,6,11,17,0
George Patterson,/players/p/pattege01.html,W,7,270,51,27,78,8.8,0,0,1,1,0
Butch Paul,/players/p/paulbu01.html,C,3,3,0,0,0,-0.1,0,0,0,0,0
Jim Pavese,/players/p/pavesji01.html,D,46,328,13,44,57,12.2,0,3,9,12,0
Mark Pederson,/players/p/pederma01.html,LW,2,169,35,50,85,4.9,0,0,0,0,0
Bert Peer,/players/p/peerbe01.html,RW,1,1,0,0,0,0.0,0,0,0,0,0
Jimmy Peters,/players/p/peterji01.html,RW,162,574,125,150,275,24.7,0,31,39,70,0
Jimmy Peters,/players/p/peterji02.html,C,54,309,37,36,73,0.2,0,6,7,13,0
Brent Peterson,/players/p/peterbr01.html,C,91,620,72,141,213,5.5,0,8,20,28,0
Gord Pettinger,/players/p/pettigo01.html,C,152,292,42,72,114,11.2,0,21,42,63,0
Robert Picard,/players/p/picarro02.html,D,20,899,104,319,423,62.2,0,0,3,3,0
Alex Pirus,/players/p/pirusal01.html,RW,4,159,30,28,58,1.8,0,0,2,2,0
Rob Plumb,/players/p/plumbro02.html,LW,14,14,3,2,5,0.2,0,3,2,5,0
Nels Podolsky,/players/p/podolne01.html,LW,1,1,0,0,0,0.0,0,0,0,0,0
Bud Poile*,/players/p/poilebu01.html,RW,56,311,107,122,229,22.2,0,21,21,42,0
Don Poile,/players/p/poiledo01.html,C,67,67,7,9,16,0.1,0,7,9,16,0
Poul Popiel,/players/p/popiepo01.html,D,94,225,13,41,54,12.1,0,2,17,19,0
Marc Potvin,/players/p/potvima01.html,RW,14,121,3,5,8,-3.0,0,1,0,1,0
Noel Price,/players/p/priceno01.html,D,20,500,14,114,128,29.4,0,0,1,1,0
Andre Pronovost,/players/p/pronoan01.html,LW,120,557,94,104,198,10.4,0,20,22,42,0
Matt Puempel,/players/p/puempma01.html,LW,8,87,11,5,16,1.0,0,1,0,1,0
Teemu Pulkkinen,/players/p/pulkkte01.html,RW,70,83,13,9,22,2.6,0,11,9,20,0
Jamie Pushor,/players/p/pushoja01.html,D,134,521,14,46,60,17.4,0,6,13,19,0
Nelson Pyatt,/players/p/pyattne01.html,C,14,296,71,63,134,5.8,0,0,0,0,0
Rags Raglan,/players/r/raglara01.html,D,33,100,4,9,13,5.4,0,3,1,4,0
Mike Ramsey,/players/r/ramsemi01.html,D,82,1070,79,266,345,77.4,0,3,6,9,0
Michael Rasmussen,/players/r/rasmumi01.html,C,62,62,8,10,18,1.0,0,8,10,18,0
Matt Ravlich,/players/r/ravlima01.html,D,46,411,12,78,90,24.6,0,0,6,6,0
Marc Reaume,/players/r/reaumma01.html,D,47,344,8,43,51,18.2,0,0,2,2,0
Billy Reay,/players/r/reaybi01.html,C,4,479,105,162,267,24.7,0,2,0,2,0
Dan Renouf,/players/r/renouda01.html,D,1,1,0,0,0,0.0,0,0,0,0,0
Brad Richards,/players/r/richabr01.html,C,68,1126,298,634,932,92.8,0,10,18,28,0
Dave Richardson,/players/r/richada01.html,LW,1,45,3,2,5,-0.9,0,0,0,0,0
Steve Richmond,/players/r/richmst01.html,D,29,159,4,23,27,4.5,0,1,2,3,0
Jack Riley,/players/r/rileyja01.html,C,1,104,10,22,32,1.8,0,0,0,0,0
Jim Riley,/players/r/rileyji01.html,LW,6,9,0,2,2,-0.1,0,0,2,2,0
Bob Ritchie,/players/r/ritchbo01.html,LW,28,29,8,4,12,0.6,0,8,4,12,0
Mattias Ritola,/players/r/ritolma01.html,RW,7,43,4,5,9,0.4,0,0,1,1,0
Jamie Rivers,/players/r/riverja01.html,D,65,454,17,49,66,15.7,0,3,5,8,0
Wayne Rivers,/players/r/riverwa01.html,RW,2,108,15,30,45,2.0,0,0,0,0,0
Phil Roberto,/players/r/roberph01.html,RW,83,385,75,106,181,9.7,0,14,34,48,0
Doug Roberts,/players/r/roberdo01.html,RW,134,419,43,104,147,9.2,0,27,39,66,0
Fred Robertson,/players/r/roberfr01.html,D,20,48,2,0,2,2.9,0,1,0,1,0
Torrie Robertson,/players/r/roberto01.html,LW,54,442,49,99,148,1.8,0,3,7,10,0
Nathan Robinson,/players/r/robinna01.html,C,5,7,0,0,0,-0.1,0,0,0,0,0
Luc Robitaille*,/players/r/robitlu01.html,LW,162,1431,668,726,1394,138.6,0,41,40,81,0
Mike Robitaille,/players/r/robitmi01.html,D,23,382,23,105,128,26.5,0,4,8,12,0
Des Roche,/players/r/rochede01.html,RW,15,113,20,18,38,4.9,0,3,0,3,0
Earl Roche,/players/r/rocheea01.html,LW,13,147,25,27,52,4.3,0,3,3,6,0
Dave Rochefort,/players/r/rocheda01.html,C,1,1,0,0,0,0.0,0,0,0,0,0
Leon Rochefort,/players/r/rochele01.html,RW,84,617,121,147,268,16.1,0,19,16,35,0
Harvey Rockburn,/players/r/rockbha01.html,D,78,94,4,3,7,5.9,0,4,2,6,0
Marc Rodgers,/players/r/rodgema01.html,RW,21,21,1,1,2,-0.1,0,1,1,2,0
Stacy Roest,/players/r/roestst01.html,RW,110,244,28,48,76,5.9,0,11,17,28,0
Dale Rolfe,/players/r/rolfeda01.html,D,64,509,25,125,150,35.2,0,5,18,23,0
Roly Rossignol,/players/r/rossiro01.html,RW,9,14,3,5,8,0.5,0,1,3,4,0
Rolly Roulston,/players/r/roulsro01.html,LW/D,24,24,0,6,6,2.3,0,0,6,6,0
Tom Rowe,/players/r/roweto01.html,RW,51,357,85,100,185,9.1,0,6,10,16,0
Bernie Ruelle,/players/r/ruellbe01.html,LW,2,2,1,0,1,0.1,0,1,0,1,0
Robbie Russo,/players/r/russoro01.html,D,19,19,0,0,0,0.5,0,0,0,0,0
Ruslan Salei,/players/s/saleiru01.html,D,75,917,45,159,204,47.0,0,2,8,10,0
Borje Salming*,/players/s/salmibo01.html,D,49,1148,150,637,787,112.8,0,2,17,19,0
Barry Salovaara,/players/s/salovba01.html,D,90,90,2,13,15,3.4,0,2,13,15,0
Ulf Samuelsson,/players/s/samueul01.html,D,4,1080,57,275,332,72.1,0,0,0,0,0
Ed Sandford,/players/s/sandfed01.html,LW,5,503,106,145,251,23.0,0,0,0,0,0
Tomas Sandstrom,/players/s/sandsto01.html,RW,34,983,394,462,856,71.4,0,9,9,18,0
Kevin Schamehorn,/players/s/schamke01.html,RW,5,10,0,0,0,-0.4,0,0,0,0,0
Jim Schoenfeld,/players/s/schoeji01.html,D,96,719,51,204,255,62.5,0,6,19,25,0
Dwight Schofield,/players/s/schofdw01.html,D,3,211,8,22,30,8.7,0,1,0,1,0
Enio Sclisizzi,/players/s/sclisen01.html,LW,67,81,12,11,23,1.4,0,12,9,21,0
Earl Seibert*,/players/s/seibeea01.html,D,43,657,89,187,276,66.2,0,5,12,17,0
Ric Seiling,/players/s/seiliri01.html,RW/C,74,738,179,208,387,25.5,0,3,8,11,0
Daniel Shank,/players/s/shankda01.html,RW,64,77,13,14,27,0.8,0,11,14,25,0
Jeff Sharples,/players/s/sharpje01.html,D,105,105,14,35,49,8.2,0,14,35,49,0
Doug Shedden,/players/s/shedddo01.html,C,44,416,139,186,325,19.7,0,8,15,23,0
Bobby Sheehan,/players/s/sheehbo01.html,C,34,310,48,63,111,4.7,0,5,4,9,0
Tim Sheehy,/players/s/sheehti01.html,RW,15,27,2,1,3,-0.6,0,0,0,0,0
Frank Sheppard,/players/s/sheppfr01.html,C/LW,9,9,1,0,1,0.2,0,1,0,1,0
Johnny Sheppard,/players/s/sheppjo01.html,LW,87,311,69,58,127,19.2,0,24,18,42,0
John Sherf,/players/s/sherfjo01.html,LW,19,19,0,0,0,-0.7,0,0,0,0,0
Gordon Sherritt,/players/s/sherrgo01.html,D,8,8,0,0,0,0.5,0,0,0,0,0
Jim Shires,/players/s/shireji01.html,LW,21,56,3,6,9,-1.3,0,2,1,3,0
Steve Short,/players/s/shortst01.html,LW,1,6,0,0,0,-0.1,0,0,0,0,0
Gary Shuchuk,/players/s/shuchga01.html,RW,6,142,13,26,39,0.3,0,1,2,3,0
Dave Silk,/players/s/silkda01.html,RW,12,249,54,59,113,4.6,0,2,0,2,0
Mike Sillinger,/players/s/sillimi01.html,C,129,1049,240,308,548,40.9,0,14,45,59,0
Cully Simon,/players/s/simoncu01.html,D,102,130,4,11,15,9.7,0,4,11,15,0
Thain Simon,/players/s/simonth01.html,D,3,3,0,0,0,0.1,0,0,0,0,0
Cliff Simpson,/players/s/simpscl01.html,C,6,6,0,1,1,-0.1,0,0,1,1,0
Reg Sinclair,/players/s/sinclre01.html,RW/C,69,208,49,43,92,8.9,0,11,12,23,0
Darryl Sittler*,/players/s/sittlda01.html,C,61,1096,484,637,1121,95.9,0,11,16,27,0
Bjorn Skaare,/players/s/skaarbj01.html,C,1,1,0,0,0,0.0,0,0,0,0,0
Jiri Slegr,/players/s/slegrji01.html,D,8,622,56,193,249,43.8,0,0,1,1,0
Alex Smith,/players/s/smithal02.html,D,48,443,41,51,92,48.0,0,6,8,14,0
Brad Smith,/players/s/smithbr03.html,RW,63,222,28,34,62,-0.2,0,10,3,13,0
Brian Smith,/players/s/smithbr01.html,LW,61,61,2,8,10,-0.7,0,2,8,10,0
Carl Smith,/players/s/smithca01.html,RW,7,7,1,1,2,0.0,0,1,1,2,0
Derek Smith,/players/s/smithde02.html,C/LW,91,335,78,116,194,11.6,0,13,18,31,0
Nakina Smith,/players/s/smithna01.html,C,10,10,1,2,3,0.0,0,1,2,3,0
Rick Smith,/players/s/smithri01.html,D,11,687,52,167,219,48.1,0,0,2,2,0
Ted Snell,/players/s/snellte01.html,RW,20,104,7,18,25,-1.1,0,0,4,4,0
Harold Snepsts,/players/s/snepsha01.html,D,120,1033,38,195,233,54.0,0,2,23,25,0
Sandy Snow,/players/s/snowsa01.html,RW,3,3,0,0,0,-0.1,0,0,0,0,0
Dennis Sobchuk,/players/s/sobchde01.html,C,33,35,5,6,11,0.0,0,4,6,10,0
Ken Solheim,/players/s/solheke01.html,LW,10,135,19,20,39,-0.1,0,0,0,0,0
Bob Solinger,/players/s/solinbo01.html,W,1,99,10,11,21,0.8,0,0,0,0,0
Fred Speck,/players/s/speckfr01.html,C,10,28,1,2,3,-1.1,0,0,0,0,0
Ted Speers,/players/s/speerte01.html,RW,4,4,1,1,2,0.2,0,1,1,2,0
Irv Spencer,/players/s/spencir01.html,D,30,230,12,38,50,10.4,0,3,1,4,0
Ryan Sproul,/players/s/sproury01.html,D,28,44,2,10,12,1.1,0,1,6,7,0
Andre St. Laurent,/players/s/stlauan01.html,C,172,644,129,187,316,17.9,0,50,73,123,0
Ron Stackhouse,/players/s/stackro01.html,D,184,889,87,372,459,74.1,0,12,68,80,0
Garrett Stafford,/players/s/staffga01.html,D,2,7,0,2,2,0.3,0,0,0,0,0
Ed Stankiewicz,/players/s/stanked01.html,C,6,6,0,0,0,-0.2,0,0,0,0,0
Wilf Starr,/players/s/starrwi01.html,C,61,87,9,7,16,0.1,0,5,4,9,0
Ray Staszak,/players/s/staszra01.html,RW,4,4,0,1,1,-0.1,0,0,1,1,0
Frank Steele,/players/s/steelfr01.html,RW/D,1,1,0,0,0,0.1,0,0,0,0,0
Pete Stemkowski,/players/s/stemkpe01.html,C,170,967,206,349,555,38.2,0,51,63,114,0
Blair Stewart,/players/s/stewabl01.html,C,36,229,34,44,78,1.1,0,0,9,9,0
Gaye Stewart,/players/s/stewaga01.html,LW,67,502,185,159,344,34.3,0,18,13,31,0
Gord Strate,/players/s/stratgo01.html,D,62,62,0,0,0,2.2,0,0,0,0,0
Art Stratton,/players/s/stratar01.html,C/LW,5,95,18,33,51,3.4,0,0,3,3,0
Ben Street,/players/s/streebe01.html,C,6,56,3,5,8,-0.1,0,0,1,1,0
Libor Sulak,/players/s/sulakli01.html,D,6,6,0,0,0,-0.2,0,0,0,0,0
Barry Sullivan,/players/s/sulliba01.html,RW,1,1,0,0,0,0.0,0,0,0,0,0
Bill Sutherland,/players/s/suthebi01.html,C,5,250,70,58,128,11.4,0,0,1,1,0
Evgeny Svechnikov,/players/s/svechev01.html,LW,16,16,2,2,4,0.3,0,2,2,4,0
John Taft,/players/t/taftjo01.html,D,15,15,0,2,2,0.9,0,0,2,2,0
Jean-Guy Talbot,/players/t/talboje01.html,D,32,1066,43,242,285,85.7,0,0,3,3,0
Chris Tancill,/players/t/tancich01.html,C,5,134,17,32,49,1.5,0,1,0,1,0
Eric Tangradi,/players/t/tangrer01.html,C,1,150,5,11,16,-1.2,0,0,0,0,0
Billy Taylor,/players/t/taylobi01.html,C,60,321,87,179,266,23.1,0,17,46,63,0
Ted Taylor,/players/t/taylote01.html,LW,2,166,23,35,58,1.5,0,0,0,0,0
Tim Taylor,/players/t/tayloti01.html,C,139,746,73,94,167,5.2,0,15,22,37,0
Lorrain Thibeault,/players/t/thibelo01.html,LW,4,6,0,2,2,0.0,0,0,2,2,0
Steve Thomas,/players/t/thomast01.html,LW,44,1235,421,512,933,85.0,0,10,12,22,0
Bill Thomson,/players/t/thomsbi02.html,C/RW,9,9,2,2,4,0.1,0,2,2,4,0
Jordin Tootoo,/players/t/tootojo01.html,RW,53,723,65,96,161,9.8,0,3,6,9,0
Jerry Toppazzini,/players/t/toppaje01.html,RW,40,784,163,244,407,28.8,0,1,7,8,0
Larry Trader,/players/t/tradela01.html,D,55,91,5,13,18,4.1,0,3,9,12,0
Percy Traub,/players/t/traubpe01.html,D,88,130,3,3,6,7.9,0,3,1,4,0
Dave Trottier,/players/t/trottda01.html,LW,11,446,121,113,234,31.2,0,1,1,2,0
Dominic Turgeon,/players/t/turgedo01.html,C,9,9,0,0,0,-0.3,0,0,0,0,0
Eric Vail,/players/v/vailer01.html,LW,52,591,216,260,476,38.8,0,10,14,24,0
Thomas Vanek,/players/v/vanekth01.html,LW,112,1029,373,416,789,95.9,0,31,43,74,0
Rick Vasko,/players/v/vaskori01.html,D,31,31,3,7,10,1.2,0,3,7,10,0
Darren Veitch,/players/v/veitcda01.html,D,153,511,48,209,257,40.7,0,20,83,103,0
Pat Verbeek,/players/v/verbepa01.html,RW,135,1424,522,540,1062,94.7,0,37,41,78,0
Dennis Vial,/players/v/vialde01.html,D/LW,45,242,4,15,19,5.5,0,1,1,2,0
Doug Volmar,/players/v/volmado01.html,RW,41,62,13,8,21,1.3,0,9,6,15,0
Carl Voss*,/players/v/vossca01.html,C,46,264,34,71,105,7.5,0,6,17,23,0
Jack Walker*,/players/w/walkeja01.html,F,84,84,5,8,13,-0.4,0,5,8,13,0
Bob Wall,/players/w/wallbo01.html,D,85,322,30,55,85,11.9,0,5,7,12,0
Jesse Wallin,/players/w/wallije01.html,D,49,49,0,2,2,0.2,0,0,2,2,0
Wes Walz,/players/w/walzwe01.html,C,2,607,109,151,260,22.8,0,0,0,0,0
Harry Watson*,/players/w/watsoha02.html,LW,94,809,236,207,443,45.3,0,27,28,55,0
Jim Watson,/players/w/watsoji01.html,D,77,221,4,19,23,3.7,0,0,4,4,0
Brian Watts,/players/w/wattsbr01.html,LW,4,4,0,0,0,-0.1,0,0,0,0,0
Tom Webster,/players/w/webstto01.html,RW,84,102,33,42,75,5.0,0,31,38,69,0
Cooney Weiland*,/players/w/weilaco01.html,C,88,509,173,162,335,54.6,0,24,44,68,0
Stan Weir,/players/w/weirst01.html,C,57,642,139,207,346,17.6,0,5,24,29,0
Stephen Weiss,/players/w/weissst01.html,C,78,732,156,267,423,40.0,0,11,18,29,0
Ian White,/players/w/whiteia01.html,D,102,503,45,134,179,35.2,0,9,27,36,0
Bob Whitelaw,/players/w/whitebo01.html,D,32,32,0,1,1,2.1,0,0,1,1,0
Ray Whitney,/players/w/whitnra01.html,LW,67,1330,385,679,1064,108.0,0,14,29,43,0
Arch Wilder,/players/w/wildear01.html,LW,18,18,0,2,2,-0.3,0,0,2,2,0
Bob Wilkie,/players/w/wilkibo01.html,D,8,18,2,5,7,0.8,0,1,2,3,0
Burr Williams,/players/w/willibu01.html,D,6,22,0,1,1,1.2,0,0,1,1,0
Fred Williams,/players/w/willifr01.html,C,44,44,2,5,7,-0.7,0,2,5,7,0
Tiger Williams,/players/w/williti01.html,LW,55,962,241,272,513,29.7,0,3,8,11,0
Larry Wilson,/players/w/wilsola01.html,C,21,152,21,48,69,4.6,0,0,4,4,0
Rick Wilson,/players/w/wilsori01.html,D,77,239,6,26,32,9.7,0,3,13,16,0
Scott Wilson,/players/w/wilsosc01.html,C/LW,17,187,19,30,49,2.6,0,0,0,0,0
Murray Wing,/players/w/wingmu01.html,D,1,1,0,1,1,0.0,0,0,1,1,0
Eddie Wiseman,/players/w/wisemed01.html,RW,132,456,114,165,279,30.5,0,23,30,53,0
Luke Witkowski,/players/w/witkolu01.html,D,65,119,1,9,10,1.6,0,1,5,6,0
Steve Wojciechowski,/players/w/wojcist01.html,RW,54,54,19,20,39,3.3,0,19,20,39,0
Mike Wong,/players/w/wongmi01.html,C,22,22,1,1,2,-0.7,0,1,1,2,0
Jason Woolley,/players/w/woollja01.html,D,170,718,68,246,314,58.9,0,11,50,61,0
Larry Wright,/players/w/wrighla01.html,C,66,106,4,8,12,-2.1,0,3,6,9,0
Jason York,/players/y/yorkja01.html,D,19,757,42,187,229,48.8,0,2,4,6,0
B.J. Young,/players/y/youngbj01.html,RW,1,1,0,0,0,0.0,0,0,0,0,0
Warren Young,/players/y/youngwa01.html,C,79,236,72,77,149,8.1,0,22,24,46,0
Filip Zadina,/players/z/zadinfi01.html,RW,9,9,1,2,3,0.0,0,1,2,3,0
Larry Zeidel,/players/z/zeidela01.html,D,28,158,3,16,19,7.6,0,1,0,1,0
Ed Zeniuk,/players/z/zeniued01.html,D,2,2,0,0,0,0.1,0,0,0,0,0
Marek Zidlicky,/players/z/zidlima01.html,D,21,836,89,328,417,70.7,0,3,8,11,0
Rudy Zunich,/players/z/zunicru01.html,D,2,2,0,0,0,0.1,0,0,0,0,0
