Richard Bachman,/players/b/bachmri01.html,G,9,48,0,1,1,6.1,20,0,0,0,3
Marco Baron,/players/b/baronma01.html,G,1,86,0,4,4,14.7,34,0,0,0,0
Fred Brathwaite,/players/b/brathfr01.html,G,40,254,0,3,3,35.1,81,0,0,0,5
Laurent Brossoit,/players/b/brossla01.html,G,28,49,0,1,1,7.4,20,0,1,1,7
Ilya Bryzgalov,/players/b/bryzgil01.html,G,20,465,0,12,12,81.3,221,0,0,0,5
Tyler Bunz,/players/b/bunzty01.html,G,1,1,0,0,0,-0.2,0,0,0,0,0
Ty Conklin,/players/c/conklty01.html,G,60,215,0,3,3,31.0,96,0,0,0,27
Jim Corsi,/players/c/corsiji01.html,G,26,26,0,3,3,3.3,8,0,3,3,8
Wayne Cowley,/players/c/cowlewa01.html,G,1,1,0,0,0,0.2,0,0,0,0,0
Don Cutts,/players/c/cuttsdo01.html,G,6,6,0,0,0,0.7,1,0,0,0,1
Yann Danis,/players/d/danisya01.html,G,4,55,0,0,0,8.2,17,0,0,0,1
Jeff Deslauriers,/players/d/drouije01.html,G,58,62,0,4,4,9.4,23,0,4,4,20
Dave Dryden,/players/d/drydeda01.html,G,14,203,0,4,4,26.7,69,0,0,0,2
Devan Dubnyk,/players/d/dubnyde01.html,G,171,490,0,8,8,88.0,235,0,1,1,61
Bob Dupuis,/players/d/dupuibo01.html,G,1,1,0,0,0,0.1,0,0,0,0,0
Gary Edwards,/players/e/edwarga01.html,G,15,286,0,5,5,36.3,88,0,2,2,5
Bob Essensa,/players/e/essenbo01.html,G,74,446,0,15,15,68.7,173,0,1,1,22
Randy Exelby,/players/e/exelbra01.html,G,1,2,0,0,0,0.1,0,0,0,0,0
Viktor Fasth,/players/f/fasthvi01.html,G,33,63,0,0,0,8.4,26,0,0,0,9
Norm Foster,/players/f/fosteno01.html,G,10,13,0,0,0,1.1,7,0,0,0,5
Joaquin Gage,/players/g/gagejo02.html,G,23,23,0,1,1,1.4,4,0,1,1,4
Mathieu Garon,/players/g/garonma01.html,G,62,341,0,7,7,49.0,144,0,0,0,32
Martin Gerber,/players/g/gerbema01.html,G,3,229,0,7,7,41.7,113,0,1,1,3
Mike Greenlay,/players/g/greenmi01.html,G,2,2,0,1,0,-0.1,0,0,1,0,0
Jonas Gustavsson,/players/g/gustajo01.html,G,7,179,0,4,4,21.7,72,0,0,0,1
Peter Ing,/players/i/ingpe01.html,G,12,74,0,3,3,10.4,20,0,3,3,3
Curtis Joseph,/players/j/josepcu01.html,G,177,943,0,31,31,167.2,454,0,5,5,76
Nikolai Khabibulin,/players/k/khabini01.html,G,117,799,0,18,18,132.4,333,0,0,0,33
Mikko Koskinen,/players/k/koskimi01.html,G,55,59,0,2,2,8.1,27,0,2,2,25
Jason LaBarbera,/players/l/labarja01.html,G,7,187,0,2,2,28.7,62,0,0,0,1
Pete LoPresti,/players/l/loprepe01.html,G,2,175,0,3,3,16.5,43,0,0,0,0
Ron Low,/players/l/lowro01.html,G,67,382,0,4,4,33.4,102,0,3,3,30
Jussi Markkanen,/players/m/markkju01.html,G,102,128,0,2,2,16.5,43,0,2,2,35
Lindsay Middlebrook,/players/m/middlli01.html,G,1,37,0,0,0,2.1,3,0,0,0,1
Mike Minard,/players/m/minarmi01.html,G,1,1,0,0,0,0.3,1,0,0,0,1
Eddie Mio,/players/m/mioed01.html,G,77,192,0,11,11,25.3,64,0,6,6,25
Al Montoya,/players/m/montoal01.html,G,9,168,0,5,5,23.7,67,0,1,1,2
Mike Morrison,/players/m/morrimi01.html,G,21,29,0,1,1,1.4,11,0,0,0,10
Anders Nilsson,/players/n/nilssan01.html,G,26,141,0,3,3,21.8,50,0,1,1,10
Steve Passmore,/players/p/passmst01.html,G,6,93,0,2,2,10.9,23,0,1,1,1
Daryl Reaugh,/players/r/reaugda01.html,G,7,27,0,0,0,3.5,8,0,0,0,1
Pokey Reddick,/players/r/reddipo01.html,G,13,132,0,1,1,16.9,46,0,0,0,5
Dwayne Roloson,/players/r/rolosdw01.html,G,193,606,0,14,14,102.0,227,0,6,6,78
Dominic Roussel,/players/r/roussdo01.html,G,8,205,0,4,4,28.8,77,0,0,0,1
Ben Scrivens,/players/s/scrivbe01.html,G,78,144,0,2,2,20.5,47,0,1,1,24
Mikhail Shtalenkov,/players/s/shtalmi01.html,G,34,190,0,6,6,24.4,62,0,0,0,12
Warren Skorodenski,/players/s/skorowa01.html,G,3,35,0,0,0,6.7,12,0,0,0,0
Anthony Stolarz,/players/s/stolaan01.html,G,6,25,0,0,0,3.7,6,0,0,0,0
Kari Takko,/players/t/takkoka01.html,G,11,142,0,2,2,20.6,37,0,1,1,4
Ron Tugnutt,/players/t/tugnuro01.html,G,29,537,0,7,7,78.9,186,0,0,0,10
Steve Valiquette,/players/v/valiqst01.html,G,1,46,0,1,1,6.1,16,0,0,0,0
Mike Zanier,/players/z/zaniemi01.html,G,3,3,0,0,0,0.6,1,0,0,0,1
Pontus Aberg,/players/a/abergpo01.html,LW,16,127,17,26,43,3.2,0,2,6,8,0
Keith Acton,/players/a/actonke01.html,C,72,1023,226,358,584,29.9,0,14,21,35,0
Will Acton,/players/a/actonwi01.html,C,33,33,3,2,5,0.3,0,3,2,5,0
Greg Adams,/players/a/adamsgr01.html,LW,49,544,84,143,227,8.8,0,4,5,9,0
Brad Aitken,/players/a/aitkebr01.html,LW,3,14,1,3,4,-0.1,0,0,1,1,0
Micah Aivazoff,/players/a/aivazmi01.html,C,21,92,4,6,10,-1.8,0,0,1,1,0
Bobby Allen,/players/a/allenbo01.html,D,1,51,0,3,3,0.7,0,0,0,0,0
Mark Arcobello,/players/a/arcobma01.html,RW,78,139,24,29,53,4.8,0,11,19,30,0
Ron Areshenkoff,/players/a/areshro01.html,C,4,4,0,0,0,-0.2,0,0,0,0,0
Dean Arsene,/players/a/arsende01.html,D,13,13,0,0,0,-0.1,0,0,0,0,0
Don Ashby,/players/a/ashbydo01.html,C,24,188,40,56,96,4.7,0,12,12,24,0
Keith Aulie,/players/a/aulieke01.html,D,31,167,4,10,14,2.6,0,0,1,1,0
Yohann Auvitu,/players/a/auvityo01.html,D,33,58,5,8,13,3.1,0,3,6,9,0
Bryon Baltimore,/players/b/baltibr01.html,D,2,2,0,0,0,0.3,0,0,0,0,0
Drew Bannister,/players/b/bannidr01.html,D,35,164,5,25,30,5.4,0,0,3,3,0
Cam Barker,/players/b/barkeca01.html,D,25,310,21,75,96,15.1,0,2,0,2,0
Ethan Bear,/players/b/bearet01.html,D,18,18,1,3,4,-0.1,0,1,3,4,0
Taylor Beck,/players/b/beckta01.html,RW,3,92,11,12,23,1.5,0,0,0,0,0
John Bednarski,/players/b/bednajo01.html,D,1,100,2,18,20,3.7,0,0,0,0,0
Bob Beers,/players/b/beersbo01.html,D,66,258,28,79,107,14.2,0,10,27,37,0
Eric Belanger,/players/b/belaner01.html,C,104,820,138,220,358,28.9,0,4,15,19,0
Jesse Belanger,/players/b/belanje01.html,C,6,246,59,76,135,10.8,0,0,0,0,0
Bruce Bell,/players/b/bellbr01.html,D,1,209,12,64,76,14.5,0,0,0,0,0
Shawn Belle,/players/b/bellesh01.html,D,5,20,0,1,1,0.5,0,0,0,0,0
Anton Belov,/players/b/belovan01.html,D,57,57,1,6,7,0.9,0,1,6,7,0
Adam Bennett,/players/b/bennead01.html,D,48,69,3,8,11,2.8,0,3,6,9,0
Brian Benning,/players/b/bennibr01.html,D,18,568,63,233,296,41.8,0,1,7,8,0
Ladislav Benysek,/players/b/benysla01.html,D,2,161,3,12,15,4.0,0,0,0,0,0
Drake Berehowsky,/players/b/berehdr01.html,D,67,549,37,112,149,29.2,0,1,6,7,0
Marc-Andre Bergeron,/players/b/bergema02.html,D,189,490,82,153,235,42.6,0,33,55,88,0
Ken Berry,/players/b/berryke01.html,LW,28,55,8,10,18,0.3,0,4,6,10,0
Wayne Bianchin,/players/b/biancwa01.html,LW,11,276,68,41,109,6.1,0,0,0,0,0
Sebastien Bisaillon,/players/b/bisaise01.html,D,2,2,0,0,0,0.0,0,0,0,0,0
Mike Bishai,/players/b/bishami01.html,C,14,14,0,2,2,0.0,0,0,2,2,0
Tom Bladon,/players/b/bladoto01.html,D,1,610,73,197,270,52.9,0,0,0,0,0
John Blum,/players/b/blumjo01.html,D,9,250,7,34,41,12.2,0,0,4,4,0
Jason Bonsignore,/players/b/bonsija01.html,C,21,79,3,13,16,-0.4,0,1,2,3,0
Dennis Bonvie,/players/b/bonvide01.html,RW,14,92,1,2,3,-0.7,0,0,0,0,0
Laurie Boschman,/players/b/boschla01.html,C,73,1009,229,348,577,28.1,0,10,15,25,0
Evan Bouchard,/players/b/bouchev01.html,D,7,7,1,0,1,-0.1,0,1,0,1,0
Jesse Boulerice,/players/b/bouleje01.html,RW,2,172,8,2,10,0.1,0,0,0,0,0
Jason Bowen,/players/b/bowenja01.html,D,4,77,2,6,8,3.2,0,0,0,0,0
Curt Brackenbury,/players/b/brackcu01.html,RW,72,141,9,17,26,-2.2,0,2,9,11,0
Fredrik Bremberg,/players/b/brembfr01.html,C,8,8,0,0,0,-0.2,0,0,0,0,0
Dave Brown,/players/b/brownda01.html,RW,140,729,45,52,97,-10.1,0,3,12,15,0
Kevin Brown,/players/b/brownke03.html,RW,19,64,7,9,16,0.1,0,4,2,6,0
Mike Brown,/players/b/brownmi02.html,RW,35,407,19,17,36,-1.5,0,1,0,1,0
Jeff Brubaker,/players/b/brubaje01.html,LW,4,178,16,9,25,-2.2,0,1,0,1,0
Gilbert Brule,/players/b/brulegi01.html,C,117,299,43,52,95,7.3,0,26,23,49,0
Sven Butensch√∂n,/players/b/butensv01.html,D,21,140,2,12,14,2.4,0,1,1,2,0
Ilja Byakin,/players/b/byakiil01.html,D,44,57,8,25,33,4.1,0,8,20,28,0
Drake Caggiula,/players/c/caggidr01.html,LW,156,182,32,29,61,4.8,0,27,22,49,0
Brett Callighen,/players/c/callibr01.html,C,160,160,56,89,145,10.3,0,56,89,145,0
Mike Cammalleri,/players/c/cammami01.html,C/W,51,906,294,348,642,72.3,0,4,18,22,0
Colin Campbell,/players/c/campbco01.html,D,72,636,25,103,128,27.8,0,2,11,13,0
Billy Carroll,/players/c/carrobi01.html,C,70,322,30,54,84,-1.6,0,8,11,19,0
Jimmy Carson,/players/c/carsoji01.html,C,84,626,275,286,561,45.6,0,50,53,103,0
Ron Carter,/players/c/cartero01.html,RW,2,2,0,0,0,-0.1,0,0,0,0,0
Colby Cave,/players/c/caveco01.html,C,33,56,3,5,8,-0.2,0,2,1,3,0
Rick Chartraw,/players/c/chartri01.html,D/RW,24,420,28,64,92,22.2,0,2,6,8,0
Alex Chiasson,/players/c/chiasal01.html,RW,73,454,81,81,162,13.9,0,22,16,38,0
Jason Chimera,/players/c/chimeja01.html,LW,130,1107,186,229,415,37.9,0,19,17,36,0
Ron Chipperfield,/players/c/chippro01.html,C,67,83,22,24,46,2.1,0,18,19,37,0
Taylor Chorney,/players/c/chornta01.html,D,59,166,4,18,22,4.3,0,1,6,7,0
Jeff Chychrun,/players/c/chychje01.html,D,2,262,3,22,25,8.5,0,0,0,0,0
Jozef Cierny,/players/c/ciernjo01.html,LW,1,1,0,0,0,-0.1,0,0,0,0,0
Dean Clark,/players/c/clarkde01.html,D,1,1,0,0,0,0.0,0,0,0,0,0
Adam Clendening,/players/c/clendad01.html,D,20,90,4,20,24,5.1,0,1,5,6,0
Glen Cochrane,/players/c/cochrgl01.html,D,12,411,17,72,89,21.8,0,0,0,0,0
Erik Cole,/players/c/coleer01.html,LW,63,892,265,267,532,59.0,0,16,11,27,0
Paul Comrie,/players/c/comripa01.html,C,15,15,1,2,3,0.1,0,1,2,3,0
Pat Conacher,/players/c/conacpa01.html,LW,45,521,63,76,139,0.4,0,2,8,10,0
Cam Connor,/players/c/connoca01.html,RW,38,89,9,22,31,0.8,0,7,13,20,0
Philippe Cornet,/players/c/corneph01.html,LW,2,2,0,1,1,0.1,0,0,1,1,0
Shayne Corson,/players/c/corsosh01.html,LW,192,1156,273,420,693,55.0,0,53,84,137,0
Patrick Cote,/players/c/cotepa01.html,LW,6,105,1,2,3,-1.2,0,0,0,0,0
Ray Cote,/players/c/cotera01.html,C,15,15,0,0,0,-0.7,0,0,0,0,0
Geoff Courtnall,/players/c/courtge01.html,LW,12,1048,367,432,799,70.6,0,4,4,8,0
Adam Cracknell,/players/c/crackad01.html,RW,8,210,21,22,43,3.7,0,0,0,0,0
Cory Cross,/players/c/crossco01.html,D,113,659,34,97,131,32.7,0,11,20,31,0
Dan Currie,/players/c/currida01.html,LW,17,22,2,1,3,-0.4,0,1,0,1,0
Josh Currie,/players/c/currijo01.html,RW,21,21,2,3,5,0.5,0,2,3,5,0
Mariusz Czerkawski,/players/c/czerkma01.html,RW,113,745,215,220,435,45.7,0,38,38,76,0
Vincent Damphousse,/players/d/damphvi01.html,C,80,1378,432,773,1205,105.4,0,38,51,89,0
Brandon Davidson,/players/d/davidbr01.html,D,114,162,9,14,23,4.6,0,8,9,17,0
Greg de Vries,/players/d/devrigr01.html,D,115,878,48,146,194,43.3,0,8,9,17,0
David Desharnais,/players/d/deshada01.html,C,18,524,87,195,282,28.4,0,2,2,4,0
Boyd Devereaux,/players/d/deverbo01.html,C,175,627,67,112,179,12.5,0,15,31,46,0
Bobby Dollas,/players/d/dollabo01.html,D,30,646,42,96,138,34.3,0,2,5,7,0
Dave Donnelly,/players/d/donneda01.html,C,4,137,15,24,39,0.3,0,0,0,0,0
Jiri Dopita,/players/d/dopitji01.html,C,21,73,12,21,33,3.1,0,1,5,6,0
Jim Dowd,/players/d/dowdji01.html,C,70,728,71,168,239,15.9,0,5,18,23,0
Peter Driscoll,/players/d/driscpe01.html,LW,60,60,3,8,11,-1.0,0,3,8,11,0
Donald Dufresne,/players/d/dufredo01.html,D,64,268,6,36,42,12.2,0,1,7,8,0
Radek Dvorak,/players/d/dvorara01.html,RW,154,1260,227,363,590,48.5,0,27,59,86,0
Steve Dykstra,/players/d/dykstst01.html,D,15,217,8,32,40,8.0,0,2,3,5,0
Ben Eager,/players/e/eagerbe01.html,LW,84,407,43,42,85,6.9,0,9,7,16,0
Todd Elik,/players/e/elikto01.html,C,18,448,110,219,329,24.4,0,1,9,10,0
Jim Ennis,/players/e/ennisji01.html,D,5,5,1,0,1,0.2,0,1,0,1,0
Peter Eriksson,/players/e/erikspe01.html,LW,20,20,3,3,6,0.1,0,3,3,6,0
Len Esau,/players/e/esaule01.html,D,14,27,0,10,10,0.8,0,0,6,6,0
Pat Falloon,/players/f/fallopa01.html,RW,115,575,143,179,322,25.3,0,22,36,58,0
Mark Fayne,/players/f/faynema01.html,D,147,389,17,48,65,17.0,0,4,13,17,0
Taylor Fedun,/players/f/fedunta01.html,D,4,100,6,20,26,5.7,0,2,0,2,0
Andrew Ference,/players/f/ferenan01.html,D,147,907,43,182,225,43.5,0,6,26,32,0
Chris Ferraro,/players/f/ferrach01.html,C,2,74,7,9,16,0.5,0,1,0,1,0
Mark Fistric,/players/f/fistrma01.html,D,25,325,4,30,34,10.2,0,0,6,6,0
Bill Flett,/players/f/flettbi01.html,RW,20,689,202,215,417,32.7,0,5,2,7,0
Mike Forbes,/players/f/forbemi01.html,D,18,50,1,11,12,1.9,0,1,7,8,0
Kurtis Foster,/players/f/fosteku01.html,D,74,405,42,118,160,27.9,0,8,14,22,0
Nick Fotiu,/players/f/fotiuni01.html,LW,1,646,60,77,137,-5.4,0,0,0,0,0
Colin Fraser,/players/f/fraseco01.html,C,67,359,20,38,58,1.9,0,3,2,5,0
Iain Fraser,/players/f/fraseia01.html,C,9,94,23,23,46,3.1,0,3,0,3,0
Mark Fraser,/players/f/frasema01.html,D,23,219,4,18,22,7.1,0,1,0,1,0
Matt Fraser,/players/f/frasema02.html,LW,36,87,11,6,17,0.9,0,5,4,9,0
Scott Fraser,/players/f/frasesc01.html,C,29,71,16,15,31,3.1,0,12,11,23,0
Doug Friedman,/players/f/frieddo01.html,LW,16,18,0,1,1,-0.3,0,0,0,0,0
Miroslav Frycer,/players/f/frycemi01.html,RW,14,415,147,183,330,21.2,0,5,5,10,0
Joseph Gambardella,/players/g/gambajo01.html,C,15,15,0,3,3,0.2,0,0,3,3,0
Danny Gare,/players/g/gareda01.html,RW,18,827,354,331,685,60.8,0,1,3,4,0
Jason Garrison,/players/g/garrija01.html,D,17,555,49,111,160,38.3,0,1,0,1,0
Luke Gazdic,/players/g/gazdilu01.html,LW,136,147,5,3,8,-0.8,0,5,3,8,0
Brent Gilchrist,/players/g/gilchbr01.html,LW,60,792,135,170,305,18.5,0,10,10,20,0
Alexandre Giroux,/players/g/giroual01.html,C/LW,8,48,6,6,12,0.8,0,1,1,2,0
Curtis Glencross,/players/g/glenccu01.html,C,26,507,134,141,275,31.8,0,9,4,13,0
Brian Glynn,/players/g/glynnbr01.html,D,89,431,25,79,104,17.9,0,6,18,24,0
Boyd Gordon,/players/g/gordobo01.html,C,142,706,56,105,161,5.2,0,14,20,34,0
Tom Gorence,/players/g/gorento01.html,RW,12,303,58,53,111,3.8,0,1,1,2,0
Kevin Gravel,/players/g/graveke01.html,D,36,106,1,12,13,3.3,0,0,3,3,0
Adam Graves,/players/g/gravead01.html,LW,139,1152,329,287,616,52.5,0,16,30,46,0
Steve Graves,/players/g/gravest01.html,LW,35,35,5,4,9,0.2,0,5,4,9,0
Josh Green,/players/g/greenjo01.html,LW,88,341,36,40,76,5.1,0,11,8,19,0
Matt Greene,/players/g/greenma01.html,D,151,615,17,63,80,24.3,0,1,12,13,0
Brent Grieve,/players/g/grievbr01.html,LW,24,97,20,16,36,2.7,0,13,5,18,0
Eric Gryba,/players/g/grybaer01.html,D,114,289,7,36,43,10.9,0,3,11,14,0
Kari Haakana,/players/h/haakaka01.html,D,13,13,0,0,0,-0.1,0,0,0,0,0
David Haas,/players/h/haasda01.html,LW,5,7,2,1,3,0.2,0,1,0,1,0
Marc Habscheid,/players/h/habscma01.html,RW/C,74,345,72,91,163,7.2,0,10,16,26,0
Matti Hagman,/players/h/hagmama01.html,C,147,237,56,89,145,7.5,0,41,71,112,0
Chris Hajt,/players/h/hajtch01.html,D,1,6,0,0,0,0.0,0,0,0,0,0
Doug Halward,/players/h/halwado01.html,D,24,653,69,224,293,41.1,0,0,7,7,0
Al Hamilton,/players/h/hamilal01.html,D,31,257,10,78,88,14.8,0,4,15,19,0
Curtis Hamilton,/players/h/hamilcu01.html,LW,1,1,0,0,0,0.0,0,0,0,0,0
Ryan Hamilton,/players/h/hamilry01.html,LW,18,30,1,4,5,-0.4,0,1,1,2,0
Ken Hammond,/players/h/hammoke01.html,D,5,193,18,29,47,6.1,0,0,1,1,0
Dave Hannan,/players/h/hannada01.html,C,51,841,114,191,305,9.3,0,9,11,20,0
Jim Harrison,/players/h/harriji01.html,C,3,324,67,86,153,9.2,0,0,0,0,0
Teemu Hartikainen,/players/h/hartite01.html,C,52,52,6,7,13,0.5,0,6,7,13,0
Todd Harvey,/players/h/harveto01.html,RW/C,63,671,91,132,223,18.3,0,5,2,7,0
Brett Hauer,/players/h/hauerbr01.html,D,34,37,4,4,8,0.9,0,4,4,8,0
Greg Hawgood,/players/h/hawgogr01.html,D,55,474,60,164,224,37.6,0,7,25,32,0
Jochen Hecht,/players/h/hechtjo01.html,LW,82,833,186,277,463,47.5,0,16,24,40,0
Jan Hejda,/players/h/hejdaja01.html,D,39,627,25,110,135,29.8,0,1,8,9,0
Alex Henry,/players/h/henryal01.html,D,3,177,2,9,11,0.6,0,0,0,0,0
Ian Herbers,/players/h/herbeia01.html,D,22,65,0,5,5,0.8,0,0,2,2,0
Doug Hicks,/players/h/hicksdo01.html,D,186,561,37,131,168,28.7,0,17,67,84,0
Dean Hopkins,/players/h/hopkide01.html,RW,1,223,23,51,74,-0.3,0,0,0,0,0
Roman Horak,/players/h/horakro01.html,C,2,84,6,13,19,1.2,0,1,0,1,0
Darcy Hordichuk,/players/h/hordida01.html,LW,47,542,20,21,41,0.0,0,1,2,3,0
Tony Hrkac,/players/h/hrkacto01.html,C,36,758,132,239,371,25.7,0,8,11,19,0
Bill Huard,/players/h/huardbi01.html,LW,33,223,16,18,34,-1.3,0,0,1,1,0
Mike Hudson,/players/h/hudsomi01.html,C/LW,5,416,49,87,136,3.1,0,0,1,1,0
John Hughes,/players/h/hughejo01.html,D,18,70,2,14,16,3.2,0,0,3,3,0
Joe Hulbig,/players/h/hulbijo01.html,LW,24,55,4,4,8,-0.2,0,2,2,4,0
Brad Hunt,/players/h/huntbr01.html,D,21,120,10,29,39,5.6,0,1,2,3,0
Ralph Intranuovo,/players/i/intrara01.html,C,19,22,2,4,6,0.1,0,2,3,5,0
Brad Isbister,/players/i/isbisbr01.html,LW,64,541,106,116,222,19.4,0,13,10,23,0
Kim Issel,/players/i/isselki01.html,RW,4,4,0,0,0,-0.1,0,0,0,0,0
Jean-Francois Jacques,/players/j/jacquje01.html,LW,160,166,9,8,17,-1.0,0,9,8,17,0
Risto Jalo,/players/j/jalori01.html,C,3,3,0,3,3,0.1,0,0,3,3,0
Kari Jalonen,/players/j/jalonka01.html,C,3,37,9,6,15,0.9,0,0,0,0,0
Jesse Joensuu,/players/j/joensje01.html,LW,62,129,13,11,24,0.7,0,5,4,9,0
Aaron Johnson,/players/j/johnsaa01.html,D,19,291,17,45,62,13.3,0,3,4,7,0
Jussi Jokinen,/players/j/jokinju01.html,C,14,951,191,372,563,57.2,0,0,1,1,0
Caleb Jones,/players/j/jonesca01.html,D,17,17,1,5,6,0.3,0,1,5,6,0
Tomas Jonsson,/players/j/jonssto01.html,D,20,552,85,259,344,49.0,0,1,10,11,0
Chris Joseph,/players/j/josepch01.html,D,154,510,39,112,151,21.8,0,12,39,51,0
Steve Kelly,/players/k/kellyst01.html,C,27,149,9,12,21,-1.1,0,1,2,3,0
Dean Kennedy,/players/k/kennede01.html,D,40,717,26,110,136,26.9,0,2,8,10,0
Alexander Kerch,/players/k/kerchal01.html,LW,5,5,0,0,0,-0.4,0,0,0,0,0
Reg Kerr,/players/k/kerrre01.html,LW,3,263,66,94,160,8.8,0,0,0,0,0
Jujhar Khaira,/players/k/khairju01.html,LW,154,154,15,27,42,1.9,0,15,27,42,0
Chad Kilger,/players/k/kilgech01.html,LW,87,714,107,111,218,15.3,0,9,5,14,0
Rob Klinkhammer,/players/k/klinkro01.html,LW,54,193,22,21,43,3.8,0,2,2,4,0
Krys Kolanos,/players/k/kolankr01.html,C,6,149,20,22,42,3.6,0,0,0,0,0
Lauri Korpikoski,/players/k/korpila01.html,LW,71,609,86,115,201,14.8,0,10,12,22,0
Ales Kotalik,/players/k/kotalal01.html,RW,19,542,136,148,284,27.9,0,7,4,11,0
Andrei Kovalenko,/players/k/kovalan01.html,RW,176,620,173,206,379,33.5,0,51,58,109,0
Igor Kravchuk,/players/k/kravcig01.html,D,160,699,64,210,274,48.2,0,27,61,88,0
Stu Kulak,/players/k/kulakst01.html,RW,23,90,8,4,12,-1.4,0,3,1,4,0
Milan Kytnar,/players/k/kytnami01.html,C,1,1,0,0,0,0.0,0,0,0,0,0
Normand Lacombe,/players/l/lacomno01.html,RW,133,319,53,62,115,3.9,0,30,22,52,0
Dan LaCouture,/players/l/lacouda01.html,LW,45,337,20,25,45,-0.2,0,2,4,6,0
Daniel Lacroix,/players/l/lacroda01.html,LW,4,188,11,7,18,-2.5,0,0,0,0,0
Christian Laflamme,/players/l/laflach01.html,D,61,324,2,45,47,11.0,0,0,6,6,0
Marc Laforge,/players/l/laforma02.html,LW,5,14,0,0,0,0.3,0,0,0,0,0
Mark Lamb,/players/l/lambma01.html,C,176,403,46,100,146,2.6,0,24,54,78,0
Garry Lariviere,/players/l/larivga01.html,D,92,219,6,57,63,12.5,0,1,25,26,0
Philip Larsen,/players/l/larseph01.html,D,30,151,9,28,37,6.8,0,3,9,12,0
Reed Larson,/players/l/larsore01.html,D,10,904,222,463,685,89.7,0,2,7,9,0
John LeBlanc,/players/l/leblajo01.html,RW,2,83,26,13,39,2.5,0,1,0,1,0
Tommy Lehman,/players/l/lehmato01.html,C,1,36,5,5,10,0.1,0,0,0,0,0
Moe Lemay,/players/l/lemaymo01.html,LW,14,317,72,94,166,8.5,0,1,2,3,0
Francois Leroux,/players/l/leroufr01.html,D,11,249,3,20,23,3.2,0,0,3,3,0
Willy Lindstrom,/players/l/lindswi01.html,RW,163,582,161,162,323,18.8,0,40,41,81,0
Charles Linglet,/players/l/linglch01.html,LW,5,5,0,0,0,-0.3,0,0,0,0,0
Keegan Lowe,/players/l/loweke02.html,D,2,4,0,0,0,-0.2,0,0,0,0,0
Mikko Luoma,/players/l/luomami01.html,D,3,3,0,1,1,0.1,0,0,1,1,0
Joffrey Lupul,/players/l/lupuljo01.html,LW,81,701,205,215,420,45.5,0,16,12,28,0
Doug Lynch,/players/l/lynchdo01.html,D,2,2,0,0,0,0.0,0,0,0,0,0
Blair MacDonald,/players/m/macdobl01.html,RW,131,219,91,100,191,14.5,0,65,72,137,0
Steve MacIntyre,/players/m/macinst01.html,LW,60,91,2,2,4,-0.2,0,2,1,3,0
Norm Maciver,/players/m/macivno01.html,D,79,501,55,230,285,36.0,0,8,39,47,0
Kari Makkonen,/players/m/makkoka01.html,LW,9,9,2,2,4,0.1,0,2,2,4,0
David Maley,/players/m/maleyda01.html,LW,36,466,43,81,124,-0.9,0,4,7,11,0
Troy Mallette,/players/m/malletr01.html,LW,15,456,51,68,119,1.5,0,1,3,4,0
Brad Malone,/players/m/malonbr01.html,C/LW,23,199,13,17,30,0.9,0,0,0,0,0
Kirk Maltby,/players/m/maltbki01.html,RW,164,1072,128,132,260,14.5,0,21,17,38,0
Kent Manderville,/players/m/mandeke01.html,C,37,646,37,67,104,-0.1,0,3,5,8,0
Brandon Manning,/players/m/mannibr01.html,D,12,246,13,34,47,8.7,0,1,0,1,0
Moe Mantha,/players/m/manthmo01.html,D,25,656,81,289,370,45.6,0,0,6,6,0
Martin Marincin,/players/m/marinma01.html,D,85,201,4,26,30,6.0,0,1,10,11,0
Gordon Mark,/players/m/markgo01.html,D,30,85,3,10,13,1.5,0,0,3,3,0
Cooper Marody,/players/m/marodco01.html,C,6,6,0,0,0,-0.1,0,0,0,0,0
Pat Maroon,/players/m/maroopa01.html,LW,154,449,88,118,206,21.5,0,49,37,86,0
Terry Martin,/players/m/martite01.html,LW,4,479,104,101,205,8.3,0,0,2,2,0
Darcy Martini,/players/m/martida01.html,D,2,2,0,0,0,0.0,0,0,0,0,0
Alan May,/players/m/mayal01.html,RW,3,393,31,45,76,-2.0,0,1,0,1,0
Colin McDonald,/players/m/mcdonco01.html,RW,2,148,20,26,46,3.4,0,1,0,1,0
Bill McDougall,/players/m/mcdoubi01.html,C,4,28,5,5,10,0.6,0,2,1,3,0
Ryan McGill,/players/m/mcgilry01.html,D,8,151,4,15,19,5.0,0,0,0,0,0
Dan McGillis,/players/m/mcgilda01.html,D,140,634,56,182,238,48.7,0,16,31,47,0
Tom McMurchy,/players/m/mcmurto01.html,RW,9,55,8,4,12,-0.2,0,4,1,5,0
Scott Mellanby,/players/m/mellasc01.html,RW,149,1431,364,476,840,71.4,0,38,44,82,0
Larry Melnyk,/players/m/melnyla01.html,D,34,432,11,63,74,17.9,0,2,14,16,0
Scott Metcalfe,/players/m/metcasc01.html,LW,2,19,1,2,3,-0.3,0,0,0,0,0
Max Middendorf,/players/m/middema01.html,RW,3,13,2,4,6,0.0,0,1,0,1,0
Alexei Mikhnov,/players/m/mikhnal01.html,LW,2,2,0,0,0,0.0,0,0,0,0,0
Craig Millar,/players/m/millacr01.html,D,36,114,8,14,22,3.6,0,4,2,6,0
Andrew Miller,/players/m/millean01.html,F,15,15,1,5,6,0.4,0,1,5,6,0
Chris Minard,/players/m/minarch01.html,C,5,40,2,4,6,0.1,0,0,1,1,0
John Miner,/players/m/minerjo01.html,D,14,14,2,3,5,0.5,0,2,3,5,0
Mike Moller,/players/m/mollemi01.html,RW,7,134,15,28,43,0.8,0,2,1,3,0
Barrie Moore,/players/m/mooreba01.html,LW,4,39,2,6,8,-0.1,0,0,0,0,0
Johan Motin,/players/m/motinjo01.html,D,1,1,0,0,0,-0.1,0,0,0,0,0
Bryan Muir,/players/m/muirbr01.html,D,12,279,16,37,53,9.1,0,0,0,0,0
Don Murdoch,/players/m/murdodo01.html,RW,50,320,121,117,238,18.3,0,15,11,26,0
David Musil,/players/m/musilda01.html,D,4,4,0,2,2,0.1,0,0,2,2,0
Frantisek Musil,/players/m/musilfr01.html,D,69,797,34,106,140,40.2,0,1,7,8,0
Don Nachbaur,/players/n/nachbdo01.html,C,4,223,23,46,69,0.2,0,0,0,0,0
Mark Napier,/players/n/napiema01.html,RW,175,767,235,306,541,36.6,0,41,71,112,0
Petr Nedved,/players/n/nedvepe01.html,C,35,982,310,407,717,65.1,0,6,14,20,0
Lance Nethery,/players/n/nethela01.html,C,3,41,11,14,25,1.3,0,0,2,2,0
Dan Newman,/players/n/newmada01.html,LW,10,126,17,24,41,0.8,0,3,1,4,0
Bernie Nicholls,/players/n/nichobe01.html,C,95,1127,475,734,1209,96.8,0,28,61,89,0
Nikita Nikitin,/players/n/nikitni01.html,D,53,259,17,59,76,14.4,0,4,7,11,0
Kent Nilsson,/players/n/nilsske01.html,C,23,553,264,422,686,52.2,0,6,12,18,0
Jeff Norton,/players/n/nortoje01.html,D,92,799,52,332,384,56.2,0,6,27,33,0
Ryan O'Marra,/players/o/omarrry01.html,C,31,33,1,6,7,0.2,0,1,6,7,0
Patrick O'Sullivan,/players/o/osullpa01.html,C,92,334,58,103,161,11.5,0,13,27,40,0
Adam Oates*,/players/o/oatesad01.html,C,60,1337,341,1079,1420,117.0,0,2,16,18,0
Selmar Odelein,/players/o/odelese01.html,D,18,18,0,2,2,0.3,0,0,2,2,0
Jordan Oesterle,/players/o/oestejo01.html,D,25,151,11,30,41,7.9,0,0,6,6,0
Roman Oksiuta,/players/o/oksiuro01.html,RW,36,153,46,41,87,6.7,0,12,4,16,0
Fredrik Olausson,/players/o/olausfr01.html,D,108,1022,147,434,581,89.0,0,9,35,44,0
David Oliver,/players/o/oliveda01.html,RW,141,233,49,49,98,7.7,0,37,35,72,0
Linus Omark,/players/o/omarkli01.html,LW,66,79,8,24,32,1.3,0,8,22,30,0
Magnus Paajarvi,/players/p/paajama01.html,LW,163,467,62,62,124,7.7,0,26,32,58,0
Iiro Pakarinen,/players/p/pakarii01.html,RW,134,134,10,13,23,1.0,0,10,13,23,0
Adam Pardy,/players/p/pardyad01.html,D,9,342,4,48,52,11.2,0,0,3,3,0
Scott Pearson,/players/p/pearssc01.html,LW,100,292,56,42,98,3.7,0,20,22,42,0
Michael Peca,/players/p/pecami01.html,C,71,864,176,289,465,42.2,0,9,14,23,0
Theo Peckham,/players/p/peckhth01.html,D,160,160,4,13,17,3.7,0,4,13,17,0
David Perron,/players/p/perroda01.html,LW,116,779,198,292,490,54.3,0,33,43,76,0
Toby Petersen,/players/p/peterto01.html,C,64,398,33,48,81,2.8,0,6,9,15,0
Richard Petiot,/players/p/petiori01.html,D,2,15,0,3,3,0.8,0,0,0,0,0
Michel Petit,/players/p/petitmi01.html,D,18,827,90,238,328,45.8,0,2,4,6,0
Lennart Petrell,/players/p/petrele01.html,C,95,95,7,11,18,0.6,0,7,11,18,0
Alexander Petrovic,/players/p/petroal01.html,D,9,263,5,45,50,9.1,0,0,1,1,0
Michel Picard,/players/p/picarmi01.html,LW,2,166,28,42,70,5.3,0,0,0,0,0
Steve Pinizzotto,/players/p/pinizst01.html,C,24,36,2,4,6,0.1,0,2,4,6,0
Ales Pisa,/players/p/pisaal01.html,D,50,53,1,3,4,2.1,0,1,3,4,0
Joni Pitkanen,/players/p/pitkajo01.html,D,63,535,57,225,282,47.4,0,8,18,26,0
Tyler Pitlick,/players/p/pitlity01.html,C,58,185,33,20,53,5.6,0,11,3,14,0
Domenic Pittis,/players/p/pittido01.html,C,69,86,5,11,16,0.3,0,4,11,15,0
Alex Plante,/players/p/plantal01.html,D,10,10,0,2,2,0.3,0,0,2,2,0
Jim Playfair,/players/p/playfji01.html,D,2,21,2,4,6,1.5,0,1,1,2,0
Walt Poddubny,/players/p/podduwa01.html,LW,4,468,184,238,422,32.3,0,0,0,0,0
Shjon Podein,/players/p/podeish01.html,LW,68,699,100,106,206,14.5,0,16,11,27,0
Poul Popiel,/players/p/popiepo01.html,D,10,225,13,41,54,12.1,0,0,0,0,0
Corey Potter,/players/p/potteco01.html,D,111,130,8,24,32,5.9,0,7,23,30,0
Ryan Potulny,/players/p/potulry01.html,C,72,126,22,27,49,4.0,0,15,20,35,0
Benoit Pouliot,/players/p/poulibe01.html,LW,180,625,130,133,263,30.9,0,41,43,84,0
Marc Pouliot,/players/p/poulima01.html,C,176,192,21,36,57,4.0,0,21,32,53,0
Jaroslav Pouzar,/players/p/pouzaja01.html,LW,186,186,34,48,82,2.7,0,34,48,82,0
Pat Price,/players/p/pricepa01.html,D,134,726,43,218,261,46.8,0,19,45,64,0
Chris Pronger*,/players/p/prongch01.html,D,80,1167,157,541,698,139.4,0,12,44,56,0
Jesse Puljujarvi,/players/p/puljuje01.html,RW,139,139,17,20,37,2.3,0,17,20,37,0
Teddy Purcell,/players/p/purcete01.html,RW,143,571,101,206,307,28.2,0,23,43,66,0
Ty Rattie,/players/r/rattity01.html,RW,64,99,13,17,30,2.5,0,9,11,20,0
Liam Reddox,/players/r/reddoli01.html,LW,100,100,6,18,24,0.2,0,6,18,24,0
Craig Redmond,/players/r/redmocr01.html,D,21,191,16,68,84,8.8,0,3,10,13,0
Griffin Reinhart,/players/r/reinhgr01.html,D,29,37,0,2,2,0.4,0,0,1,1,0
Todd Reirden,/players/r/reirdto01.html,D,17,183,11,35,46,8.1,0,2,3,5,0
Steven Rice,/players/r/ricest01.html,RW,94,329,64,61,125,7.4,0,19,20,39,0
Tobias Rieder,/players/r/riedeto01.html,C,67,379,55,73,128,7.8,0,0,11,11,0
Michel Riesen,/players/r/riesemi01.html,RW,12,12,0,1,1,0.0,0,0,1,1,0
Jani Rita,/players/r/ritaja01.html,LW,36,66,9,5,14,1.1,0,6,1,7,0
David Roberts,/players/r/roberda01.html,LW,6,125,20,33,53,3.4,0,2,4,6,0
Bert Robertsson,/players/r/roberbe01.html,D,52,123,4,10,14,1.2,0,0,4,4,0
Bryan Rodney,/players/r/rodnebr01.html,D,1,34,1,12,13,1.4,0,0,0,0,0
Mike Rogers,/players/r/rogermi01.html,C,8,484,202,317,519,36.8,0,1,0,1,0
Tom Roulston,/players/r/roulsto01.html,C/RW,137,195,47,49,96,3.6,0,36,32,68,0
Allan Rourke,/players/r/rourkal01.html,D,13,55,1,4,5,1.7,0,0,0,0,0
Derek Roy,/players/r/royde01.html,C,46,738,189,335,524,53.3,0,11,11,22,0
Mathieu Roy,/players/r/royma01.html,D,30,66,2,11,13,1.7,0,2,1,3,0
Martin Rucinsky,/players/r/rucinma01.html,LW,2,961,241,371,612,57.3,0,0,0,0,0
Reijo Ruotsalainen,/players/r/ruotsre01.html,D,26,446,107,237,344,48.3,0,6,15,21,0
Patrick Russell,/players/r/russepa01.html,RW,6,6,0,0,0,-0.1,0,0,0,0,0
Vladimir Ruzicka,/players/r/ruzicvl01.html,C,25,233,82,85,167,11.9,0,11,6,17,0
Tony Salmelainen,/players/s/salmeto01.html,LW,13,70,6,12,18,1.1,0,0,1,1,0
Sergei Samsonov,/players/s/samsose01.html,LW,19,888,235,336,571,61.0,0,5,11,16,0
Geoff Sanderson,/players/s/sandege01.html,LW,41,1104,355,345,700,69.8,0,3,10,13,0
Terran Sandwith,/players/s/sandwte01.html,D,8,8,0,0,0,-0.1,0,0,0,0,0
Peter Sarno,/players/s/sarnope01.html,C,6,7,1,0,1,0.2,0,1,0,1,0
Miroslav Satan,/players/s/satanmi01.html,LW,126,1050,363,372,735,82.3,0,35,28,63,0
Bobby Schmautz,/players/s/schmabo01.html,RW,29,764,271,286,557,45.4,0,8,8,16,0
Rob Schremp,/players/s/schrero01.html,C,7,114,20,34,54,4.3,0,0,3,3,0
Nick Schultz,/players/s/schulni01.html,D,128,1069,30,145,175,48.2,0,1,16,17,0
Alex Selivanov,/players/s/selival01.html,RW,96,459,121,114,235,22.3,0,35,26,61,0
Alexei Semenov,/players/s/semenal01.html,D,103,211,7,26,33,7.3,0,4,10,14,0
Anatoli Semenov,/players/s/semenan01.html,C/LW,116,362,68,126,194,12.1,0,35,38,73,0
Tim Sestito,/players/s/sestiti01.html,C,1,101,0,8,8,-0.9,0,0,0,0,0
David Shaw,/players/s/shawda01.html,D,12,769,41,153,194,42.2,0,1,1,2,0
Gord Sherven,/players/s/shervgo01.html,C,44,97,13,22,35,0.4,0,11,8,19,0
Ron Shudra,/players/s/shudrro01.html,D,10,10,0,5,5,0.8,0,0,5,5,0
Trevor Sim,/players/s/simtr01.html,RW,3,3,0,1,1,0.0,0,0,1,1,0
Dillon Simpson,/players/s/simpsdi01.html,D,3,3,0,0,0,0.0,0,0,0,0,0
Jiri Slegr,/players/s/slegrji01.html,D,69,622,56,193,249,43.8,0,5,18,23,0
Anton Slepyshev,/players/s/slepyan01.html,LW,102,102,10,13,23,1.4,0,10,13,23,0
Dan Smith,/players/s/smithda02.html,D,7,22,0,0,0,0.9,0,0,0,0,0
Doug Smith,/players/s/smithdo03.html,C,19,535,115,138,253,8.7,0,1,1,2,0
Jerred Smithson,/players/s/smithje01.html,C,10,606,39,57,96,-0.5,0,1,0,1,0
Ken Solheim,/players/s/solheke01.html,LW,6,135,19,20,39,-0.1,0,1,0,1,0
Roy Sommer,/players/s/sommero01.html,LW/C,3,3,1,0,1,0.1,0,1,0,1,0
Sheldon Souray,/players/s/sourash01.html,D,144,758,109,191,300,58.9,0,30,46,76,0
Jaroslav Spacek,/players/s/spaceja01.html,D,31,880,82,273,355,69.3,0,5,14,19,0
Ryan Spooner,/players/s/spoonry01.html,C,25,325,48,119,167,15.2,0,2,1,3,0
Tomas Srsen,/players/s/srsento01.html,RW,2,2,0,0,0,-0.1,0,0,0,0,0
Nick Stajduhar,/players/s/stajdni01.html,D,2,2,0,0,0,0.2,0,0,0,0,0
Mike Stapleton,/players/s/staplmi01.html,C,69,697,71,111,182,1.7,0,11,20,31,0
Yan Stastny,/players/s/stastya01.html,C,3,91,6,10,16,0.0,0,0,0,0,0
Ryan Stone,/players/s/stonery01.html,C,27,35,0,7,7,0.2,0,0,6,6,0
Ryan Strome,/players/s/stromry01.html,C,100,421,77,118,195,18.4,0,14,22,36,0
Jason Strudwick,/players/s/strudja01.html,D,186,674,13,42,55,9.6,0,2,15,17,0
Todd Strueby,/players/s/strueto01.html,LW,5,5,0,1,1,-0.1,0,0,1,1,0
Raimo Summanen,/players/s/summara01.html,LW,132,151,36,40,76,3.1,0,30,33,63,0
Andy Sutton,/players/s/suttoan01.html,D,52,676,38,112,150,29.9,0,3,7,10,0
Ken Sutton,/players/s/suttoke01.html,D,44,388,23,80,103,19.8,0,3,9,12,0
Brian Swanson,/players/s/swansbr01.html,C,68,70,4,13,17,0.5,0,4,12,16,0
Petr Sykora,/players/s/sykorpe01.html,RW,82,1017,323,398,721,82.9,0,22,31,53,0
Danny Syvret,/players/s/syvreda01.html,D,26,59,3,4,7,1.1,0,0,1,1,0
Dick Tarnstrom,/players/t/tarnsdi01.html,D,51,306,35,105,140,18.4,0,2,7,9,0
Colten Teubert,/players/t/teubeco01.html,D,24,24,0,1,1,0.0,0,0,1,1,0
Patrick Thoresen,/players/t/thorepa01.html,C,85,106,6,18,24,0.8,0,6,13,19,0
Alex Tidey,/players/t/tideyal01.html,RW,5,9,0,0,0,-0.4,0,0,0,0,0
German Titov,/players/t/titovge01.html,LW,7,624,157,220,377,35.5,0,0,4,4,0
Daniel Tjarnqvist,/players/t/tjarnda01.html,D,37,352,18,72,90,15.9,0,3,12,15,0
Mike Toal,/players/t/toalmi01.html,C,3,3,0,0,0,-0.1,0,0,0,0,0
Kevin Todd,/players/t/toddke01.html,C,25,383,70,133,203,12.4,0,4,9,13,0
Marko Tuomainen,/players/t/tuomama01.html,RW,4,79,9,9,18,0.6,0,0,0,0,0
Igor Ulanov,/players/u/ulanoig01.html,D,160,739,27,135,162,37.3,0,11,42,53,0
Garry Unger,/players/u/ungerga01.html,C,75,1105,413,391,804,67.8,0,9,13,22,0
Shaun Van Allen,/players/v/vanalsh01.html,C,23,794,84,185,269,19.9,0,1,4,5,0
Wayne Van Dorp,/players/v/vandowa01.html,LW,3,125,12,12,24,-0.5,0,0,0,0,0
Jim Vandermeer,/players/v/vandeji01.html,D,62,461,25,80,105,21.4,0,2,12,14,0
Chris VandeVelde,/players/v/vandech01.html,C,28,278,18,30,48,0.7,0,1,2,3,0
Lubomir Visnovsky,/players/v/visnolu01.html,D,107,883,128,367,495,87.0,0,18,45,63,0
Vladimir Vorobiev,/players/v/vorobvl01.html,LW,2,33,9,7,16,1.4,0,2,0,2,0
Vladimir Vujtek,/players/v/vujtevl01.html,LW,70,110,7,30,37,0.8,0,5,25,30,0
Igor Vyazmikin,/players/v/vyazmig01.html,W,4,4,1,0,1,0.1,0,1,0,1,0
Nathan Walker,/players/w/walkena01.html,C,2,12,1,1,2,0.1,0,0,0,0,0
Michael Ware,/players/w/waremi01.html,RW,5,5,0,1,1,-0.1,0,0,1,1,0
Mike Watt,/players/w/wattmi01.html,LW,14,157,15,26,41,2.4,0,1,2,3,0
Brad Werenka,/players/w/werenbr01.html,D,42,320,19,61,80,19.9,0,5,8,13,0
Peter White,/players/w/whitepe01.html,C,61,220,23,37,60,2.7,0,10,12,22,0
Ray Whitney,/players/w/whitnra01.html,LW,9,1330,385,679,1064,108.0,0,1,3,4,0
Ryan Whitney,/players/w/whitnry01.html,D,139,481,50,209,259,39.3,0,12,59,71,0
Chris Wideman,/players/w/widemch01.html,D,5,181,16,29,45,8.9,0,0,2,2,0
Jim Wiemer,/players/w/wiemeji01.html,D,12,325,29,72,101,21.6,0,1,2,3,0
Brad Winchester,/players/w/winchbr01.html,LW,78,390,37,31,68,3.7,0,4,6,10,0
Tyler Wright,/players/w/wrighty01.html,C,41,613,79,70,149,5.8,0,3,1,4,0
Bogdan Yakimov,/players/y/yakimbo01.html,C,1,1,0,0,0,-0.1,0,0,0,0,0
Kailer Yamamoto,/players/y/yamamka01.html,RW,26,26,1,4,5,-0.3,0,1,4,5,0
Mike York,/players/y/yorkmi01.html,LW,144,579,127,195,322,27.6,0,40,57,97,0
Bryan Young,/players/y/youngbr02.html,D,17,17,0,0,0,-0.5,0,0,0,0,0
Brad Zavisha,/players/z/zavisbr01.html,LW,2,2,0,0,0,-0.1,0,0,0,0,0
Valeri Zelepukin,/players/z/zelepva01.html,LW,33,595,117,177,294,22.7,0,2,10,12,0
Sergei Zholtok,/players/z/zholtse01.html,C,37,588,111,147,258,24.3,0,4,16,20,0
Valentin Zykov,/players/z/zykovva01.html,LW,5,40,6,7,13,1.3,0,0,0,0,0
