David Aebischer,/players/a/aebisda01.html,G,39,214,0,5,5,39.1,106,0,0,0,17
John Aiken,/players/a/aikendo01.html,G,1,1,0,0,0,-0.4,0,0,0,0,0
Alex Auld,/players/a/auldal01.html,G,16,237,0,7,7,35.8,91,0,1,1,6
Garry Bauman,/players/b/baumaga01.html,G,2,35,0,0,0,2.5,5,0,0,0,1
Jean-Claude Bergeron,/players/b/bergeje01.html,G,18,72,0,2,2,5.4,21,0,1,1,7
Paul Bibeault,/players/b/bibeapa01.html,G,102,215,0,0,0,31.0,81,0,0,0,41
Andre Binette,/players/b/binetan01.html,G,1,1,0,0,0,0.0,1,0,0,0,1
Claude Bourque,/players/b/bourqcl01.html,G,61,62,0,0,0,6.0,18,0,0,0,18
Len Broderick,/players/b/brodele01.html,G,1,1,0,0,0,0.2,1,0,0,0,1
Peter Budaj,/players/b/budajpe01.html,G,54,368,0,11,11,50.6,158,0,3,3,23
Frederic Chabot,/players/c/chabofr01.html,G,16,32,0,0,0,2.8,4,0,0,0,1
Lorne Chabot,/players/c/chabolo01.html,G,47,412,0,0,0,75.3,200,0,0,0,21
Sprague Cleghorn,/players/c/cleghsp01.html,D,1,259,83,60,143,47.7,0,17,9,26,0
Mike Condon,/players/c/condomi01.html,G,55,129,0,2,2,17.1,45,0,0,0,21
Abbie Cox,/players/c/coxab01.html,G,1,5,0,0,0,0.6,1,0,0,0,0
Claude Cyr,/players/c/cyrcl01.html,G,1,1,0,0,0,0.1,0,0,0,0,0
Yann Danis,/players/d/danisya01.html,G,6,55,0,0,0,8.2,17,0,0,0,3
Denis DeJordy,/players/d/dejorde01.html,G,7,317,0,2,2,43.9,120,0,0,0,3
Marc Denis,/players/d/denisma01.html,G,1,349,0,6,6,56.2,112,0,0,0,0
Tony Esposito,/players/e/esposto01.html,G,13,886,0,25,25,178.7,423,0,0,0,5
Claude Evans,/players/e/evanscl01.html,G,4,5,0,0,0,0.2,1,0,0,0,1
Randy Exelby,/players/e/exelbra01.html,G,1,2,0,0,0,0.1,0,0,0,0,0
Eric Fichaud,/players/f/fichaer01.html,G,2,95,0,1,1,12.2,22,0,0,0,0
Stephane Fiset,/players/f/fisetst01.html,G,2,390,0,12,12,62.2,164,0,0,0,0
Bert Gardiner,/players/g/gardibe01.html,G,52,144,0,1,1,19.2,49,0,0,0,14
Mathieu Garon,/players/g/garonma01.html,G,43,341,0,7,7,49.0,144,0,0,0,16
Paul Gauthier,/players/g/gauthpa01.html,G,1,1,0,0,0,0.3,0,0,0,0,0
Jeff Hackett,/players/h/hackeje01.html,G,161,500,0,9,9,82.6,166,0,2,2,63
Jaroslav Halak,/players/h/halakja01.html,G,101,489,0,10,10,88.8,254,0,1,1,56
Brian Hayward,/players/h/haywabr01.html,G,141,357,0,13,13,49.1,143,0,4,4,71
Denis Herron,/players/h/herrode01.html,G,86,462,0,8,8,69.6,146,0,2,2,43
Mark Holden,/players/h/holdema01.html,G,4,8,0,1,1,0.7,2,0,0,0,0
Cristobal Huet,/players/h/huetcr01.html,G,117,272,0,3,3,48.2,129,0,2,2,58
Pat Jablonski,/players/j/jablopa01.html,G,40,128,0,4,4,14.4,28,0,1,1,9
Mike Karakas,/players/k/karakmi01.html,G,5,336,0,1,1,51.1,114,0,0,0,0
Les Kuntar,/players/k/kuntale01.html,G,6,6,0,0,0,0.5,2,0,0,0,2
Patrick Labrecque,/players/l/labrepa01.html,G,2,2,0,0,0,0.1,0,0,0,0,0
Frenchy Lacroix,/players/l/lacrofr01.html,G,5,5,0,0,0,0.1,1,0,0,0,1
Albert Leduc,/players/l/leducal01.html,D,1,383,57,36,93,49.9,0,5,3,8,0
Charlie Lindgren,/players/l/lindgch01.html,G,18,18,0,0,0,3.4,8,0,0,0,8
Cesare Maniago,/players/m/maniace01.html,G,14,568,0,4,4,80.9,190,0,0,0,5
Roland Melanson,/players/m/melanro01.html,G,9,291,0,11,11,50.7,129,0,0,0,5
Olivier Michaud,/players/m/michaol01.html,G,1,1,0,0,0,0.2,0,0,0,0,0
Al Montoya,/players/m/montoal01.html,G,23,168,0,5,5,23.7,67,0,3,3,10
Andy Moog,/players/m/moogan01.html,G,42,713,0,24,24,111.7,372,0,0,0,18
Jean-Guy Morissette,/players/m/morisje01.html,G,1,1,0,0,0,-0.1,0,0,0,0,0
Hal Murphy,/players/m/murphha01.html,G,1,1,0,0,0,0.0,1,0,0,0,1
Mickey Murray,/players/m/murrami01.html,G,1,1,0,0,0,0.0,0,0,0,0,0
Phil Myre,/players/m/myreph01.html,G,49,439,0,8,8,63.3,149,0,1,1,21
Antti Niemi,/players/n/niemian02.html,G,36,464,0,12,12,73.8,242,0,1,1,15
Steve Penney,/players/p/pennest01.html,G,76,91,0,1,1,9.3,35,0,1,1,32
Bob Perreault,/players/p/perrebo01.html,G,6,31,0,0,0,3.4,8,0,0,0,3
Michel Plasse,/players/p/plassmi01.html,G,32,298,0,7,7,36.8,92,0,0,0,18
Claude Pronovost,/players/p/pronocl01.html,G,2,3,0,0,0,0.2,1,0,0,0,0
Andre Racicot,/players/r/racican01.html,G,68,68,0,2,2,7.7,26,0,2,2,26
Herb Rheaume,/players/r/rheauhe01.html,G,31,31,0,0,0,2.3,10,0,0,0,10
Vincent Riendeau,/players/r/riendvi01.html,G,1,184,0,4,4,23.9,85,0,0,0,0
Charlie Sands,/players/s/sandsch01.html,C/RW,1,429,99,112,211,20.8,0,9,20,29,0
Ben Scrivens,/players/s/scrivbe01.html,G,15,144,0,2,2,20.5,47,0,0,0,5
Richard Sevigny,/players/s/sevigri01.html,G,141,176,0,1,1,29.2,80,0,1,1,67
Doug Soetaert,/players/s/soetado01.html,G,51,284,0,7,7,35.9,110,0,0,0,25
Jocelyn Thibault,/players/t/thibajo01.html,G,158,586,0,6,6,90.7,238,0,2,2,67
Wayne Thomas,/players/t/thomawa01.html,G,52,243,0,7,7,37.4,103,0,3,3,31
Dustin Tokarski,/players/t/tokardu01.html,G,26,34,0,2,2,4.0,10,0,1,1,9
Ron Tugnutt,/players/t/tugnuro01.html,G,15,537,0,7,7,78.9,186,0,0,0,3
Georges Vezina,/players/v/vezinge01.html,G,190,190,0,1,1,39.4,103,0,1,1,103
Tomas Vokoun,/players/v/vokouto01.html,G,1,700,0,23,23,142.3,300,0,0,0,0
Ernie Wakely,/players/w/wakeler01.html,G,2,113,0,2,2,19.4,41,0,0,0,1
Rick Wamsley,/players/w/wamslri01.html,G,131,407,0,9,9,65.0,204,0,6,6,72
Gump Worsley,/players/w/worslgu01.html,G,172,860,0,3,3,131.2,333,0,1,1,90
Roy Worters,/players/w/wortero01.html,G,1,484,0,0,0,75.7,171,0,0,0,1
Reg Abbott,/players/a/abbotre01.html,C,3,3,0,0,0,-0.1,0,0,0,0,0
Gene Achtymichuk,/players/a/achtyge01.html,C,20,32,3,5,8,0.1,0,3,5,8,0
John Adams,/players/a/adamsjo01.html,LW,42,42,6,12,18,1.1,0,6,12,18,0
Kenny Agostino,/players/a/agostke01.html,LW,36,85,8,22,30,1.9,0,2,9,11,0
Art Alexandre,/players/a/alexaar01.html,LW,11,11,0,2,2,-0.1,0,0,2,2,0
Bryan Allen,/players/a/allenbr01.html,D,5,721,29,107,136,31.1,0,0,1,1,0
George Allen,/players/a/allenge01.html,LW/D,49,340,82,115,197,27.7,0,7,14,21,0
Dave Allison,/players/a/allisda01.html,D,3,3,0,0,0,0.0,0,0,0,0,0
Karl Alzner,/players/a/alzneka01.html,D,91,682,20,110,130,32.1,0,1,12,13,0
Sven Andrighetto,/players/a/andrisv01.html,RW,83,216,31,52,83,7.5,0,11,17,28,0
Ron Andruff,/players/a/andruro01.html,C,6,153,19,36,55,1.1,0,0,0,0,0
Amos Arbour,/players/a/arbouam01.html,LW,47,114,52,17,69,5.4,0,36,7,43,0
Joel Armia,/players/a/armiajo01.html,RW,57,237,39,42,81,6.5,0,13,10,23,0
Colby Armstrong,/players/a/armstco01.html,RW,37,476,89,120,209,18.3,0,2,3,5,0
Chuck Arnason,/players/a/arnasch01.html,RW,36,401,109,90,199,11.8,0,4,1,5,0
Arron Asham,/players/a/ashamar01.html,RW,121,789,94,114,208,16.8,0,11,9,20,0
Oscar Asmundson,/players/a/asmunos01.html,C,2,111,11,23,34,2.0,0,0,0,0,0
Donald Audette,/players/a/audetdo01.html,RW,90,735,260,249,509,53.4,0,15,22,37,0
Don Awrey,/players/a/awreydo01.html,D,128,979,31,158,189,51.0,0,1,23,24,0
Bill Baker,/players/b/bakerbi01.html,D,11,143,7,25,32,5.8,0,0,0,0,0
Jozef Balej,/players/b/balejjo01.html,RW,4,18,1,5,6,0.3,0,0,0,0,0
Murray Balfour,/players/b/balfomu01.html,RW,5,306,67,90,157,11.8,0,1,1,2,0
Mark Barberio,/players/b/barbema01.html,D,56,251,14,40,54,10.7,0,2,12,14,0
Murray Baron,/players/b/baronmu01.html,D,60,988,35,94,129,34.5,0,1,5,6,0
Normand Baron,/players/b/baronno01.html,LW,4,27,2,0,2,-0.6,0,0,0,0,0
Marty Barry*,/players/b/barryma01.html,C,30,507,194,193,387,57.7,0,4,10,14,0
Jim Bartlett,/players/b/bartlji01.html,LW,2,191,34,23,57,2.0,0,0,0,0,0
Victor Bartley,/players/b/bartlvi01.html,D,9,121,1,22,23,4.9,0,0,0,0,0
Andrei Bashkirov,/players/b/bashkan01.html,LW,30,30,0,3,3,-0.3,0,0,3,3,0
Francois Beauchemin,/players/b/beaucfr01.html,D,1,903,76,212,288,60.2,0,0,0,0,0
Francis Belanger,/players/b/belanfr01.html,LW,10,10,0,0,0,-0.2,0,0,0,0,0
Jesse Belanger,/players/b/belanje01.html,C,39,246,59,76,135,10.8,0,7,8,15,0
Billy Bell,/players/b/bellbi01.html,C/RW,48,67,3,3,6,-2.4,0,1,1,2,0
Shawn Belle,/players/b/bellesh01.html,D,2,20,0,1,1,0.5,0,0,0,0,0
Jordie Benn,/players/b/bennjo01.html,D,171,473,22,88,110,21.4,0,11,28,39,0
Max Bennett,/players/b/bennema01.html,RW,1,1,0,0,0,0.0,0,0,0,0,0
Joe Benoit,/players/b/benoijo01.html,RW,185,185,75,69,144,12.9,0,75,69,144,0
Red Berenson,/players/b/berenre01.html,C,136,987,261,397,658,51.1,0,14,23,37,0
Sergei Berezin,/players/b/berezse01.html,LW,29,502,160,126,286,33.0,0,4,6,10,0
Marc-Andre Bergeron,/players/b/bergema02.html,D,60,490,82,153,235,42.6,0,13,21,34,0
Louis Berlinguette,/players/b/berlilo01.html,LW,134,193,45,32,77,2.8,0,41,30,71,0
Bob Berry,/players/b/berrybo01.html,LW,2,541,159,191,350,28.4,0,0,0,0,0
Eric Bertrand,/players/b/bertrer01.html,LW,3,15,0,0,0,-0.4,0,0,0,0,0
Garry Blaine,/players/b/blainga01.html,RW,1,1,0,0,0,0.0,0,0,0,0,0
Sylvain Blouin,/players/b/blouisy01.html,LW,22,115,3,4,7,-1.0,0,0,0,0,0
Mike Blunden,/players/b/blundmi01.html,RW,51,127,7,6,13,0.1,0,2,2,4,0
Serge Boisvert,/players/b/boisvse01.html,RW,29,46,5,7,12,-0.2,0,5,5,10,0
Radek Bonk,/players/b/bonkra01.html,C,135,969,194,303,497,45.0,0,19,25,44,0
Christian Bordeleau,/players/b/bordech01.html,C,61,205,38,65,103,7.2,0,3,16,19,0
Sebastien Bordeleau,/players/b/bordese01.html,C,85,251,37,61,98,6.4,0,8,17,25,0
Edmond Bouchard,/players/b/bouched01.html,LW/D,20,223,19,24,43,-3.8,0,1,5,6,0
Billy Boucher,/players/b/bouchbi01.html,RW,154,213,93,35,128,21.8,0,86,35,121,0
Bobby Boucher,/players/b/bouchbo01.html,C,11,11,1,0,1,-0.1,0,1,0,1,0
Andre Boudrias,/players/b/boudran01.html,LW,7,662,151,340,491,35.6,0,1,5,6,0
Conrad Bourcier,/players/b/bourcco01.html,C,6,6,0,0,0,-0.2,0,0,0,0,0
Jean Bourcier,/players/b/bourcje01.html,LW,9,9,0,1,1,-0.2,0,0,1,1,0
Leo Bourgeault,/players/b/bourgle01.html,D,67,307,25,20,45,24.9,0,6,4,10,0
Michael Bournival,/players/b/bournmi01.html,LW,89,113,12,10,22,1.8,0,10,9,19,0
Rene Bourque,/players/b/bourqre01.html,RW,141,725,163,153,316,30.4,0,21,18,39,0
Drayson Bowman,/players/b/bowmadr01.html,C/LW,3,179,15,18,33,1.7,0,0,0,0,0
Jack Bownass,/players/b/bownaja01.html,D,4,80,3,7,10,3.7,0,0,0,0,0
Dustin Boyd,/players/b/boyddu01.html,C,10,220,32,31,63,4.9,0,1,0,1,0
Donald Brashear,/players/b/brashdo01.html,LW,111,1025,85,120,205,5.1,0,3,7,10,0
Daniel Briere,/players/b/brierda01.html,C,69,973,307,389,696,78.5,0,13,12,25,0
Gerry Brisson,/players/b/brissge01.html,RW,4,4,0,2,2,0.1,0,0,2,2,0
Connie Broden,/players/b/brodeco01.html,C,6,6,2,1,3,0.3,0,2,1,3,0
Brad Brown,/players/b/brownbr01.html,D,13,330,2,27,29,6.0,0,0,0,0,0
George Brown,/players/b/brownge01.html,C,79,79,6,22,28,1.1,0,6,22,28,0
Mike Brown,/players/b/brownmi02.html,RW,14,407,19,17,36,-1.5,0,1,1,2,0
Jeff Brubaker,/players/b/brubaje01.html,LW,3,178,16,9,25,-2.2,0,0,1,1,0
Randy Bucyk,/players/b/bucykra01.html,C,17,19,4,2,6,0.3,0,4,2,6,0
Fred Burchell,/players/b/burchfr01.html,C,4,4,0,0,0,-0.1,0,0,0,0,0
Marc Bureau,/players/b/bureama01.html,C,182,567,55,83,138,3.0,0,22,22,44,0
Herb Cain,/players/c/cainhe01.html,LW,45,572,206,192,398,40.1,0,13,13,26,0
Billy Cameron,/players/c/camerbi01.html,RW,18,39,0,1,1,-1.7,0,0,1,1,0
Harry Cameron*,/players/c/camerha01.html,D,16,129,88,54,142,28.8,0,12,6,18,0
Mike Cammalleri,/players/c/cammami01.html,C/W,170,906,294,348,642,72.3,0,54,65,119,0
Dave Campbell,/players/c/campbda01.html,D,2,2,0,0,0,0.1,0,0,0,0,0
Jim Campbell,/players/c/campbji01.html,RW,57,285,61,75,136,12.5,0,9,11,20,0
Tod Campeau,/players/c/campeto01.html,C,42,42,5,9,14,0.9,0,5,9,14,0
Dom Campedelli,/players/c/campedo01.html,D,2,2,0,0,0,0.0,0,0,0,0,0
Chris Campoli,/players/c/campoch01.html,D,43,440,35,111,146,24.8,0,2,9,11,0
Mathieu Carle,/players/c/carlema02.html,D,3,3,0,0,0,0.1,0,0,0,0,0
Kent Carlson,/players/c/carlske01.html,D,85,113,7,11,18,5.7,0,4,8,12,0
Patrik Carnback,/players/c/carnbpa01.html,C,6,154,24,38,62,3.2,0,0,0,0,0
Alain Caron,/players/c/caronal01.html,RW,2,61,9,13,22,0.7,0,0,0,0,0
Daniel Carr,/players/c/carrda01.html,LW,94,100,15,20,35,3.8,0,14,20,34,0
Bob Carse,/players/c/carsebo01.html,LW,22,166,33,54,87,4.9,0,3,3,6,0
Billy Carter,/players/c/cartebi01.html,C,8,16,0,0,0,-0.5,0,0,0,0,0
Joe Carveth,/players/c/carvejo01.html,RW,107,502,150,187,337,30.0,0,17,33,50,0
Andrew Cassels,/players/c/cassean01.html,C,60,1015,204,528,732,57.9,0,8,19,27,0
John Chabot,/players/c/chabojo01.html,C,66,508,84,228,312,14.6,0,19,31,50,0
Michael Chaput,/players/c/chapumi01.html,C,32,167,6,16,22,-0.8,0,0,5,5,0
Jose Charbonneau,/players/c/charbjo01.html,RW,25,71,9,13,22,0.6,0,1,5,6,0
Eric Charron,/players/c/charrer01.html,D,3,130,2,7,9,4.2,0,0,0,0,0
Guy Charron,/players/c/charrgu01.html,C,20,734,221,309,530,36.7,0,2,2,4,0
Kyle Chipchura,/players/c/chipcky01.html,C,68,482,31,73,104,4.3,0,4,10,14,0
Tom Chorske,/players/c/chorsto01.html,LW,71,596,115,122,237,16.3,0,12,12,24,0
Eric Chouinard,/players/c/chouier01.html,LW,13,90,11,11,22,1.8,0,1,3,4,0
Enrico Ciccone,/players/c/ciccoen01.html,D,3,374,10,18,28,14.1,0,0,0,0,0
Brett Clark,/players/c/clarkbr01.html,D,102,689,45,141,186,31.7,0,3,2,5,0
Odie Cleghorn,/players/c/cleghod01.html,RW/C,160,182,94,35,129,15.6,0,92,34,126,0
Sprague Cleghorn*,/players/c/cleghsp01.html,D,98,259,83,60,143,47.7,0,42,31,73,0
Wally Clune,/players/c/clunewa01.html,D,5,5,0,0,0,0.3,0,0,0,0,0
Erik Cole,/players/c/coleer01.html,LW,101,892,265,267,532,59.0,0,38,29,67,0
Norm Collings,/players/c/collino01.html,F,1,1,0,1,1,0.1,0,0,1,1,0
Bill Collins,/players/c/collibi01.html,RW,40,768,157,154,311,16.3,0,6,2,8,0
Rey Comeau,/players/c/comeare01.html,C,4,564,98,141,239,12.8,0,0,0,0,0
Wayne Connelly,/players/c/connewa01.html,C,3,543,133,174,307,21.1,0,0,0,0,0
Cam Connor,/players/c/connoca01.html,RW,23,89,9,22,31,0.8,0,1,3,4,0
Craig Conroy,/players/c/conrocr01.html,C,13,1009,182,360,542,51.3,0,1,0,1,0
Carson Cooper,/players/c/coopeca01.html,RW,6,295,110,62,172,38.3,0,2,0,2,0
Bert Corbeau,/players/c/corbebe01.html,D,106,258,63,48,111,29.9,0,35,22,57,0
Roger Cormier,/players/c/cormiro01.html,RW,1,1,0,0,0,-0.1,0,0,0,0,0
Andre Corriveau,/players/c/corrian01.html,RW,3,3,0,1,1,0.0,0,0,1,1,0
Alain Cote,/players/c/coteal02.html,D,41,119,2,18,20,6.3,0,0,9,9,0
Jean-Philippe Cote,/players/c/coteje01.html,D,8,27,0,4,4,0.8,0,0,0,0,0
Jack Coughlin,/players/c/coughja01.html,RW,3,20,2,0,2,-1.0,0,0,0,0,0
Billy Coutu,/players/c/coutubi01.html,D,181,247,33,23,56,23.9,0,24,18,42,0
Gerry Couture,/players/c/coutuge01.html,RW,10,385,86,70,156,14.4,0,0,1,1,0
Rosie Couture,/players/c/couturo01.html,RW,10,329,48,55,103,8.5,0,0,1,1,0
Glen Cressman,/players/c/cressgl01.html,C,4,4,0,0,0,-0.1,0,0,0,0,0
Ed Cristofoli,/players/c/cristed01.html,RW,9,9,0,1,1,-0.2,0,0,1,1,0
Nels Crutchfield,/players/c/crutcne01.html,C,41,41,5,5,10,0.2,0,5,5,10,0
Jassen Cullimore,/players/c/cullija01.html,D,52,812,26,85,111,27.1,0,2,6,8,0
Jim Cummins,/players/c/cummiji01.html,RW,47,511,24,36,60,-3.1,0,3,5,8,0
Hugh Currie,/players/c/currihu01.html,D,1,1,0,0,0,0.0,0,0,0,0,0
Paul Curtis,/players/c/curtipa01.html,D,1,185,3,34,37,6.7,0,0,0,0,0
Ian Cushenan,/players/c/cusheia01.html,D,35,129,3,11,14,6.8,0,1,2,3,0
Mariusz Czerkawski,/players/c/czerkma01.html,RW,43,745,215,220,435,45.7,0,5,9,14,0
Matt D'Agostini,/players/d/dagosma01.html,RW,94,324,52,55,107,9.4,0,14,11,25,0
Pierre Dagenais,/players/d/dagenpi01.html,RW,82,142,35,23,58,7.3,0,22,17,39,0
Kjell Dahlin,/players/d/dahlikj01.html,RW,166,166,57,59,116,8.5,0,57,59,116,0
Bunny Dame,/players/d/damebu01.html,LW,31,31,2,5,7,-0.4,0,2,5,7,0
Dan Daoust,/players/d/daousda01.html,C,4,522,87,167,254,8.6,0,0,1,1,0
Craig Darby,/players/d/darbycr01.html,C,166,196,21,35,56,2.2,0,19,28,47,0
Mathieu Darche,/players/d/darchma01.html,LW,149,250,30,42,72,5.5,0,22,26,48,0
Brandon Davidson,/players/d/davidbr01.html,D,23,162,9,14,23,4.6,0,0,3,3,0
Lorne Davis,/players/d/davislo01.html,RW,40,95,8,12,20,0.4,0,7,5,12,0
Jason Dawe,/players/d/daweja01.html,RW,37,366,86,90,176,16.1,0,4,5,9,0
Bob Dawes,/players/d/dawesbo01.html,D/C,15,32,2,7,9,2.6,0,0,5,5,0
Nigel Dawes,/players/d/dawesni01.html,LW,4,212,39,45,84,8.6,0,0,0,0,0
Jacob de La Rose,/players/d/delarja01.html,LW,119,179,11,17,28,-0.6,0,8,11,19,0
Lucien DeBlois,/players/d/deblolu01.html,C,112,993,249,276,525,27.5,0,26,28,54,0
Jonathan Delisle,/players/d/delisjo01.html,RW,1,1,0,0,0,0.0,0,0,0,0,0
Xavier Delisle,/players/d/delisxa01.html,C,14,16,3,2,5,0.4,0,3,2,5,0
Gilbert Delorme,/players/d/delorgi01.html,D,165,541,31,92,123,28.4,0,17,36,53,0
Tony Demers,/players/d/demerto01.html,RW,82,83,20,23,43,3.1,0,20,23,43,0
Lulu Denis,/players/d/denislu01.html,RW,3,3,0,1,1,0.0,0,0,1,1,0
Gerard Desaulniers,/players/d/desauge01.html,C,8,8,0,2,2,0.0,0,0,2,2,0
Matthieu Descoteaux,/players/d/descoma01.html,D,5,5,1,1,2,0.3,0,1,1,2,0
Joffre Desilets,/players/d/desiljo01.html,RW,118,192,37,45,82,7.2,0,20,25,45,0
Martin Desjardins,/players/d/desjama01.html,C,8,8,0,2,2,-0.2,0,0,2,2,0
Jacques Deslauriers,/players/d/deslaja01.html,D,2,2,0,0,0,0.1,0,0,0,0,0
Nicolas Deslauriers,/players/d/deslani01.html,LW,106,317,24,25,49,0.4,0,12,7,19,0
Marcel Dheere,/players/d/dheerma01.html,LW,11,11,1,2,3,-0.1,0,1,2,3,0
Raphael Diaz,/players/d/diazra01.html,D,128,201,8,41,49,9.2,0,4,37,41,0
Gerald Diduck,/players/d/diducge01.html,D,32,932,56,156,212,51.7,0,1,2,3,0
Darren Dietz,/players/d/dietzda01.html,D,13,13,1,4,5,0.8,0,1,4,5,0
Paul DiPietro,/players/d/dipiepa01.html,C,154,192,31,49,80,4.3,0,25,44,69,0
Robert Dirk,/players/d/dirkro01.html,D,3,402,13,29,42,18.4,0,0,0,0,0
Fred Doherty,/players/d/doherfr01.html,RW,2,2,0,0,0,-0.1,0,0,0,0,0
Max Domi,/players/d/domima01.html,LW,82,304,64,143,207,20.6,0,28,44,72,0
John Doran,/players/d/doranjo01.html,D,6,98,5,10,15,4.8,0,0,3,3,0
Eddie Dorohoy,/players/d/dorohed01.html,C/LW,16,16,0,0,0,-0.4,0,0,0,0,0
Jim Dowd,/players/d/dowdji01.html,C,14,728,71,168,239,15.9,0,3,2,5,0
Aaron Downey,/players/d/downeaa01.html,RW,46,243,8,10,18,0.5,0,2,4,6,0
Davis Drewiske,/players/d/drewida01.html,D,9,135,5,20,25,5.8,0,1,2,3,0
Gordie Drillon*,/players/d/drillgo01.html,RW,49,312,155,140,295,37.4,0,28,22,50,0
Jonathan Drouin,/players/d/drouijo01.html,LW,158,322,60,134,194,16.5,0,31,68,99,0
Jude Drouin,/players/d/drouiju01.html,C,12,666,151,305,456,32.4,0,0,1,1,0
Polly Drouin,/players/d/drouipo01.html,LW,161,161,23,51,74,4.3,0,23,51,74,0
Gilles Dube,/players/d/dubegi01.html,LW,12,12,1,2,3,0.1,0,1,2,3,0
Donald Dufresne,/players/d/dufredo01.html,D,119,268,6,36,42,12.2,0,3,20,23,0
Gabriel Dumont,/players/d/dumonga01.html,C,18,87,4,5,9,0.1,0,1,2,3,0
Norm Dupont,/players/d/duponno01.html,LW,35,256,55,85,140,4.5,0,1,3,4,0
Gordie Dwyer,/players/d/dwyergo01.html,LW,13,108,0,5,5,-1.3,0,0,0,0,0
Frank Eddolls,/players/e/eddolfr01.html,D,57,317,23,43,66,21.8,0,5,9,14,0
Garry Edmundson,/players/e/edmunga01.html,LW,1,43,4,6,10,0.1,0,0,0,0,0
Morgan Ellis,/players/e/ellismo01.html,D,3,3,0,0,0,0.0,0,0,0,0,0
Andreas Engqvist,/players/e/engqvan01.html,C,15,15,0,0,0,-0.2,0,0,0,0,0
Stewart Evans,/players/e/evansst01.html,D,43,367,28,49,77,30.9,0,2,7,9,0
Todd Ewen,/players/e/ewento01.html,RW,190,518,36,40,76,-4.4,0,13,19,32,0
Bobby Farnham,/players/f/farnhbo01.html,LW,3,67,8,2,10,1.2,0,0,0,0,0
Craig Ferguson,/players/f/fergucr01.html,C,13,27,1,1,2,-0.8,0,1,1,2,0
Jonathan Ferland,/players/f/ferlajo01.html,RW,7,7,1,0,1,0.0,0,1,0,1,0
Wilf Field,/players/f/fieldwi01.html,D,11,220,17,25,42,10.5,0,1,0,1,0
Rory Fitzpatrick,/players/f/fitzpro02.html,D,48,287,10,25,35,7.0,0,0,3,3,0
Tomas Fleischmann,/players/f/fleisto01.html,LW,57,657,137,198,335,32.1,0,10,10,20,0
Gerry Fleming,/players/f/flemige01.html,LW,11,11,0,0,0,-0.4,0,0,0,0,0
Reggie Fleming,/players/f/flemire01.html,D/LW,3,749,108,132,240,8.9,0,0,0,0,0
Ron Flockhart,/players/f/flockro02.html,C,42,453,145,183,328,21.6,0,10,12,22,0
Brian Flynn,/players/f/flynnbr01.html,RW,116,275,27,34,61,3.7,0,10,10,20,0
Bryan Fogarty,/players/f/fogarbr01.html,D,34,156,22,52,74,6.8,0,6,4,10,0
Christian Folin,/players/f/folinch01.html,D,19,228,7,35,42,10.2,0,0,4,4,0
Lou Fontinato,/players/f/fontilo01.html,D,117,536,26,78,104,30.7,0,4,21,25,0
Bob Frampton,/players/f/frampbo01.html,LW,2,2,0,0,0,-0.1,0,0,0,0,0
Gord Fraser,/players/f/frasego01.html,D,11,144,24,12,36,13.7,0,0,0,0,0
Scott Fraser,/players/f/frasesc01.html,C,14,71,16,15,31,3.1,0,2,0,2,0
Irv Frew,/players/f/frewir01.html,D,18,96,2,5,7,4.2,0,0,2,2,0
Byron Froese,/players/f/froesby01.html,C,48,110,5,11,16,-0.4,0,3,8,11,0
Bob Fryday,/players/f/frydabo01.html,RW,5,5,1,0,1,0.1,0,1,0,1,0
Art Gagne,/players/g/gagnear01.html,RW,132,228,67,34,101,22.5,0,41,17,58,0
Germain Gagnon,/players/g/gagnoge01.html,LW,4,259,40,101,141,7.9,0,0,0,0,0
Dick Gamble,/players/g/gambldi01.html,LW,178,195,41,41,82,7.8,0,38,41,79,0
Perry Ganchar,/players/g/ganchpe01.html,RW,1,42,3,7,10,-0.3,0,1,0,1,0
Herb Gardiner*,/players/g/gardihe01.html,D,96,100,10,10,20,15.5,0,10,10,20,0
Dave Gardner,/players/g/gardnda01.html,C,36,350,75,115,190,10.9,0,2,11,13,0
Leo Gaudreault,/players/g/gaudrle01.html,LW/C,67,67,8,4,12,1.3,0,8,4,12,0
Art Gauthier,/players/g/gauthar01.html,C,13,13,0,0,0,-0.5,0,0,0,0,0
Fern Gauthier,/players/g/gauthfe01.html,RW,50,229,46,51,97,4.6,0,18,13,31,0
Jean Gauthier,/players/g/gauthje01.html,D,90,166,6,29,35,12.1,0,1,20,21,0
Luc Gauthier,/players/g/gauthlu01.html,D,3,3,0,0,0,0.2,0,0,0,0,0
Jocelyn Gauvreau,/players/g/gauvrjo01.html,D,2,2,0,0,0,0.0,0,0,0,0,0
Jean-Guy Gendron,/players/g/gendrje01.html,LW,44,864,182,201,383,25.1,0,9,12,21,0
Blake Geoffrion,/players/g/geoffbl01.html,C,13,55,8,5,13,1.5,0,2,0,2,0
Danny Geoffrion,/players/g/geoffda01.html,RW,32,111,20,32,52,1.6,0,0,6,6,0
Tom Gilbert,/players/g/gilbeto01.html,D,117,655,45,178,223,40.0,0,5,9,14,0
Doug Gilmour*,/players/g/gilmodo01.html,C,131,1474,450,964,1414,118.6,0,21,50,71,0
Art Giroux,/players/g/girouar01.html,RW,40,54,6,4,10,0.2,0,5,2,7,0
Howie Glover,/players/g/gloveho01.html,RW,1,144,29,17,46,2.1,0,0,0,0,0
Sam Godin,/players/g/godinsa01.html,RW,36,79,4,3,7,-0.8,0,2,2,4,0
Leroy Goldsworthy,/players/g/goldsle01.html,RW,83,336,66,57,123,11.9,0,35,20,55,0
Glenn Goldup,/players/g/goldugl01.html,RW,18,291,52,67,119,4.9,0,0,1,1,0
Sergei Gonchar,/players/g/gonchse01.html,D,45,1301,220,591,811,141.9,0,1,12,13,0
Tony Graboski,/players/g/graboto01.html,LW/D,66,66,6,10,16,-0.3,0,6,10,16,0
Mikhail Grabovski,/players/g/grabomi01.html,C,27,534,125,171,296,30.7,0,3,6,9,0
Bob Gracie,/players/g/gracibo01.html,C/LW,8,380,82,110,192,20.5,0,0,1,1,0
Danny Grant,/players/g/grantda01.html,RW,23,736,263,273,536,47.3,0,3,4,7,0
Benoit Gratton,/players/g/grattbe01.html,C,12,58,6,10,16,1.3,0,1,1,2,0
Terry Gray,/players/g/grayte01.html,RW,4,147,26,28,54,2.4,0,0,0,0,0
Lucien Grenier,/players/g/grenilu01.html,RW,23,152,14,14,28,-0.5,0,2,3,5,0
Francois Groleau,/players/g/grolefr01.html,D,8,8,0,1,1,0.5,0,0,1,1,0
Len Grosvenor,/players/g/grosvle01.html,C/RW,4,150,9,11,20,-1.0,0,0,0,0,0
Miloslav Guren,/players/g/gurenmi01.html,D,36,36,1,3,4,0.9,0,1,3,4,0
Jim Haggarty,/players/h/haggaji01.html,LW,5,5,1,1,2,0.1,0,1,1,2,0
Ron Hainsey,/players/h/hainsro01.html,D,32,1068,58,241,299,57.1,0,1,1,2,0
Joe Hall*,/players/h/halljo01.html,D,37,37,15,9,24,6.6,0,15,9,24,0
Kevin Haller,/players/h/halleke01.html,D,149,642,41,97,138,34.6,0,17,25,42,0
Jeff Halpern,/players/h/halpeje01.html,C,88,976,152,221,373,28.3,0,12,16,28,0
Jean Hamel,/players/h/hamelje01.html,D,79,699,26,95,121,30.4,0,1,12,13,0
Chuck Hamilton,/players/h/hamilch01.html,LW,1,4,0,2,2,0.2,0,0,0,0,0
Joel Hanley,/players/h/hanlejo01.html,D,17,38,0,6,6,1.1,0,0,6,6,0
John Hanna,/players/h/hannajo01.html,D,6,198,6,26,32,9.3,0,0,0,0,0
Hago Harrington,/players/h/harriha01.html,LW,24,72,9,5,14,0.8,0,1,1,2,0
Gizzy Hart,/players/h/hartgi01.html,LW,96,99,6,9,15,0.5,0,6,9,15,0
Fern Headley,/players/h/headlfe01.html,D,17,30,1,4,5,1.9,0,0,1,1,0
Gerry Heffernan,/players/h/heffege01.html,RW,85,85,33,35,68,5.0,0,33,35,68,0
Ales Hemsky,/players/h/hemskal01.html,RW,7,845,174,398,572,54.6,0,0,0,0,0
Alex Henry,/players/h/henryal01.html,D,2,177,2,9,11,0.6,0,0,0,0,0
Red Heron,/players/h/heronre01.html,C,12,106,21,19,40,3.6,0,1,1,2,0
Wayne Hicks,/players/h/hickswa01.html,RW,2,115,13,23,36,0.3,0,0,0,0,0
Matt Higgins,/players/h/higgima01.html,C,57,57,1,2,3,-0.6,0,1,2,3,0
Sean Hill,/players/h/hillse01.html,D,31,876,62,236,298,57.2,0,2,6,8,0
Dutch Hiller,/players/h/hilledu01.html,LW,131,382,91,112,203,14.8,0,35,33,68,0
Larry Hillman,/players/h/hillmla01.html,D,25,789,36,196,232,57.3,0,0,5,5,0
Bert Hirschfeld,/players/h/hirscbe01.html,LW,33,33,1,4,5,-0.4,0,1,4,5,0
Cec Hoekstra,/players/h/hoeksce01.html,C,4,4,0,0,0,-0.1,0,0,0,0,0
Dale Hoganson,/players/h/hoganda01.html,D,46,343,13,77,90,12.2,0,0,2,2,0
Jonas Hoglund,/players/h/hoglujo01.html,LW,102,545,117,145,262,25.2,0,14,15,29,0
Patrick Holland,/players/h/hollapa01.html,RW,5,5,0,0,0,-0.1,0,0,0,0,0
Bud Holloway,/players/h/hollobu01.html,LW,1,1,0,0,0,0.0,0,0,0,0,0
Bill Holmes,/players/h/holmebi01.html,C,9,52,6,4,10,-0.5,0,1,0,1,0
Bronco Horvath,/players/h/horvabr01.html,C,1,434,141,185,326,29.8,0,0,0,0,0
Marcel Hossa,/players/h/hossama02.html,LW,59,237,31,30,61,4.3,0,10,9,19,0
Eric Houde,/players/h/houdeer01.html,C,30,30,2,3,5,-0.1,0,2,3,5,0
Fran Huck,/players/h/huckfr01.html,C,7,94,24,30,54,4.1,0,1,2,3,0
Charles Hudon,/players/h/hudonch01.html,LW,110,110,13,26,39,2.5,0,13,26,39,0
Pat Hughes,/players/h/hughepa01.html,RW,44,573,130,128,258,9.3,0,9,8,17,0
Ivan Irwin,/players/i/irwiniv01.html,D,4,155,2,27,29,7.2,0,0,1,1,0
Raitis Ivanans,/players/i/ivanara01.html,LW,4,282,12,6,18,-1.6,0,0,0,0,0
Doug Janik,/players/j/janikdo01.html,D,2,190,3,16,19,3.1,0,0,0,0,0
Martti Jarventie,/players/j/jarvema01.html,D,1,1,0,0,0,0.2,0,0,0,0,0
Roger Jenkins,/players/j/jenkiro01.html,RW/D,56,324,15,41,56,2.4,0,4,6,10,0
Jakub Jerabek,/players/j/jerabja01.html,D,25,37,2,6,8,1.2,0,1,3,4,0
Rosario Joanette,/players/j/joanero01.html,C,2,2,0,1,1,0.0,0,0,1,1,0
Don Johns,/players/j/johnsdo01.html,D,1,153,2,21,23,5.1,0,0,0,0,0
Allan Johnson,/players/j/johnsal01.html,RW/C,2,105,21,28,49,3.1,0,0,1,1,0
Mike Johnson,/players/j/johnsmi01.html,RW,80,661,129,246,375,34.2,0,11,20,31,0
Ryan Johnston,/players/j/johnsry02.html,D,10,10,0,0,0,-0.1,0,0,0,0,0
Rene Joliat,/players/j/joliare01.html,RW/D,1,1,0,0,0,0.0,0,0,0,0,0
Yvan Joly,/players/j/jolyyv01.html,RW,2,2,0,0,0,-0.1,0,0,0,0,0
Jean-Francois Jomphe,/players/j/jomphje01.html,C,6,111,10,29,39,1.6,0,0,0,0,0
Noah Juulsen,/players/j/juulsno01.html,D,44,44,2,6,8,2.2,0,2,6,8,0
Tomas Kaberle,/players/k/kaberto01.html,D,53,984,87,476,563,87.0,0,3,22,25,0
Vern Kaiser,/players/k/kaiseve01.html,LW,50,50,7,5,12,0.5,0,7,5,12,0
Dwight King,/players/k/kingdw01.html,LW,17,365,53,56,109,10.3,0,1,0,1,0
Frank King,/players/k/kingfr01.html,C,10,10,1,0,1,-0.1,0,1,0,1,0
Marko Kiprusoff,/players/k/kipruma01.html,D,24,51,0,10,10,1.8,0,0,4,4,0
Bill Kitchen,/players/k/kitchbi01.html,D,12,41,1,4,5,1.1,0,0,0,0,0
Patric Kjellberg,/players/k/kjellpa01.html,RW,7,394,64,96,160,11.2,0,0,0,0,0
John Kordic,/players/k/kordijo01.html,RW,115,244,17,18,35,-2.9,0,7,10,17,0
Sergei Kostitsyn,/players/k/kostise01.html,LW,155,353,67,109,176,18.3,0,24,44,68,0
Tom Kostopoulos,/players/k/kostoto01.html,RW,145,630,61,96,157,7.4,0,15,20,35,0
Jesperi Kotkaniemi,/players/k/kotkaje01.html,C,79,79,11,23,34,2.6,0,11,23,34,0
Andrei Kovalenko,/players/k/kovalan01.html,RW,51,620,173,206,379,33.5,0,17,17,34,0
Brett Kulak,/players/k/kulakbr01.html,D,57,158,8,20,28,6.1,0,6,11,17,0
Tom Kurvers,/players/k/kurveto01.html,D,138,659,93,328,421,54.3,0,17,58,75,0
Scott Lachance,/players/l/lachasc01.html,D,74,819,31,112,143,30.8,0,1,7,8,0
Christian Laflamme,/players/l/laflach01.html,D,54,324,2,45,47,11.0,0,0,5,5,0
Roland Lafleur,/players/l/laflero01.html,LW,1,1,0,0,0,0.0,0,0,0,0,0
Ernie Laforce,/players/l/laforer01.html,D,1,1,0,0,0,0.0,0,0,0,0,0
Claude Laforge,/players/l/laforcl01.html,LW,5,193,24,33,57,1.8,0,0,0,0,0
Adie Lafrance,/players/l/lafraad01.html,LW,3,3,0,0,0,-0.1,0,0,0,0,0
Leo Lafrance,/players/l/lafrale01.html,LW,19,34,2,0,2,-0.9,0,1,0,1,0
Newsy Lalonde*,/players/l/lalonne01.html,C,98,99,125,42,167,22.2,0,125,42,167,0
Joe Lamb,/players/l/lambjo01.html,RW,7,443,110,101,211,26.2,0,3,2,5,0
Mark Lamb,/players/l/lambma01.html,C,40,403,46,100,146,2.6,0,1,0,1,0
Jean-Paul Lamirande,/players/l/lamirje01.html,LW/D,1,49,5,5,10,-0.1,0,0,0,0,0
Larry Landon,/players/l/landola01.html,RW,2,9,0,0,0,-0.3,0,0,0,0,0
Eric Landry,/players/l/landrer01.html,C,53,68,5,9,14,0.6,0,4,8,12,0
Robert Lang,/players/l/langro01.html,C,50,989,261,442,703,70.3,0,18,21,39,0
Darren Langdon,/players/l/langdda01.html,LW,64,521,16,23,39,-3.0,0,0,3,3,0
Albert Langlois,/players/l/langlal01.html,D,177,498,21,91,112,31.6,0,2,29,31,0
Charlie Langlois,/players/l/langlch01.html,RW/D,32,151,22,5,27,17.9,0,0,0,0,0
Georges Laraque,/players/l/laraqge01.html,RW,61,695,53,100,153,11.4,0,1,4,5,0
Craig Laughlin,/players/l/laughcr01.html,RW,36,549,136,205,341,19.9,0,12,11,23,0
Jack Laviolette*,/players/l/lavioja01.html,D/W,18,18,2,1,3,-0.4,0,2,1,3,0
Hal Laycoe,/players/l/laycoha01.html,D,129,530,25,77,102,36.0,0,4,11,15,0
Jay Leach,/players/l/leachja02.html,D,7,70,1,2,3,1.6,0,0,0,0,0
Patrick Lebeau,/players/l/lebeapa01.html,LW,2,15,3,2,5,0.3,0,1,1,2,0
Louis Leblanc,/players/l/leblalo01.html,C,50,50,5,5,10,1.0,0,5,5,10,0
Jackie Leclair,/players/l/leclaja01.html,C,160,160,20,40,60,4.4,0,20,40,60,0
Bobby Lee,/players/l/leebo01.html,C,1,1,0,0,0,0.0,0,0,0,0,0
Gary Leeman,/players/l/leemaga01.html,RW,51,667,199,267,466,32.9,0,10,23,33,0
Chuck Lefley,/players/l/leflech01.html,LW,174,407,128,164,292,24.0,0,45,60,105,0
Roger Leger,/players/l/legerro01.html,D,180,187,18,53,71,19.9,0,17,51,68,0
Jocelyn Lemieux,/players/l/lemiejo01.html,RW,35,598,80,84,164,3.8,0,4,3,7,0
Hec Lepine,/players/l/lepinhe01.html,C,33,33,5,2,7,0.2,0,5,2,7,0
Brett Lernout,/players/l/lernobr01.html,D,21,21,0,1,1,0.0,0,0,1,1,0
Gaston Leroux,/players/l/lerouga01.html,D,2,2,0,0,0,-0.1,0,0,0,0,0
Art Lesieur,/players/l/lesiear01.html,D,97,100,4,2,6,6.5,0,4,2,6,0
Lucas Lessio,/players/l/lessilu01.html,LW,12,41,3,4,7,-0.1,0,1,1,2,0
Doug Lewis,/players/l/lewisdo01.html,LW,3,3,0,0,0,-0.1,0,0,0,0,0
Juha Lind,/players/l/lindju01.html,C,60,133,9,13,22,0.9,0,4,6,10,0
Trevor Linden,/players/l/lindetr01.html,RW,107,1382,375,492,867,73.3,0,25,38,63,0
Bill Lindsay,/players/l/lindsbi01.html,RW,32,777,83,141,224,11.3,0,1,5,6,0
David Ling,/players/l/lingda01.html,RW,3,93,4,4,8,-0.2,0,0,0,0,0
Ed Litzenberger,/players/l/litzeed01.html,C/RW,34,619,178,238,416,39.3,0,8,4,12,0
Jacques Locas,/players/l/locasja01.html,RW,59,59,7,8,15,0.4,0,7,8,15,0
Corey Locke,/players/l/lockeco01.html,C,1,9,0,1,1,0.0,0,0,0,0,0
Rod Lorrain,/players/l/lorraro01.html,RW,174,174,28,38,66,4.0,0,28,38,66,0
Ross Lowe,/players/l/lowero01.html,D/LW,31,77,6,8,14,5.4,0,1,5,6,0
Dave Lumley,/players/l/lumleda01.html,RW,3,437,98,160,258,12.2,0,0,0,0,0
Jyrki Lumme,/players/l/lummejy01.html,D,75,985,114,354,468,79.8,0,2,22,24,0
Gilles Lupien,/players/l/lupiegi01.html,D,174,226,5,25,30,11.6,0,3,19,22,0
Vic Lynn,/players/l/lynnvi01.html,LW/D,2,327,49,76,125,20.5,0,0,0,0,0
Hub Macey,/players/m/maceyhu01.html,LW,12,30,6,9,15,0.7,0,0,1,1,0
Murdo MacKay,/players/m/mackamu01.html,RW/C,19,19,0,3,3,-0.3,0,0,3,3,0
Bill MacKenzie,/players/m/mackebi01.html,D,48,233,11,10,21,13.7,0,4,3,7,0
Al MacNeil,/players/m/macneal01.html,D,61,524,17,75,92,36.2,0,1,7,8,0
John Mahaffy,/players/m/mahafjo01.html,C,9,37,11,25,36,1.6,0,2,5,7,0
Frank Mailley,/players/m/maillfr01.html,D,1,1,0,0,0,0.0,0,0,0,0,0
Fern Majeau,/players/m/majeafe01.html,C/LW,56,56,22,24,46,3.6,0,22,24,46,0
David Maley,/players/m/maleyda01.html,LW,51,466,43,81,124,-0.9,0,6,12,18,0
Manny Malhotra,/players/m/malhoma01.html,C,58,991,116,179,295,20.8,0,1,3,4,0
Cliff Malone,/players/m/maloncl01.html,RW,3,3,0,0,0,-0.1,0,0,0,0,0
Joe Malone*,/players/m/malonjo01.html,C/LW,58,126,143,33,176,21.5,0,52,7,59,0
Tom Manastersky,/players/m/manasto01.html,D,6,6,0,0,0,0.2,0,0,0,0,0
Gus Mancuso,/players/m/mancugu01.html,RW,26,47,7,9,16,-0.2,0,1,1,2,0
Dave Manson,/players/m/mansoda01.html,D,101,1103,102,288,390,66.5,0,5,33,38,0
Paul Mara,/players/m/marapa01.html,D,62,734,64,189,253,41.3,0,0,12,12,0
Andreas Martinsen,/players/m/martian01.html,LW,9,152,9,14,23,0.0,0,0,0,0,0
Steve Martinson,/players/m/martist01.html,LW,38,49,2,1,3,-0.9,0,1,0,1,0
Paul Masnick,/players/m/masnipa01.html,C,165,220,18,40,58,1.8,0,15,31,46,0
Joe Matte,/players/m/mattejo01.html,D,5,68,17,15,32,2.3,0,0,0,0,0
Stefan Matteau,/players/m/mattest02.html,LW,12,64,3,4,7,-0.4,0,0,1,1,0
Johnny Matz,/players/m/matzjo01.html,C,30,30,2,4,6,-0.2,0,2,4,6,0
Ben Maxwell,/players/m/maxwebe01.html,C,20,47,2,6,8,0.1,0,0,0,0,0
Eddie Mazur,/players/m/mazured01.html,D/LW,92,107,8,20,28,1.1,0,8,19,27,0
Bert McCaffrey,/players/m/mccafbe01.html,RW/D,50,261,43,35,78,30.0,0,3,4,7,0
Michael McCarron,/players/m/mccarmi01.html,RW,69,69,2,6,8,-0.7,0,2,6,8,0
Walt McCartney,/players/m/mccarwa01.html,LW,2,2,0,0,0,0.1,0,0,0,0,0
Trent McCleary,/players/m/mccletr01.html,RW,58,192,8,15,23,-1.8,0,1,0,1,0
John McCormack,/players/m/mccorjo01.html,C,164,311,25,49,74,1.4,0,8,29,37,0
Bill McCreary,/players/m/mccrebi01.html,LW,14,309,53,62,115,7.6,0,2,3,5,0
Keith McCreary,/players/m/mccreke01.html,RW,9,532,131,112,243,17.5,0,0,3,3,0
Bob McCulley,/players/m/mcculbo01.html,RW/D,1,1,0,0,0,0.0,0,0,0,0,0
Ab McDonald,/players/m/mcdonab01.html,LW,137,762,182,248,430,35.4,0,22,36,58,0
Jack McDonald,/players/m/mcdonja01.html,LW,36,70,26,14,40,1.5,0,17,6,23,0
Irv McGibbon,/players/m/mcgibir01.html,RW,1,1,0,0,0,0.0,0,0,0,0,0
Jack McGill,/players/m/mcgilja01.html,LW,134,134,27,10,37,3.3,0,27,10,37,0
Randy McKay,/players/m/mckayra02.html,RW,75,932,162,201,363,29.2,0,6,13,19,0
John McKinnon,/players/m/mckinjo01.html,D,2,208,28,9,37,14.2,0,0,0,0,0
Mike McMahon,/players/m/mcmahmi01.html,D,56,58,7,18,25,7.8,0,7,18,25,0
Howard McNamara,/players/m/mcnamho01.html,D,10,10,1,0,1,0.8,0,1,0,1,0
Rick Meagher,/players/m/meaghri01.html,C,2,691,144,165,309,14.8,0,0,0,0,0
Bill Meronek,/players/m/meronbi01.html,C,20,20,5,8,13,0.7,0,5,8,13,0
Victor Mete,/players/m/metevi01.html,D,120,120,0,20,20,5.4,0,0,20,20,0
Glen Metropolit,/players/m/metrogl01.html,C,90,407,57,102,159,13.6,0,18,14,32,0
Larry Mickey,/players/m/mickela01.html,RW,21,292,39,53,92,2.1,0,4,4,8,0
Bill Miller,/players/m/millebi01.html,C/D,63,95,7,3,10,1.4,0,4,3,7,0
Duncan Milroy,/players/m/milrodu01.html,RW,5,5,0,1,1,-0.1,0,0,1,1,0
Torrey Mitchell,/players/m/mitchto01.html,C,174,666,67,85,152,10.0,0,19,18,37,0
Sergio Momesso,/players/m/momesse01.html,LW,137,710,152,193,345,20.7,0,29,38,67,0
Garry Monahan,/players/m/monahga01.html,LW,14,748,116,169,285,12.3,0,0,0,0,0
Jim Montgomery,/players/m/montgji01.html,C,5,122,9,25,34,1.0,0,0,0,0,0
Dominic Moore,/players/m/mooredo01.html,C,21,897,106,176,282,19.2,0,2,9,11,0
Amby Moran,/players/m/moranam01.html,D,12,35,1,1,2,0.8,0,0,0,0,0
Pete Morin,/players/m/morinpe01.html,LW,32,32,10,12,22,1.7,0,10,12,22,0
Dave Morissette,/players/m/morisda01.html,LW,11,11,0,0,0,0.0,0,0,0,0,0
Joseph Morrow,/players/m/morrojo02.html,D,38,162,9,23,32,5.4,0,5,6,11,0
Harry Mummery,/players/m/mummeha01.html,D,24,106,32,20,52,10.5,0,14,6,20,0
Dunc Munro,/players/m/munrodu01.html,D,48,239,28,18,46,29.0,0,1,1,2,0
Bob Murdoch,/players/m/murdobo01.html,D,81,757,60,218,278,61.4,0,3,25,28,0
Chris Murray,/players/m/murrach01.html,RW,107,242,16,18,34,-0.5,0,7,6,13,0
Douglas Murray,/players/m/murrado01.html,D,53,518,7,57,64,19.2,0,0,2,2,0
Garth Murray,/players/m/murraga01.html,C,80,116,8,2,10,-0.7,0,7,2,9,0
Leo Murray,/players/m/murrale01.html,C/LW,6,6,0,0,0,-0.2,0,0,0,0,0
Brendon Nash,/players/n/nashbr01.html,D,2,2,0,0,0,-0.1,0,0,0,0,0
Alain Nasreddine,/players/n/nasreal01.html,D,8,74,1,4,5,2.2,0,0,0,0,0
Joonas Nattinen,/players/n/nattijo01.html,C,1,1,0,0,0,0.0,0,0,0,0,0
Ric Nattress,/players/n/nattrri01.html,D,79,536,29,135,164,28.6,0,1,16,17,0
Nikita Nesterov,/players/n/nesteni01.html,D,13,132,9,24,33,6.5,0,1,4,5,0
John Newberry,/players/n/newbejo01.html,C,19,22,0,4,4,-0.3,0,0,4,4,0
Dan Newman,/players/n/newmada01.html,LW,16,126,17,24,41,0.8,0,0,2,2,0
Janne Niinimaa,/players/n/niinija01.html,D,41,741,54,265,319,59.2,0,0,3,3,0
Petteri Nokelainen,/players/n/nokelpe01.html,C,51,245,20,21,41,1.6,0,3,3,6,0
Bill Nyrop,/players/n/nyropbi01.html,D,165,207,12,51,63,18.4,0,8,43,51,0
Ryan O'Byrne,/players/o/obyrnry01.html,D,128,308,5,34,39,8.4,0,2,14,16,0
Jim O'Neil,/players/o/oneilji01.html,C/RW,16,156,6,30,36,0.6,0,0,4,4,0
Gino Odjick,/players/o/odjicgi01.html,RW,49,605,64,73,137,2.9,0,5,4,9,0
Dave Orleski,/players/o/orlesda01.html,LW,2,2,0,0,0,-0.1,0,0,0,0,0
Steve Ott,/players/o/ottst01.html,C,11,848,109,179,288,19.6,0,0,1,1,0
Xavier Ouellet,/players/o/ouellxa01.html,D,19,160,5,21,26,5.9,0,0,3,3,0
Pete Palangio,/players/p/palanpe01.html,LW,8,71,13,10,23,2.0,0,0,0,0,0
Aaron Palushaj,/players/p/palusaa01.html,RW,41,68,3,11,14,0.8,0,1,4,5,0
P.A. Parenteau,/players/p/parenpi01.html,LW,56,491,114,182,296,30.2,0,8,14,22,0
George Pargeter,/players/p/pargege01.html,LW,4,4,0,0,0,-0.1,0,0,0,0,0
George Parros,/players/p/parroge01.html,RW,22,474,18,18,36,0.4,0,0,1,1,0
Greg Paslawski,/players/p/paslagr01.html,RW,26,650,187,185,372,23.9,0,1,4,5,0
Greg Pateryn,/players/p/patergr01.html,D,82,247,4,32,36,7.9,0,2,11,13,0
George Patterson,/players/p/pattege01.html,W,59,270,51,27,78,8.8,0,5,6,11,0
Rollie Paulhus,/players/p/paulhro01.html,D,33,33,0,0,0,0.2,0,0,0,0,0
Evariste Payer,/players/p/payerev01.html,C/LW,1,1,0,0,0,0.0,0,0,0,0,0
Matthew Peca,/players/p/pecama01.html,C,39,59,6,11,17,0.7,0,3,7,10,0
Mark Pederson,/players/p/pederma01.html,LW,56,169,35,50,85,4.9,0,8,17,25,0
Cliff Pennington,/players/p/pennicl01.html,C,4,102,17,42,59,2.6,0,1,0,1,0
Alexander Perezhogin,/players/p/perezal01.html,LW,128,128,15,19,34,3.2,0,15,19,34,0
Garry Peters,/players/p/peterga01.html,C,17,311,34,34,68,-1.3,0,0,3,3,0
Jimmy Peters,/players/p/peterji01.html,RW,129,574,125,150,275,24.7,0,23,36,59,0
Charlie Phillips,/players/p/phillch01.html,D,17,17,0,0,0,0.7,0,0,0,0,0
Alexandre Picard,/players/p/picaral01.html,D,43,253,19,50,69,12.0,0,3,5,8,0
Noel Picard,/players/p/picarno01.html,D,16,336,12,63,75,23.7,0,0,7,7,0
Robert Picard,/players/p/picarro02.html,D,141,899,104,319,423,62.2,0,11,61,72,0
Didier Pitre*,/players/p/pitredi01.html,RW/D,127,127,64,35,99,8.7,0,64,35,99,0
Gerry Plamondon,/players/p/plamoge01.html,LW,74,74,7,13,20,0.8,0,7,13,20,0
Larry Pleau,/players/p/pleaula01.html,C,94,94,9,15,24,-0.2,0,9,15,24,0
Ryan Poehling,/players/p/poehlry01.html,C,1,1,3,0,3,0.7,0,3,0,3,0
Gordie Poirier,/players/p/poirigo01.html,C,10,10,0,1,1,-0.5,0,0,1,1,0
Mike Polich,/players/p/policmi01.html,C/LW,1,226,24,29,53,-0.3,0,0,0,0,0
Jack Portland,/players/p/portlja01.html,D,174,388,15,56,71,29.7,0,7,32,39,0
Benoit Pouliot,/players/p/poulibe01.html,LW,118,625,130,133,263,30.9,0,28,26,54,0
Noel Price,/players/p/priceno01.html,D,39,500,14,114,128,29.4,0,0,9,9,0
Christian Proulx,/players/p/proulch01.html,D,7,7,1,2,3,0.5,0,1,2,3,0
Brandon Prust,/players/p/prustbr01.html,LW,172,486,40,75,115,8.6,0,15,30,45,0
Jean Pusie,/players/p/pusieje01.html,D,38,65,1,4,5,3.5,0,0,2,2,0
Tom Pyatt,/players/p/pyattto01.html,C,101,445,43,58,101,3.7,0,4,8,12,0
John Quilty,/players/q/quiltjo01.html,C,115,125,36,34,70,6.3,0,33,33,66,0
Yves Racine,/players/r/racinyv01.html,D,72,508,37,194,231,31.6,0,4,10,14,0
Alexander Radulov,/players/r/radulal01.html,RW,76,382,121,179,300,35.9,0,18,36,54,0
Rob Ramage,/players/r/ramagro01.html,D,14,1044,139,425,564,75.1,0,0,2,2,0
Armand Raymond,/players/r/raymoar01.html,D,22,22,0,3,3,0.6,0,0,3,3,0
Paul Raymond,/players/r/raymopa01.html,RW,76,76,2,3,5,-1.9,0,2,3,5,0
Terry Reardon,/players/r/reardte01.html,C/RW,46,194,47,53,100,7.4,0,23,23,46,0
Marc Reaume,/players/r/reaumma01.html,D,3,344,8,43,51,18.2,0,0,0,0,0
Zach Redmond,/players/r/redmoza01.html,D,16,133,9,29,38,8.1,0,0,5,5,0
Mike Reilly,/players/r/reillmi01.html,D,76,160,7,30,37,5.9,0,3,16,19,0
Barry Richter,/players/r/richtba01.html,D,25,151,11,34,45,8.1,0,0,2,2,0
Jack Riley,/players/r/rileyja01.html,C,95,104,10,22,32,1.8,0,10,22,32,0
Rip Riopelle,/players/r/rioperi01.html,LW,169,169,27,16,43,2.6,0,27,16,43,0
Dave Ritchie,/players/r/ritchda01.html,D,13,57,15,6,21,3.9,0,0,0,0,0
Gus Rivers,/players/r/rivergu01.html,RW,88,88,4,5,9,-1.2,0,4,5,9,0
Mario Roberge,/players/r/roberma01.html,LW,112,112,7,7,14,-1.3,0,7,7,14,0
Claude Robert,/players/r/robercl01.html,LW,23,23,1,0,1,-0.5,0,1,0,1,0
Phil Roberto,/players/r/roberph01.html,RW,74,385,75,106,181,9.7,0,17,10,27,0
George Robertson,/players/r/roberge01.html,LW/C,31,31,2,5,7,0.1,0,2,5,7,0
Stephane Robidas,/players/r/robidst01.html,D,122,937,57,201,258,55.0,0,7,16,23,0
Earl Robinson,/players/r/robinea01.html,RW/C,11,419,83,98,181,18.8,0,1,4,5,0
Moe Robinson,/players/r/robinmo01.html,D,1,1,0,0,0,0.0,0,0,0,0,0
Des Roche,/players/r/rochede01.html,RW,5,113,20,18,38,4.9,0,0,1,1,0
Ernie Roche,/players/r/rocheer01.html,D,4,4,0,0,0,0.2,0,0,0,0,0
Leon Rochefort,/players/r/rochele01.html,RW,97,617,121,147,268,16.1,0,16,18,34,0
Ed Ronan,/players/r/ronaned01.html,RW,147,182,13,23,36,-0.7,0,12,19,31,0
Paul Ronty,/players/r/rontypa01.html,C,5,488,101,211,312,28.8,0,0,0,0,0
Steve Rooney,/players/r/roonest01.html,LW,43,154,15,13,28,-1.1,0,3,3,6,0
Bill Root,/players/r/rootbi01.html,D,118,247,11,23,34,9.9,0,6,16,22,0
Roly Rossignol,/players/r/rossiro01.html,RW,5,14,3,5,8,0.5,0,2,2,4,0
Randy Rota,/players/r/rotara01.html,C/LW,2,212,38,39,77,2.1,0,1,1,2,0
Guy Rousseau,/players/r/roussgu01.html,LW,4,4,0,1,1,0.0,0,0,1,1,0
Roland Rousseau,/players/r/roussro01.html,D,2,2,0,0,0,0.1,0,0,0,0,0
Thomas Rundqvist,/players/r/rundqth01.html,C,2,2,0,1,1,0.0,0,0,1,1,0
Paul Runge,/players/r/rungepa01.html,C/LW,19,142,18,22,40,2.4,0,1,2,3,0
Terry Ryan,/players/r/ryante01.html,LW,8,8,0,0,0,-0.2,0,0,0,0,0
Kerby Rychel,/players/r/rycheke01.html,LW,4,43,3,11,14,1.4,0,1,1,2,0
Sergei Samsonov,/players/s/samsose01.html,LW,63,888,235,336,571,61.0,0,9,17,26,0
Scott Sandelin,/players/s/sandesc01.html,D,9,25,0,4,4,1.0,0,0,1,1,0
Charlie Sands,/players/s/sandsch01.html,C/RW,160,429,99,112,211,20.8,0,28,58,86,0
Yves Sarault,/players/s/sarauyv01.html,LW,22,106,10,10,20,-0.2,0,0,1,1,0
Glen Sather*,/players/s/sathegl01.html,LW,63,658,80,113,193,3.4,0,6,10,16,0
Tony Savage,/players/s/savagto01.html,D,41,49,1,5,6,2.4,0,1,5,6,0
Nikita Scherbak,/players/s/scherni01.html,RW,29,37,6,2,8,0.5,0,5,2,7,0
David Schlemko,/players/s/schleda01.html,D,55,415,18,76,94,20.9,0,1,6,7,0
Dwight Schofield,/players/s/schofdw01.html,D,2,211,8,22,30,8.7,0,0,0,0,0
Rod Schutt,/players/s/schutro01.html,LW,2,286,77,92,169,10.1,0,0,0,0,0
John Scott,/players/s/scottjo01.html,LW,1,286,5,6,11,0.9,0,0,0,0,0
Jiri Sekac,/players/s/sekacji01.html,LW,50,108,10,19,29,1.9,0,7,9,16,0
Alexander Semin,/players/s/seminal01.html,LW,15,650,239,278,517,65.5,0,1,3,4,0
Mikhail Sergachev,/players/s/sergami01.html,D,4,158,15,57,72,11.3,0,0,0,0,0
Pierre Sevigny,/players/s/sevigpi01.html,LW,75,78,4,5,9,-0.9,0,4,5,9,0
Sean Shanahan,/players/s/shanase01.html,C/RW,4,40,1,3,4,-1.1,0,0,0,0,0
Darryl Shannon,/players/s/shannda01.html,D,7,544,28,111,139,32.0,0,0,1,1,0
Andrew Shaw,/players/s/shawan01.html,C,182,504,111,122,233,25.3,0,41,55,96,0
Logan Shaw,/players/s/shawlo01.html,RW,30,180,12,19,31,0.9,0,2,4,6,0
Bobby Sheehan,/players/s/sheehbo01.html,C,45,310,48,63,111,4.7,0,8,6,14,0
Babe Siebert*,/players/s/siebeba01.html,LW/D,125,594,140,154,294,47.0,0,25,37,62,0
Reid Simpson,/players/s/simpsre01.html,LW,25,301,18,18,36,0.8,0,1,1,2,0
Todd Simpson,/players/s/simpsto01.html,D,6,580,14,63,77,21.2,0,0,0,0,0
Alex Singbush,/players/s/singbal01.html,D,32,32,0,5,5,1.4,0,0,5,5,0
Glen Skov,/players/s/skovgl01.html,C/LW,3,650,106,136,242,18.4,0,0,0,0,0
Alex Smart,/players/s/smartal01.html,LW,8,8,5,2,7,0.6,0,5,2,7,0
Des Smith,/players/s/smithde01.html,D,16,195,22,26,48,16.7,0,3,3,6,0
Don Smith,/players/s/smithdo01.html,LW/C,12,12,1,0,1,-0.5,0,1,0,1,0
Stu Smith,/players/s/smithst02.html,LW,4,4,2,2,4,0.5,0,2,2,4,0
Devante Smith-Pelly,/players/s/smithde06.html,RW,66,395,44,57,101,5.9,0,7,8,15,0
Bryan Smolinski,/players/s/smolibr01.html,C,64,1056,274,377,651,63.6,0,8,17,25,0
Stan Smrke,/players/s/smrkest01.html,LW,9,9,0,3,3,0.1,0,0,3,3,0
Brent Sopel,/players/s/sopelbr01.html,D,12,659,44,174,218,40.9,0,0,0,0,0
Jaroslav Spacek,/players/s/spaceja01.html,D,145,880,82,273,355,69.3,0,4,36,40,0
Frédéric St. Denis,/players/s/stdenfr01.html,D,17,21,1,3,4,1.1,0,1,2,3,0
Martin St. Pierre,/players/s/stpiema01.html,C,1,39,3,5,8,-0.1,0,0,0,0,0
Harold Starr,/players/s/starrha01.html,D,15,206,5,4,9,8.9,0,0,0,0,0
Brad Staubitz,/players/s/staubbr01.html,RW,19,230,10,11,21,0.5,0,1,0,1,0
Phil Stevens,/players/s/steveph01.html,C/D,4,25,1,0,1,1.3,0,0,0,0,0
Gaye Stewart,/players/s/stewaga01.html,LW,5,502,185,159,344,34.3,0,0,1,1,0
Greg Stewart,/players/s/stewagr01.html,LW,26,26,0,1,1,-0.5,0,0,1,1,0
P.J. Stock,/players/s/stockpj01.html,C,20,235,5,21,26,0.0,0,1,2,3,0
Bill Summerhill,/players/s/summebi01.html,RW,56,72,14,17,31,1.7,0,9,12,21,0
Niklas Sundstrom,/players/s/sundsni01.html,RW,154,750,117,232,349,29.0,0,19,30,49,0
Eric Tangradi,/players/t/tangrer01.html,C,7,150,5,11,16,-1.2,0,0,0,0,0
Alex Tanguay,/players/t/tangual01.html,LW,50,1088,283,580,863,95.2,0,16,25,41,0
Tomas Tatar,/players/t/tatarto01.html,C,80,507,144,142,286,34.6,0,25,33,58,0
Jeff Teal,/players/t/tealje01.html,RW,6,6,0,1,1,-0.1,0,0,1,1,0
Chris Terry,/players/t/terrych01.html,LW,14,152,22,16,38,3.4,0,2,2,4,0
Orval Tessier,/players/t/tessior01.html,C,4,59,5,7,12,-0.3,0,0,0,0,0
Gilles Thibaudeau,/players/t/thibagi01.html,C,58,119,25,37,62,3.9,0,12,15,27,0
Lorrain Thibeault,/players/t/thibelo01.html,LW,2,6,0,2,2,0.0,0,0,0,0,0
Christian Thomas,/players/t/thomach01.html,RW,25,27,1,2,3,0.0,0,1,2,3,0
Nate Thompson,/players/t/thompna01.html,C,25,697,58,83,141,3.3,0,1,6,7,0
Rhys Thomson,/players/t/thomsrh01.html,D,7,25,0,2,2,1.3,0,0,0,0,0
Jarred Tinordi,/players/t/tinorja01.html,D,46,53,0,6,6,0.8,0,0,6,6,0
Larry Trader,/players/t/tradela01.html,D,30,91,5,13,18,4.1,0,2,4,6,0
Bob Trapp,/players/t/trappbo01.html,D,1,83,4,4,8,1.0,0,0,0,0,0
Patrick Traverse,/players/t/travepa01.html,D,109,279,14,51,65,14.1,0,4,19,23,0
Marcel Tremblay,/players/t/trembma01.html,RW,10,10,0,2,2,-0.2,0,0,2,2,0
Nils Tremblay,/players/t/trembni01.html,C,3,3,0,1,1,0.0,0,0,1,1,0
Brock Trotter,/players/t/trottbr02.html,C,2,2,0,0,0,-0.1,0,0,0,0,0
Lou Trudel,/players/t/trudelo01.html,LW,95,310,50,68,118,8.2,0,22,23,45,0
Darcy Tucker,/players/t/tuckeda01.html,RW,115,947,215,261,476,41.0,0,8,18,26,0
Connie Tudin,/players/t/tudinco01.html,C,4,4,0,1,1,-0.1,0,0,1,1,0
Alfie Turcotte,/players/t/turcoal01.html,C,85,112,17,29,46,1.3,0,15,23,38,0
Pierre Turgeon,/players/t/turgepi01.html,C,104,1294,515,812,1327,134.3,0,50,77,127,0
Sylvain Turgeon,/players/t/turgesy01.html,LW,75,669,269,226,495,37.8,0,14,18,32,0
Perry Turnbull,/players/t/turnbpe01.html,C,40,608,188,163,351,21.1,0,6,7,13,0
Igor Ulanov,/players/u/ulanoig01.html,D,123,739,27,135,162,37.3,0,4,15,19,0
Carol Vadnais,/players/v/vadnaca01.html,D,42,1087,169,418,587,92.0,0,1,4,5,0
Rinat Valiev,/players/v/valieri01.html,D,2,12,0,0,0,0.2,0,0,0,0,0
Lindsay Vallis,/players/v/vallili01.html,D,1,1,0,0,0,0.0,0,0,0,0,0
Shaun Van Allen,/players/v/vanalsh01.html,C,54,794,84,185,269,19.9,0,6,9,15,0
John Van Boxmeer,/players/v/vanbojo01.html,D,79,588,84,274,358,55.0,0,7,18,25,0
Thomas Vanek,/players/v/vanekth01.html,LW,18,1029,373,416,789,95.9,0,6,9,15,0
Vladimir Vujtek,/players/v/vujtevl01.html,LW,2,110,7,30,37,0.8,0,0,0,0,0
Mick Vukota,/players/v/vukotmi01.html,RW,22,573,17,29,46,-10.7,0,0,0,0,0
Bobby Walton,/players/w/waltobo01.html,C/RW,4,4,0,0,0,-0.1,0,0,0,0,0
Jason Ward,/players/w/wardja01.html,RW,105,336,36,45,81,4.2,0,10,10,20,0
Jimmy Ward,/players/w/wardji01.html,RW,36,528,147,128,275,41.8,0,4,3,7,0
Grant Warwick,/players/w/warwigr01.html,RW,26,395,147,142,289,25.9,0,2,6,8,0
Nick Wasnie,/players/w/wasnini01.html,RW,136,246,57,34,91,10.3,0,31,15,46,0
Bryan Watson,/players/w/watsobr01.html,D,56,877,17,135,152,40.8,0,0,4,4,0
Phil Watson,/players/w/watsoph01.html,RW/C,44,591,145,265,410,33.9,0,17,32,49,0
Jordan Weal,/players/w/wealjo01.html,C,16,169,24,30,54,3.9,0,4,6,10,0
Mike Weaver,/players/w/weavemi01.html,D,48,633,8,89,97,23.3,0,1,10,11,0
Shea Weber,/players/w/webersh01.html,D,162,925,203,331,534,108.4,0,37,54,91,0
Yannick Weber,/players/w/weberya01.html,D,115,456,27,64,91,17.5,0,5,27,32,0
Dale Weise,/players/w/weiseda01.html,RW,161,490,54,66,120,10.6,0,27,32,59,0
Cy Wentworth,/players/w/wentwcy01.html,D,77,575,39,68,107,41.2,0,1,6,7,0
Moe White,/players/w/whitemo01.html,LW/C,4,4,0,1,1,0.0,0,0,1,1,0
Ryan White,/players/w/whitery01.html,C,141,313,31,30,61,2.9,0,5,12,17,0
David Wilkie,/players/w/wilkida01.html,D,91,167,10,26,36,3.2,0,8,14,22,0
Don Willson,/players/w/willsdo01.html,C,22,22,2,7,9,0.4,0,2,7,9,0
Cully Wilson,/players/w/wilsocu01.html,RW,11,130,59,29,88,9.0,0,6,1,7,0
Jerry Wilson,/players/w/wilsoje01.html,C,3,3,0,0,0,-0.1,0,0,0,0,0
Rick Wilson,/players/w/wilsori01.html,D,21,239,6,26,32,9.7,0,0,2,2,0
Ron Wilson,/players/w/wilsoro03.html,C,48,831,110,216,326,10.8,0,2,10,12,0
James Wisniewski,/players/w/wisnija01.html,D,43,552,53,221,274,44.8,0,7,23,30,0
Johan Witehall,/players/w/witehjo01.html,LW,26,54,2,5,7,-0.1,0,1,1,2,0
J.T. Wyman,/players/w/wymanja01.html,RW,3,44,2,9,11,0.5,0,0,0,0,0
Doug Young,/players/y/youngdo01.html,D,50,388,35,45,80,33.7,0,3,9,12,0
Zarley Zalapski,/players/z/zalapza01.html,D,28,637,99,285,384,51.9,0,1,5,6,0
Sergei Zholtok,/players/z/zholtse01.html,C,170,588,111,147,258,24.3,0,34,37,71,0
Dainius Zubrus,/players/z/zubruda01.html,RW/C,139,1293,228,363,591,52.0,0,29,45,74,0
