Johan Backlund,/players/b/backljo01.html,G,1,1,0,0,0,0.2,0
Stephane Beauregard,/players/b/beaurst01.html,G,16,90,0,2,2,10.6,19
Michel Belhumeur,/players/b/belhumi01.html,G,23,65,0,4,4,3.1,9
Martin Biron,/players/b/bironma01.html,G,133,508,0,14,14,88.0,230
Sergei Bobrovsky,/players/b/bobrose01.html,G,83,457,0,10,10,88.0,255
Brian Boucher,/players/b/bouchbr01.html,G,174,328,0,3,3,43.0,120
Ilya Bryzgalov,/players/b/bryzgil01.html,G,99,465,0,12,12,81.3,221
Sean Burke,/players/b/burkese01.html,G,26,820,0,28,28,141.9,324
Roman Cechmanek,/players/c/cechmro01.html,G,163,212,0,1,1,38.1,110
Frederic Chabot,/players/c/chabofr01.html,G,4,32,0,0,0,2.8,4
Marc D'Amour,/players/d/damouma01.html,G,1,16,0,0,0,2.3,2
Jeremy Duchesne,/players/d/ducheje01.html,G,1,1,0,0,0,-0.1,0
Brian Elliott,/players/e/elliobr01.html,G,69,441,0,8,8,68.3,225
Ray Emery,/players/e/emeryra01.html,G,88,287,0,4,4,42.3,145
Robert Esche,/players/e/eschero01.html,G,128,186,0,8,8,24.9,78
Bob Froese,/players/f/froesbo01.html,G,144,242,0,8,8,42.1,128
Bruce Gamble,/players/g/gamblbr01.html,G,35,328,0,1,1,42.5,111
Jeff Hackett,/players/h/hackeje01.html,G,27,500,0,9,9,82.6,166
Carter Hart,/players/h/hartca01.html,G,31,31,0,0,0,6.2,16
Cal Heeter,/players/h/heeteca01.html,G,1,1,0,0,0,0.0,0
Bruce Hoffort,/players/h/hoffobr01.html,G,9,9,0,0,0,0.9,4
Martin Houle,/players/h/houlema01.html,G,1,1,0,0,0,-0.1,0
Gary Inness,/players/i/innesga01.html,G,8,162,0,5,5,23.4,58
Darren Jensen,/players/j/jenseda01.html,G,30,30,0,1,1,4.4,15
Mark LaForest,/players/l/laforma01.html,G,38,103,0,6,6,12.1,25
Michel Larocque,/players/l/larocmi01.html,G,2,312,0,17,17,53.7,160
Michael Leighton,/players/l/leighmi01.html,G,33,110,0,4,4,14.5,37
Pelle Lindbergh,/players/l/lindbpe01.html,G,157,157,0,5,5,29.0,87
Neil Little,/players/l/littlne01.html,G,2,2,0,0,0,-0.1,0
Alex Lyon,/players/l/lyonal01.html,G,13,13,0,0,0,0.9,4
Mike McKenna,/players/m/mckenmi01.html,G,1,35,0,1,1,3.5,7
Don McLeod,/players/m/mcleodo01.html,G,4,18,0,0,0,-0.3,3
Robbie Moore,/players/m/moorero01.html,G,5,6,0,1,1,1.3,3
Jerome Mrazek,/players/m/mrazeje01.html,G,1,1,0,0,0,0.0,0
Petr Mrazek,/players/m/mrazepe01.html,G,17,223,0,3,3,34.1,101
Phil Myre,/players/m/myreph01.html,G,57,439,0,8,8,63.3,149
Michal Neuvirth,/players/n/neuvimi01.html,G,89,257,0,4,4,39.3,105
Antero Niittymaki,/players/n/niittan01.html,G,161,234,0,3,3,36.1,95
Maxime Ouellet,/players/o/ouellma01.html,G,2,12,0,1,1,2.0,2
Pete Peeters,/players/p/peetepe01.html,G,179,489,0,12,12,85.6,246
Jean-Marc Pelletier,/players/p/pelleje01.html,G,1,7,0,0,0,0.0,1
Calvin Pickard,/players/p/pickaca01.html,G,11,104,0,3,3,15.5,32
Glenn Resch,/players/r/reschgl01.html,G,22,571,0,15,15,104.0,231
Dominic Roussel,/players/r/roussdo01.html,G,139,205,0,4,4,28.8,77
Garth Snow,/players/s/snowga01.html,G,90,368,0,5,5,49.9,135
Tommy Soderstrom,/players/s/soderto01.html,G,78,156,0,2,2,19.0,45
Rick St. Croix,/players/s/stcrori01.html,G,82,131,0,2,2,21.4,49
Wayne Stephenson,/players/s/stephwa01.html,G,165,328,0,3,3,57.6,146
Anthony Stolarz,/players/s/stolaan01.html,G,19,25,0,0,0,3.7,6
Cam Talbot,/players/t/talboca01.html,G,4,288,0,3,3,50.9,138
Bobby Taylor,/players/t/taylobo02.html,G,43,45,0,1,1,3.3,15
John Vanbiesbrouck,/players/v/vanbijo01.html,G,112,882,0,35,38,152.7,374
Dunc Wilson,/players/w/wilsodu01.html,G,1,287,0,4,4,30.9,80
Ken Wregget,/players/w/wreggke01.html,G,107,575,0,24,24,85.7,225
Wendell Young,/players/y/youngwe01.html,G,6,187,0,10,10,23.8,59
Rob Zepp,/players/z/zeppro01.html,G,10,10,0,0,0,0.6,5
Greg Adams,/players/a/adamsgr01.html,LW,39,544,84,143,227,8.8,0
Dmitry Afanasenkov,/players/a/afanadm01.html,LW,41,227,27,27,54,2.8,0
Jason Akeson,/players/a/akesoja01.html,RW,15,15,1,1,2,0.2,0
Andrew Alberts,/players/a/alberan01.html,D,79,459,8,47,55,13.4,0
Ray Allison,/players/a/allisra01.html,RW,168,238,64,93,157,9.7,0
Mark Alt,/players/a/altma01.html,D,9,18,0,0,0,0.0,0
Tony Amonte,/players/a/amontto01.html,RW,93,1174,416,484,900,95.3,0
Shawn Anderson,/players/a/andersh01.html,D,1,255,11,51,62,13.1,0
Mikael Andersson,/players/a/andermi01.html,LW,43,761,95,169,264,12.8,0
Lou Angotti,/players/a/angotlo01.html,C/RW,70,653,103,186,289,15.2,0
Shawn Antoski,/players/a/antossh01.html,LW,89,183,3,5,8,-4.4,0
Bill Armstrong,/players/a/armstbi01.html,C,1,1,0,1,1,0.1,0
Fred Arthur,/players/a/arthufr01.html,D,77,80,1,8,9,2.2,0
Arron Asham,/players/a/ashamar01.html,RW,150,789,94,114,208,16.8,0
Nicolas Aube-Kubel,/players/a/aubekni01.html,RW,9,9,0,0,0,0.0,0
Dave Babych,/players/b/babycda01.html,D,39,1195,142,581,723,86.6,0
Justin Bailey,/players/b/baileju01.html,RW,11,63,5,4,9,0.4,0
Reid Bailey,/players/b/bailere01.html,D,27,40,1,3,4,1.5,0
Terry Ball,/players/b/ballte01.html,D,62,74,7,19,26,4.9,0
Norm Barnes,/players/b/barneno01.html,D,82,156,6,38,44,7.3,0
Murray Baron,/players/b/baronmu01.html,D,83,988,35,94,129,34.5,0
Len Barrie,/players/b/barrile01.html,C,9,184,19,45,64,3.8,0
Oskars Bartulis,/players/b/bartuos01.html,D,66,66,1,8,9,0.7,0
Ryan Bast,/players/b/bastry01.html,D,2,2,0,1,1,0.1,0
Nolan Baumgartner,/players/b/baumgno01.html,D,6,143,7,40,47,8.4,0
Harvey Bennett,/players/b/benneha02.html,C,53,268,44,46,90,0.9,0
Brian Benning,/players/b/bennibr01.html,D,59,568,63,233,296,41.8,0
Josef Beranek,/players/b/beranjo01.html,LW/C,134,531,118,144,262,17.8,0
Todd Bergen,/players/b/bergeto01.html,C,14,14,11,5,16,1.7,0
Bo Berglund,/players/b/berglbo01.html,RW,7,130,28,39,67,3.1,0
Serge Bernier,/players/b/bernise01.html,RW,123,302,78,119,197,14.0,0
Blair Betts,/players/b/bettsbl01.html,C,138,477,41,37,78,2.2,0
Don Biggs,/players/b/biggsdo01.html,C,11,12,2,0,2,-0.1,0
Don Blackburn,/players/b/blackdo01.html,LW,115,185,23,44,67,2.0,0
Claude Boivin,/players/b/boivicl01.html,LW,114,132,12,19,31,-0.7,0
Mike Boland,/players/b/bolanmi01.html,RW,2,2,0,0,0,-0.1,0
Mark Botell,/players/b/botelma01.html,D,32,32,4,10,14,2.5,0
Jesse Boulerice,/players/b/bouleje01.html,RW,8,172,8,2,10,0.1,0
Marc-Andre Bourdon,/players/b/bourdma01.html,D,45,45,4,3,7,1.9,0
Jason Bowen,/players/b/bowenja01.html,D,73,77,2,6,8,3.2,0
Nick Boynton,/players/b/boyntni01.html,D,10,605,34,110,144,30.0,0
Pavel Brendl,/players/b/brendpa01.html,RW,50,78,11,11,22,2.3,0
Andy Brickley,/players/b/brickan01.html,LW/C,3,385,82,140,222,12.5,0
Aris Brimanis,/players/b/brimaar01.html,D,21,113,2,12,14,2.5,0
Willie Brossart,/players/b/brosswi01.html,D,47,129,1,14,15,1.5,0
Larry Brown,/players/b/brownla01.html,D,12,455,7,53,60,21.5,0
Mike Bullard,/players/b/bullami01.html,C,124,727,329,345,674,50.7,0
Marc Bureau,/players/b/bureama01.html,C,125,567,55,83,138,3.0,0
Adam Burt,/players/b/burtad01.html,D,84,737,37,115,152,34.0,0
Mike Busniuk,/players/b/busnimi01.html,D,143,143,3,23,26,9.0,0
Viacheslav Butsayev,/players/b/butsavi01.html,C,99,132,17,26,43,1.0,0
Mike Byers,/players/b/byersmi01.html,RW,5,166,42,34,76,5.1,0
Kyle Calder,/players/c/caldeky01.html,LW,59,590,114,180,294,24.6,0
Drew Callander,/players/c/calladr01.html,C/RW,18,39,6,2,8,-0.2,0
Daniel Carcillo,/players/c/carcida01.html,LW,153,429,48,52,100,7.6,0
Dwight Carruthers,/players/c/carrudw01.html,D,1,2,0,0,0,0.1,0
Dick Cherry,/players/c/cherrdi01.html,D,139,145,12,10,22,6.9,0
Eric Chouinard,/players/c/chouier01.html,LW,46,90,11,11,22,1.8,0
Paul Coffey*,/players/c/coffepa01.html,D,94,1409,396,1135,1531,185.7,0
Carlo Colaiacovo,/players/c/colaica01.html,D,33,470,34,123,157,28.4,0
Bill Collins,/players/c/collibi01.html,RW,9,768,157,154,311,16.3,0
Mike Comrie,/players/c/comrimi01.html,C,21,589,168,197,365,38.1,0
Al Conroy,/players/c/conroal01.html,C,114,114,9,14,23,-0.9,0
Bob Corkum,/players/c/corkubo01.html,C,28,720,97,103,200,6.3,0
Riley Cote,/players/c/coteri01.html,RW,156,156,1,6,7,-0.5,0
Nick Cousins,/players/c/cousini01.html,C,107,259,31,42,73,5.8,0
Terry Crisp,/players/c/crispte01.html,C,194,536,67,134,201,9.2,0
Shawn Cronin,/players/c/cronish01.html,D,35,292,3,18,21,9.4,0
Phil Crowe,/players/c/croweph01.html,LW,16,94,4,5,9,-0.6,0
Mark Cullen,/players/c/cullema02.html,C,3,38,7,10,17,1.8,0
Jim Cummins,/players/c/cummiji01.html,RW,22,511,24,36,60,-3.1,0
Jim Cunningham,/players/c/cunniji01.html,LW,1,1,0,0,0,0.0,0
Alexandre Daigle,/players/d/daiglal02.html,C,68,616,129,198,327,25.8,0
J.J. Daigneault,/players/d/daignjj01.html,D,105,899,53,197,250,48.9,0
Rod Dallman,/players/d/dallmro01.html,LW,2,6,1,0,1,0.0,0
Kimbi Daniels,/players/d/danieki01.html,C,27,27,1,2,3,-0.5,0
Scott Daniels,/players/d/daniesc01.html,LW,56,149,8,12,20,-1.3,0
Craig Darby,/players/d/darbycr01.html,C,12,196,21,35,56,2.2,0
Barry Dean,/players/d/deanba01.html,LW,86,165,25,56,81,3.7,0
Michael Del Zotto,/players/d/delzomi01.html,D,167,608,54,167,221,40.6,0
Andy Delmore,/players/d/delmoan01.html,D,95,283,43,58,101,19.0,0
Rob DiMaio,/players/d/dimairo01.html,RW,109,894,106,171,277,13.7,0
Niko Dimitrakos,/players/d/dimitni01.html,RW,24,158,24,38,62,5.6,0
Gilbert Dionne,/players/d/dionngi01.html,LW,22,223,61,79,140,10.1,0
Tomas Divisek,/players/d/divisto01.html,C,5,5,1,0,1,0.1,0
Brian Dobbin,/players/d/dobbibr01.html,RW,56,63,7,8,15,-0.1,0
Jiri Dopita,/players/d/dopitji01.html,C,52,73,12,21,33,3.1,0
Jim Dowd,/players/d/dowdji01.html,C,73,728,71,168,239,15.9,0
Steve Downie,/players/d/downist01.html,RW,89,434,76,120,196,20.9,0
Rene Drolet,/players/d/drolere01.html,RW,1,2,0,0,0,0.0,0
John Druce,/players/d/drucejo01.html,RW,79,531,113,126,239,15.0,0
Steve Duchesne,/players/d/duchest01.html,D,89,1113,227,525,752,112.7,0
Blake Dunlop,/players/d/dunlobl01.html,C,69,550,130,274,404,24.2,0
Yanick Dupre,/players/d/dupreya01.html,LW,35,35,2,0,2,-0.8,0
Miroslav Dvorak,/players/d/dvorami01.html,D,193,193,11,74,85,14.7,0
Ben Eager,/players/e/eagerbe01.html,LW,111,407,43,42,85,6.9,0
Mark Eaton,/players/e/eatonma01.html,D,27,650,24,61,85,24.8,0
Darryl Edestrand,/players/e/edestda01.html,D,2,455,34,90,124,27.4,0
Matt Ellison,/players/e/ellisma02.html,RW,7,43,3,11,14,0.5,0
Steve Eminger,/players/e/emingst01.html,D,12,488,19,80,99,16.0,0
Doug Evans,/players/e/evansdo01.html,LW,65,355,48,87,135,5.0,0
Paul Evans,/players/e/evansjo01.html,C,103,103,14,25,39,1.2,0
Pat Falloon,/players/f/fallopa01.html,RW,144,575,143,179,322,25.3,0
Andre Faust,/players/f/faustan01.html,C,47,47,10,7,17,1.0,0
David Fenyves,/players/f/fenyvda01.html,D,58,206,3,32,35,10.5,0
Valtteri Filppula,/players/f/filppva01.html,C,101,948,185,309,494,46.8,0
Jeff Finley,/players/f/finleje01.html,D,55,708,13,70,83,28.7,0
Craig Fisher,/players/f/fishecr01.html,C,4,12,0,0,0,-0.4,0
Rory Fitzpatrick,/players/f/fitzpro02.html,D,19,287,10,25,35,7.0,0
Ross Fitzpatrick,/players/f/fitzpro01.html,C,20,20,5,2,7,0.2,0
Reggie Fleming,/players/f/flemire01.html,D/LW,65,749,108,132,240,8.9,0
Bill Flett,/players/f/flettbi01.html,RW,167,689,202,215,417,32.7,0
Ron Flockhart,/players/f/flockro02.html,C,167,453,145,183,328,21.6,0
Rick Foley,/players/f/foleyri01.html,D,58,67,11,26,37,5.6,0
Christian Folin,/players/f/folinch01.html,D,26,228,7,35,42,10.2,0
Colin Forbes,/players/f/forbeco01.html,C,132,311,33,28,61,3.0,0
Peter Forsberg*,/players/f/forsbpe01.html,C,100,708,249,636,885,97.9,0
Corey Foster,/players/f/fosteco01.html,D,25,45,5,6,11,1.2,0
Kurtis Foster,/players/f/fosteku01.html,D,23,405,42,118,160,27.9,0
Nick Fotiu,/players/f/fotiuni01.html,LW,23,646,60,77,137,-5.4,0
Mark Freer,/players/f/freerma01.html,C,59,124,16,23,39,0.5,0
Mark Friedman,/players/f/friedma01.html,D,1,1,0,0,0,-0.1,0
Jamie Fritsch,/players/f/fritsja01.html,D,1,1,0,0,0,0.1,0
Sam Gagner,/players/g/gagnesa01.html,C,53,802,158,288,446,39.5,0
Dave Gardner,/players/g/gardnda01.html,C,2,350,75,115,190,10.9,0
Denis Gauthier,/players/g/gauthde01.html,D,60,554,17,60,77,21.0,0
Jean Gauthier,/players/g/gauthje01.html,D,65,166,6,29,35,12.1,0
Bruno Gervais,/players/g/gervabr01.html,D,37,418,16,71,87,11.4,0
Hal Gill,/players/g/gillha01.html,D,6,1108,36,148,184,48.0,0
Don Gillen,/players/g/gilledo01.html,RW,1,35,2,4,6,-0.5,0
Jere Gillis,/players/g/gillije01.html,LW,1,386,78,95,173,7.6,0
Larry Goodenough,/players/g/goodela01.html,D,129,242,22,77,99,19.2,0
Boyd Gordon,/players/g/gordobo01.html,C,13,706,56,105,161,5.2,0
Tyrell Goulbourne,/players/g/goulbty01.html,LW,11,11,0,0,0,-0.2,0
Triston Grant,/players/g/granttr01.html,LW,8,11,0,1,1,-0.1,0
Chris Gratton,/players/g/grattch01.html,C,108,1092,214,354,568,46.5,0
Josh Gratton,/players/g/grattjo01.html,LW,22,86,3,3,6,-0.6,0
Kyle Greentree,/players/g/greenky01.html,LW,2,4,0,0,0,-0.1,0
Mark Greig,/players/g/greigma01.html,RW,30,125,13,27,40,1.6,0
Martin Grenier,/players/g/grenima01.html,D,3,18,1,0,1,0.2,0
Paul Guay,/players/g/guaypa01.html,RW,16,117,11,23,34,-0.5,0
Nate Guenin,/players/g/guenina01.html,D,12,205,5,23,28,6.7,0
Erik Gustafsson,/players/g/gustaer01.html,D,91,91,6,17,23,5.9,0
Len Hachborn,/players/h/hachble01.html,C,78,102,20,39,59,2.9,0
Robert Hagg,/players/h/haggro01.html,D,153,153,8,21,29,5.9,0
Adam Hall,/players/h/hallad01.html,RW,91,682,69,87,156,5.3,0
Kevin Haller,/players/h/halleke01.html,D,132,642,41,97,138,34.6,0
Denis Hamel,/players/h/hamelde01.html,LW,7,192,19,12,31,1.8,0
John Hanna,/players/h/hannajo01.html,D,15,198,6,26,32,9.3,0
Pat Hannigan,/players/h/hannipa01.html,LW,72,182,30,39,69,3.6,0
Jeff Harding,/players/h/hardije01.html,RW,15,15,0,0,0,-0.4,0
Ted Harris,/players/h/harrite01.html,D,70,788,30,168,198,57.5,0
Ryan Hartman,/players/h/hartmry01.html,RW,19,245,42,47,89,8.9,0
Dale Hawerchuk*,/players/h/hawerda01.html,C,67,1188,518,891,1409,112.0,0
Greg Hawgood,/players/h/hawgogr01.html,D,59,474,60,164,224,37.6,0
Paul Healey,/players/h/healepa01.html,LW,6,77,6,14,20,1.8,0
Earl Heiskala,/players/h/heiskea01.html,LW,127,127,13,11,24,-1.1,0
Wayne Hicks,/players/h/hickswa01.html,RW,32,115,13,23,36,0.3,0
Larry Hillman,/players/h/hillmla01.html,D,149,789,36,196,232,57.3,0
Jan Hlavac,/players/h/hlavaja01.html,LW,31,436,90,134,224,21.3,0
Todd Hlushko,/players/h/hlushto01.html,C,2,79,8,13,21,0.9,0
Ed Hoekstra,/players/h/hoeksed01.html,C,70,70,15,21,36,3.1,0
Bob Hoffmeyer,/players/h/hoffmbo01.html,D,92,198,14,52,66,10.8,0
Milos Holan,/players/h/holanmi01.html,D,8,49,5,11,16,2.2,0
Ben Holmstrom,/players/h/holmsbe01.html,C,7,7,0,0,0,-0.1,0
Randy Holt,/players/h/holtra01.html,D,26,395,4,37,41,12.3,0
Tony Horacek,/players/h/horacto01.html,LW,116,154,10,19,29,-0.8,0
Ed Hospodar,/players/h/hospoed01.html,D,112,450,17,51,68,16.7,0
Martin Hostak,/players/h/hostama01.html,C,55,55,3,11,14,0.0,0
Dave Hoyda,/players/h/hoydada01.html,LW,108,132,6,17,23,-1.7,0
Petr Hubacek,/players/h/hubacpe01.html,C,6,6,1,0,1,0.0,0
Willie Huber,/players/h/huberwi01.html,D,10,655,104,217,321,41.9,0
Brent Hughes,/players/h/hughebr01.html,D,122,436,15,117,132,22.8,0
Kent Huskins,/players/h/huskike01.html,D,8,318,13,55,68,18.0,0
Gord Hynes,/players/h/hynesgo01.html,D,37,52,3,9,12,2.6,0
Jaromir Jagr,/players/j/jagrja01.html,RW,73,1733,766,1155,1921,217.1,0
Chris Jensen,/players/j/jensech01.html,RW,21,73,9,12,21,0.1,0
Blair Jones,/players/j/jonesbl01.html,C,4,132,7,10,17,-0.3,0
Brad Jones,/players/j/jonesbr01.html,LW,48,148,25,31,56,2.6,0
Keith Jones,/players/j/joneske01.html,RW,131,491,117,141,258,24.2,0
Lars Jonsson,/players/j/jonssla01.html,D,8,8,0,2,2,0.0,0
Chris Joseph,/players/j/josepch01.html,D,17,510,39,112,151,21.8,0
Eddie Joyal,/players/j/joyaled01.html,C,26,465,128,134,262,20.2,0
Patrik Juhlin,/players/j/juhlipa01.html,LW,56,56,7,6,13,0.0,0
Jon Kalinski,/players/k/kalinjo01.html,LW,22,22,1,4,5,0.2,0
Tomi Kallio,/players/k/kallito01.html,LW,7,140,24,31,55,3.9,0
Boyd Kane,/players/k/kanebo01.html,LW,23,31,0,3,3,-0.4,0
Steve Kasper,/players/k/kaspest01.html,C,37,821,177,291,468,23.1,0
Pat Kavanagh,/players/k/kavanpa01.html,RW,8,14,2,0,2,0.3,0
Larry Keenan,/players/k/keenala01.html,LW,14,233,38,64,102,6.4,0
Forbes Kennedy,/players/k/kennefo01.html,C,132,603,70,108,178,2.7,0
Corban Knight,/players/k/knighco01.html,C,23,52,4,8,12,0.8,0
Matthew Konan,/players/k/konanma01.html,D,2,2,0,0,0,0.0,0
Andrei Kovalenko,/players/k/kovalan01.html,RW,13,620,173,206,379,33.5,0
Lukas Krajicek,/players/k/krajilu01.html,D,27,328,11,61,72,12.4,0
Pavel Kubina,/players/k/kubinpa01.html,D,17,970,110,276,386,64.1,0
Frantisek Kucera,/players/k/kucerfr01.html,D,2,465,24,95,119,27.9,0
Lasse Kukkonen,/players/k/kukkola01.html,D,95,159,6,16,22,5.7,0
Dale Kushner,/players/k/kushnda01.html,RW,82,84,10,13,23,0.3,0
Normand Lacombe,/players/l/lacomno01.html,RW,92,319,53,62,115,3.9,0
Daniel Lacroix,/players/l/lacroda01.html,LW,130,188,11,7,18,-2.5,0
Claude Laforge,/players/l/laforcl01.html,LW,65,193,24,33,57,1.8,0
Serge Lajeunesse,/players/l/lajeuse01.html,D/RW,6,103,1,4,5,1.4,0
David Laliberte,/players/l/lalibda01.html,RW,11,11,2,1,3,0.4,0
Mark Lamb,/players/l/lambma01.html,C,27,403,46,100,146,2.6,0
Mitch Lamoureux,/players/l/lamoumi01.html,C,3,73,11,9,20,0.0,0
Jeff Lank,/players/l/lankje01.html,D,2,2,0,0,0,0.0,0
Ian Laperriere,/players/l/laperia01.html,RW,82,1083,121,215,336,18.2,0
Claude Lapointe,/players/l/lapoicl01.html,LW/C,56,879,127,178,305,16.0,0
Rick Lapointe,/players/l/lapoiri01.html,D,146,664,44,175,219,42.7,0
Jiri Latal,/players/l/latalji01.html,D,92,92,12,36,48,6.7,0
Oliver Lauridsen,/players/l/lauriol01.html,D,16,16,2,1,3,0.8,0
Kirby Law,/players/l/lawki01.html,RW,9,9,0,1,1,0.0,0
Paul Lawless,/players/l/lawlepa01.html,LW,8,239,49,77,126,6.1,0
Vincent Lecavalier,/players/l/lecavvi01.html,C,133,1212,421,528,949,102.4,0
Guillaume Lefebvre,/players/l/lefebgu01.html,LW,17,39,2,4,6,0.0,0
Jori Lehtera,/players/l/lehtejo01.html,C,89,307,34,77,111,9.4,0
Taylor Leier,/players/l/leierta01.html,LW,55,55,2,5,7,-0.3,0
Ville Leino,/players/l/leinovi01.html,LW,94,286,40,79,119,9.8,0
Bill Lesuk,/players/l/lesukbi01.html,LW,123,388,44,63,107,1.7,0
Andreas Lilja,/players/l/liljaan01.html,D,50,580,16,71,87,23.6,0
Oskar Lindblom,/players/l/lindbos01.html,LW,104,104,19,20,39,3.1,0
Andrei Lomakin,/players/l/lomakan01.html,RW,108,215,42,62,104,6.8,0
Danny Lucas,/players/l/lucasda02.html,RW,6,6,1,0,1,-0.1,0
Joffrey Lupul,/players/l/lupuljo01.html,LW,135,701,205,215,420,45.5,0
Roman Lyubimov,/players/l/lyubiro01.html,LW,47,47,4,2,6,0.3,0
Al MacAdam,/players/m/macadal01.html,RW,5,864,240,351,591,40.4,0
Ian MacNeil,/players/m/macneia01.html,C,2,2,0,0,0,0.0,0
Ralph MacSweyn,/players/m/macswra01.html,D,47,47,0,5,5,2.4,0
Craig MacTavish,/players/m/mactacr01.html,C,100,1093,213,267,480,22.3,0
Kevin Maguire,/players/m/maguike01.html,RW,5,260,29,30,59,-0.3,0
Jim Mair,/players/m/mairji01.html,D,4,76,4,15,19,2.4,0
Vladimir Malakhov,/players/m/malakvl01.html,D,6,712,86,260,346,59.2,0
Stewart Malgunas,/players/m/malgust01.html,D,71,129,1,5,6,2.6,0
Kent Manderville,/players/m/mandeke01.html,C,129,646,37,67,104,-0.1,0
Mike Maneluk,/players/m/manelmi01.html,LW,14,85,11,10,21,1.5,0
Moe Mantha,/players/m/manthmo01.html,D,35,656,81,289,370,45.6,0
Danny Markov,/players/m/markoda01.html,D,34,538,29,118,147,31.9,0
Kevin Marshall,/players/m/marshke01.html,D,10,10,0,0,0,-0.1,0
Danick Martel,/players/m/marteda01.html,LW,4,13,0,2,2,0.0,0
Chris McAllister,/players/m/mcallch01.html,D,121,301,4,17,21,2.3,0
Dean McAmmond,/players/m/mcammde01.html,C,10,996,186,262,448,41.6,0
Kevin McCarthy,/players/m/mccarke01.html,D,90,537,67,191,258,36.7,0
Sandy McCarthy,/players/m/mccarsa01.html,RW,71,736,72,76,148,4.3,0
Colin McDonald,/players/m/mcdonco01.html,RW,8,148,20,26,46,3.4,0
Ryan McGill,/players/m/mcgilry01.html,D,134,151,4,15,19,5.0,0
Tye McGinn,/players/m/mcginty01.html,LW,36,89,9,8,17,1.3,0
Jack McIlhargey,/players/m/mcilhja01.html,D,128,393,11,36,47,13.8,0
Evgeny Medvedev,/players/m/medveev01.html,D,45,45,4,8,12,3.0,0
Gerry Meehan,/players/m/meehage01.html,C,12,670,180,243,423,30.5,0
Eric Meloche,/players/m/melocer01.html,RW,13,74,9,11,20,0.8,0
Andrej Meszaros,/players/m/meszaan01.html,D,192,645,63,175,238,41.7,0
Glen Metropolit,/players/m/metrogl01.html,C,55,407,57,102,159,13.6,0
Freddy Meyer,/players/m/meyerfr01.html,D,83,281,20,53,73,12.5,0
Dave Michayluk,/players/m/michada01.html,LW,14,14,2,6,8,0.3,0
Larry Mickey,/players/m/mickela01.html,RW,14,292,39,53,92,2.1,0
John Miszuk,/players/m/miszujo01.html,D,140,237,7,39,46,14.5,0
Jaroslav Modry,/players/m/modryja01.html,D,19,725,49,201,250,45.9,0
Carl Mokosak,/players/m/mokosca01.html,LW,1,83,11,15,26,0.1,0
Jim Montgomery,/players/m/montgji01.html,C,13,122,9,25,34,1.0,0
Samuel Morin,/players/m/morinsa01.html,D,8,8,0,0,0,-0.1,0
Gary Morrison,/players/m/morriga01.html,RW,43,43,1,15,16,0.1,0
Glenn Mulvenna,/players/m/mulvegl01.html,C,1,2,0,0,0,-0.1,0
Marty Murray,/players/m/murrama01.html,C,150,261,31,42,73,6.0,0
Mike Murray,/players/m/murrami02.html,C,1,1,0,0,0,0.0,0
Pat Murray,/players/m/murrapa01.html,LW,25,25,3,1,4,-0.1,0
Terry Murray,/players/m/murrate01.html,D,115,303,4,76,80,15.2,0
Philippe Myers,/players/m/myersph01.html,D,21,21,1,1,2,0.2,0
Brantt Myhres,/players/m/myhrebr01.html,RW,23,154,6,2,8,-1.5,0
Don Nachbaur,/players/n/nachbdo01.html,C,65,223,23,46,69,0.2,0
Ric Nattress,/players/n/nattrri01.html,D,44,536,29,135,164,28.6,0
Petr Nedved,/players/n/nedvepe01.html,C,49,982,310,407,717,65.1,0
Kris Newbury,/players/n/newbukr01.html,C,4,76,4,6,10,0.5,0
Janne Niinimaa,/players/n/niinija01.html,D,143,741,54,265,319,59.2,0
Andreas Nodl,/players/n/nodlan01.html,RW,127,183,15,21,36,1.2,0
Sean O'Donnell,/players/o/odonnse01.html,D,81,1224,31,198,229,58.8,0
Will O'Neill,/players/o/oneilwi01.html,D,1,1,0,0,0,0.0,0
Adam Oates*,/players/o/oatesad01.html,C,14,1337,341,1079,1420,117.0,0
Gino Odjick,/players/o/odjicgi01.html,RW,30,605,64,73,137,2.9,0
Johnny Oduya,/players/o/oduyajo01.html,D,1,850,41,149,190,44.8,0
Randy Osburn,/players/o/osburra01.html,LW,1,27,0,2,2,-0.8,0
John Paddock,/players/p/paddojo01.html,RW,47,87,8,14,22,-1.0,0
Rosaire Paiement,/players/p/paiemro01.html,C,44,191,48,52,100,6.4,0
Ryan Parent,/players/p/parenry01.html,D,102,106,1,6,7,0.9,0
Michel Parizeau,/players/p/parizmi01.html,C,37,58,3,14,17,0.1,0
Richard Park,/players/p/parkri01.html,RW,7,738,102,139,241,16.6,0
Greg Paslawski,/players/p/paslagr01.html,RW,60,650,187,185,372,23.9,0
Joe Paterson,/players/p/paterjo01.html,LW,11,291,19,37,56,-3.1,0
Nolan Patrick,/players/p/patrino01.html,C,145,145,26,35,61,4.8,0
Dennis Patterson,/players/p/pattede01.html,D,3,138,6,22,28,4.7,0
Mark Pederson,/players/p/pederma01.html,LW,84,169,35,50,85,4.9,0
Roger Pelletier,/players/p/pellero01.html,D,1,1,0,0,0,0.0,0
Mike Peluso,/players/p/pelusmi02.html,RW,1,38,4,2,6,0.3,0
Michel Petit,/players/p/petitmi01.html,D,20,827,90,238,328,45.8,0
Alexandre Picard,/players/p/picaral01.html,D,72,253,19,50,69,12.0,0
Michel Picard,/players/p/picarmi01.html,LW,7,166,28,42,70,5.3,0
Derek Plante,/players/p/plantde01.html,C,12,450,96,152,248,21.4,0
Pierre Plante,/players/p/plantpi01.html,RW,26,599,125,172,297,16.9,0
Vaclav Pletka,/players/p/pletkva01.html,RW,1,1,0,0,0,0.0,0
Ryan Potulny,/players/p/potulry01.html,C,44,126,22,27,49,4.0,0
Jean Potvin,/players/p/potvije01.html,D,64,613,63,224,287,47.2,0
Yves Preston,/players/p/prestyv01.html,LW,28,28,7,3,10,0.4,0
David Printz,/players/p/printda01.html,D,13,13,0,0,0,-0.1,0
Chris Pronger*,/players/p/prongch01.html,D,145,1167,157,541,698,139.4,0
Vinny Prospal,/players/p/prospva01.html,C,77,1108,255,510,765,74.5,0
Mika Pyorala,/players/p/pyorami01.html,C,36,36,2,2,4,-0.3,0
Dan Quinn,/players/q/quinnda01.html,C,102,805,266,419,685,46.2,0
Yves Racine,/players/r/racinyv01.html,D,67,508,37,194,231,31.6,0
Branko Radivojevic,/players/r/radivbr01.html,RW,88,393,52,68,120,7.8,0
Nate Raduns,/players/r/radunna01.html,RW,1,1,0,0,0,0.0,0
Marcus Ragnarsson,/players/r/ragnama01.html,D,113,632,37,140,177,37.3,0
Rob Ramage,/players/r/ramagro01.html,D,15,1044,139,425,564,75.1,0
Paul Ranheim,/players/r/ranhepa01.html,LW,187,1013,161,199,360,21.1,0
Mike Rathje,/players/r/rathjmi01.html,D,97,768,30,150,180,42.5,0
Ryan Ready,/players/r/readyry01.html,LW,7,7,0,1,1,0.0,0
Darren Reid,/players/r/reidda03.html,RW,14,21,0,1,1,-0.5,0
Mike Ricci,/players/r/riccimi01.html,C,146,1099,243,362,605,48.8,0
Dave Richter,/players/r/richtda01.html,D,50,365,9,40,49,13.7,0
Bob Ritchie,/players/r/ritchbo01.html,LW,1,29,8,4,12,0.6,0
Gordie Roberts,/players/r/robergo02.html,D,11,1097,61,359,420,68.9,0
Randy Robitaille,/players/r/robitra01.html,C,28,531,84,172,256,20.7,0
Leon Rochefort,/players/r/rochele01.html,RW,139,617,121,147,268,16.1,0
Russell Romaniuk,/players/r/romanru01.html,LW,17,102,13,14,27,0.3,0
Bill Root,/players/r/rootbi01.html,D,24,247,11,23,34,9.9,0
Jay Rosehill,/players/r/rosehja01.html,LW,45,117,5,3,8,-0.1,0
Jared Ross,/players/r/rossja01.html,C,13,13,0,0,0,-0.4,0
Magnus Roupe,/players/r/roupema01.html,LW,40,40,3,5,8,-0.4,0
Darren Rumble,/players/r/rumblda01.html,D,18,193,10,26,36,4.6,0
Stefan Ruzicka,/players/r/ruzicst01.html,RW,55,55,4,13,17,1.1,0
Shaun Sabol,/players/s/sabolsh01.html,D,2,2,0,0,0,0.1,0
Joe Sacco,/players/s/saccojo01.html,RW,34,738,94,119,213,10.9,0
Ulf Samuelsson,/players/s/samueul01.html,D,49,1080,57,275,332,72.1,0
Scott Sandelin,/players/s/sandesc01.html,D,15,25,0,4,4,1.0,0
Geoff Sanderson,/players/s/sandege01.html,LW,58,1104,355,345,700,69.8,0
Travis Sanheim,/players/s/sanhetr01.html,D,131,131,11,34,45,6.6,0
Dick Sarrazin,/players/s/sarradi01.html,RW,100,100,20,35,55,3.9,0
Andre Savage,/players/s/savagan01.html,C,16,66,10,14,24,2.1,0
Brian Savage,/players/s/savagbr01.html,LW,66,674,192,167,359,34.6,0
Luca Sbisa,/players/s/sbisalu01.html,D,39,504,18,85,103,20.3,0
Cliff Schmautz,/players/s/schmacl01.html,RW,31,57,13,19,32,2.3,0
Danny Schock,/players/s/schocda01.html,LW,14,20,1,2,3,-0.3,0
Nick Schultz,/players/s/schulni01.html,D,189,1069,30,145,175,48.2,0
Glen Seabrooke,/players/s/seabrgl01.html,C,19,19,1,6,7,0.1,0
Al Secord,/players/s/secoral01.html,LW,20,766,273,223,496,33.5,0
Dennis Seidenberg,/players/s/seidede01.html,D,92,859,44,207,251,49.1,0
Brit Selby,/players/s/selbybr01.html,LW,119,347,55,62,117,4.9,0
Anatoli Semenov,/players/s/semenan01.html,C/LW,70,362,68,126,194,12.1,0
Tom Sestito,/players/s/sestito01.html,LW,21,154,10,11,21,0.9,0
Patrick Sharp,/players/s/sharppa01.html,LW,66,939,287,333,620,71.1,0
Jody Shelley,/players/s/shelljo01.html,LW,89,627,18,36,54,0.0,0
Mike Siklenka,/players/s/siklemi01.html,RW,1,2,0,0,0,0.0,0
Mike Sillinger,/players/s/sillimi01.html,C,52,1049,240,308,548,40.9,0
Jon Sim,/players/s/simjo01.html,LW,39,469,75,64,139,11.3,0
Reid Simpson,/players/s/simpsre01.html,LW,1,301,18,18,36,0.8,0
Bob Sirois,/players/s/siroibo01.html,RW,4,286,92,120,212,16.0,0
Darryl Sittler*,/players/s/sittlda01.html,C,191,1096,484,637,1121,95.9,0
Jarrod Skalde,/players/s/skaldja01.html,C,1,115,13,21,34,0.8,0
Wade Skolney,/players/s/skolnwa01.html,D,1,1,0,0,0,0.0,0
John Slaney,/players/s/slanejo01.html,D,5,268,22,69,91,14.8,0
David Sloane,/players/s/sloanda01.html,RW,1,1,0,0,0,0.0,0
Jason Smith,/players/s/smithja01.html,D,77,1008,41,128,169,48.3,0
Steve Smith,/players/s/smithst04.html,D,14,17,0,1,1,0.5,0
Greg Smyth,/players/s/smythgr01.html,D,49,229,4,16,20,7.4,0
Dave Snuggerud,/players/s/snuggda01.html,RW,14,265,30,54,84,1.6,0
Radovan Somik,/players/s/somikra01.html,RW,113,113,12,20,32,2.6,0
Bruno St. Jacques,/players/s/stjacbr01.html,D,13,67,3,7,10,2.1,0
Myron Stankiewicz,/players/s/stankmy01.html,LW,19,35,0,7,7,-0.7,0
Allan Stanley*,/players/s/stanlal01.html,D,64,1244,100,333,433,103.6,0
Daryl Stanley,/players/s/stanlda01.html,D/LW,89,189,8,17,25,8.2,0
John Stevens,/players/s/stevejo01.html,D,9,53,0,10,10,2.6,0
Kevin Stevens,/players/s/steveke01.html,LW,23,874,329,397,726,60.5,0
Turner Stevenson,/players/s/stevetu01.html,RW,31,644,75,115,190,12.4,0
P.J. Stock,/players/s/stockpj01.html,C,31,235,5,21,26,0.0,0
Mike Stothers,/players/s/stothmi01.html,D,12,30,0,2,2,0.5,0
Petr Straka,/players/s/strakpe01.html,RW,3,3,0,2,2,0.2,0
Art Stratton,/players/s/stratar01.html,C/LW,12,95,18,33,51,3.4,0
Doug Sulliman,/players/s/sullido01.html,RW,80,631,160,168,328,15.2,0
Bill Sutherland,/players/s/suthebi01.html,C,124,250,70,58,128,11.4,0
Mark Suzor,/players/s/suzorma01.html,D,4,64,4,16,20,2.0,0
George Swarbrick,/players/s/swarbge01.html,RW,2,132,17,25,42,0.8,0
Michal Sykora,/players/s/sykormi01.html,D,49,267,15,54,69,13.2,0
Danny Syvret,/players/s/syvreda01.html,D,27,59,3,4,7,1.1,0
Maxime Talbot,/players/t/talboma01.html,C,127,704,91,113,204,12.4,0
Mark Taylor,/players/t/tayloma01.html,C,64,209,42,68,110,5.2,0
Dmitri Tertyshny,/players/t/tertydm01.html,D,62,62,2,8,10,2.4,0
Patrick Thoresen,/players/t/thorepa01.html,C,21,106,6,18,24,0.8,0
Billy Tibbetts,/players/t/tibbebi01.html,RW,9,82,2,8,10,-1.0,0
Brad Tiley,/players/t/tileybr01.html,D,2,11,0,0,0,0.1,0
Mattias Timander,/players/t/timanma01.html,D,34,419,13,57,70,14.4,0
Jussi Timonen,/players/t/timonju01.html,D,14,14,0,4,4,-0.2,0
Dave Tippett,/players/t/tippeda01.html,LW,73,721,93,169,262,7.2,0
Ole-Kristian Tollefsen,/players/t/tolleol01.html,D,18,163,4,8,12,3.9,0
Denis Tolpeko,/players/t/tolpede01.html,RW,26,26,1,5,6,0.2,0
Tim Tookey,/players/t/tooketi01.html,C,2,106,22,36,58,2.3,0
Scottie Upshall,/players/u/upshasc01.html,LW,134,759,138,146,284,29.4,0
Ossi Vaananen,/players/v/vaanaos01.html,D,46,479,13,55,68,17.7,0
Jim Vandermeer,/players/v/vandeji01.html,D,75,461,25,80,105,21.4,0
Phil Varone,/players/v/varonph01.html,C,47,97,8,9,17,0.3,0
Mike Vecchione,/players/v/vecchmi01.html,RW,2,2,0,0,0,-0.1,0
Kris Versteeg,/players/v/verstkr01.html,RW,27,643,149,209,358,37.9,0
Dennis Ververgaert,/players/v/vervede01.html,RW,95,583,176,216,392,27.3,0
Claude Vilgrain,/players/v/vilgrcl01.html,RW,2,89,21,32,53,3.9,0
Roman Vopat,/players/v/vopatro01.html,C,48,133,6,14,20,-1.0,0
Mikhail Vorobyev,/players/v/vorobmi01.html,C,15,15,1,1,2,0.1,0
Matt Walker,/players/w/walkema01.html,D,8,314,4,26,30,7.7,0
Wes Walz,/players/w/walzwe01.html,C,2,607,109,151,260,22.8,0
Todd Warriner,/players/w/warrito01.html,LW,13,453,65,89,154,9.6,0
Steve Washburn,/players/w/washbst01.html,C,4,93,14,15,29,2.0,0
Jordan Weal,/players/w/wealjo01.html,C,124,169,24,30,54,3.9,0
Dale Weise,/players/w/weiseda01.html,RW,152,490,54,66,120,10.6,0
Jay Wells,/players/w/wellsja01.html,D,126,1098,47,216,263,50.2,0
Eric Wellwood,/players/w/wellwer01.html,LW,31,31,5,5,10,1.6,0
Brian Wesenberg,/players/w/wesenbr01.html,RW,1,1,0,0,0,0.0,0
Blake Wesley,/players/w/weslebl01.html,D,52,298,18,46,64,12.2,0
Peter White,/players/w/whitepe01.html,C,104,220,23,37,60,2.7,0
Ryan White,/players/w/whitery01.html,C,107,313,31,30,61,2.9,0
Todd White,/players/w/whiteto02.html,C,3,653,141,240,381,37.3,0
Bob Wilkie,/players/w/wilkibo01.html,D,10,18,2,5,7,0.8,0
Gord Williams,/players/w/willigo01.html,RW,2,2,0,0,0,-0.1,0
Chris Winnes,/players/w/winnech01.html,RW,4,33,1,6,7,-0.3,0
Jamie Wright,/players/w/wrighja01.html,LW,4,124,12,20,32,2.8,0
Keith Wright,/players/w/wrighke01.html,LW,1,1,0,0,0,0.0,0
Larry Wright,/players/w/wrighla01.html,C,38,106,4,8,12,-2.1,0
Mike York,/players/y/yorkmi01.html,LW,34,579,127,195,322,27.6,0
Tim Young,/players/y/youngti01.html,C,20,629,195,341,536,37.8,0
Zarley Zalapski,/players/z/zalapza01.html,D,12,637,99,285,384,51.9,0
Larry Zeidel,/players/z/zeidela01.html,D,66,158,3,16,19,7.6,0
Valeri Zelepukin,/players/z/zelepva01.html,LW,151,595,117,177,294,22.7,0
Jason Zent,/players/z/zentja01.html,LW,2,27,3,3,6,0.4,0
Rob Zettler,/players/z/zettlro01.html,D,65,569,5,65,70,14.9,0
Alex Zhamnov,/players/z/zhamnal01.html,C,20,807,249,470,719,68.0,0
Nikolai Zherdev,/players/z/zherdni01.html,W,56,421,115,146,261,27.1,0
Alexei Zhitnik,/players/z/zhitnal01.html,D,31,1085,96,375,471,79.0,0
Harry Zolnierczyk,/players/z/zolniha01.html,LW,44,84,7,6,13,0.3,0
