Jean-Sebastien Aubin,/players/a/aubinje01.html,G,168,218,0,3,3,29.3,80
Hank Bassen,/players/b/basseha01.html,G,25,157,0,2,2,21.6,47
Martin Brochu,/players/b/brochma01.html,G,1,9,0,0,0,0.4,0
Andy Brown,/players/b/brownan01.html,G,45,62,0,1,1,6.0,22
Sebastien Caron,/players/c/caronse01.html,G,90,95,0,1,1,11.8,26
Alain Chevrier,/players/c/chevral01.html,G,3,234,0,11,11,26.0,91
Andy Chiodo,/players/c/chiodan01.html,G,8,8,0,0,0,1.0,3
Mike Condon,/players/c/condomi01.html,G,1,129,0,2,2,17.1,45
Ty Conklin,/players/c/conklty01.html,G,33,215,0,3,3,31.0,96
John Curry,/players/c/curryjo01.html,G,4,8,0,0,0,0.4,3
Joe Daley,/players/d/daleyjo01.html,G,38,105,0,1,1,12.9,34
Philippe DeRouville,/players/d/derouph01.html,G,3,3,0,0,0,0.5,1
Casey DeSmith,/players/d/desmica01.html,G,50,50,0,0,0,8.9,21
Michel Dion,/players/d/dionmi01.html,G,151,227,0,5,5,29.7,60
Rob Dopson,/players/d/dopsoro01.html,G,2,2,0,0,0,0.1,0
Gary Edwards,/players/e/edwarga01.html,G,6,286,0,5,5,36.3,88
Marv Edwards,/players/e/edwarma01.html,G,1,61,0,3,3,5.8,15
Roy Edwards,/players/e/edwarro01.html,G,15,236,0,2,2,37.2,96
Brian Ford,/players/f/fordbr01.html,G,8,11,0,0,0,0.9,3
Mathieu Garon,/players/g/garonma01.html,G,4,341,0,7,7,49.0,144
Thomas Greiss,/players/g/greisth01.html,G,20,251,0,3,3,42.3,121
Steve Guenette,/players/g/guenest01.html,G,32,35,0,1,1,5.6,19
Paul Harrison,/players/h/harripa01.html,G,13,109,0,1,1,10.0,28
Johan Hedberg,/players/h/hedbejo01.html,G,116,373,0,10,10,51.6,161
Paul Hoganson,/players/h/hoganpa01.html,G,2,2,0,0,0,-0.2,0
Rob Holland,/players/h/hollaro01.html,G,44,44,0,0,0,5.0,11
Gary Inness,/players/i/innesga01.html,G,100,162,0,5,5,23.4,58
Tristan Jarry,/players/j/jarrytr01.html,G,29,29,0,2,2,3.8,14
Bob Johnson,/players/j/johnsbo01.html,G,12,23,0,0,0,2.3,9
Brent Johnson,/players/j/johnsbr02.html,G,62,309,0,10,10,43.2,140
Patrick Lalime,/players/l/lalimpa01.html,G,39,444,0,6,6,65.5,200
Gord Laxton,/players/l/laxtogo01.html,G,17,17,0,0,0,-0.3,4
Gilles Meloche,/players/m/melocgi01.html,G,104,788,0,22,22,113.8,270
Greg Millen,/players/m/millegr01.html,G,135,604,0,18,18,84.6,215
Matt Murray,/players/m/murrama02.html,G,161,161,0,3,3,30.5,97
Cam Newton,/players/n/newtoca01.html,G,16,16,0,1,1,1.5,4
Antti Niemi,/players/n/niemian02.html,G,3,464,0,12,12,73.8,242
Rich Parent,/players/p/parenri01.html,G,7,32,0,0,0,2.5,7
Alexander Pechurski,/players/p/pechual01.html,G,1,1,0,0,0,0.1,0
Frank Pietrangelo,/players/p/pietrfr01.html,G,87,141,0,3,3,16.9,46
Michel Plasse,/players/p/plassmi01.html,G,75,298,0,7,7,36.8,92
Greg Redquest,/players/r/redqugr01.html,G,1,1,0,0,0,-0.2,0
Nick Ricci,/players/r/riccini01.html,G,19,19,0,0,0,2.1,7
Pat Riggin,/players/r/riggipa01.html,G,39,350,0,7,7,51.3,153
Roberto Romano,/players/r/romanro01.html,G,125,126,0,1,1,21.8,46
Jim Rutherford,/players/r/rutheji01.html,G,115,457,0,9,9,58.8,151
Dany Sabourin,/players/s/sabouda01.html,G,44,57,0,1,1,6.7,18
Peter Skudra,/players/s/skudrpe01.html,G,74,146,0,2,2,14.3,51
Al Smith,/players/s/smithal03.html,G,91,231,0,7,7,30.4,73
Garth Snow,/players/s/snowga01.html,G,35,368,0,5,5,49.9,135
Rick Tabaracci,/players/t/tabarri01.html,G,1,286,0,8,8,35.5,93
Bobby Taylor,/players/t/taylobo02.html,G,2,45,0,1,1,3.3,15
Jocelyn Thibault,/players/t/thibajo01.html,G,38,586,0,6,6,90.7,238
Brad Thiessen,/players/t/thiesbr01.html,G,5,5,0,0,0,-0.1,3
Vincent Tremblay,/players/t/trembvi01.html,G,4,58,0,2,2,4.7,12
Ron Tugnutt,/players/t/tugnuro01.html,G,7,537,0,7,7,78.9,186
Tomas Vokoun,/players/v/vokouto01.html,G,20,700,0,23,23,142.3,300
Dunc Wilson,/players/w/wilsodu01.html,G,66,287,0,4,4,30.9,80
Wendell Young,/players/y/youngwe01.html,G,111,187,0,10,10,23.8,59
Jeff Zatkoff,/players/z/zatkoje01.html,G,35,48,0,1,1,6.5,18
Ramzi Abid,/players/a/abidra01.html,LW,19,68,14,16,30,2.8,0
Peter Ahola,/players/a/aholape01.html,D,22,123,10,17,27,6.0,0
Brad Aitken,/players/a/aitkebr01.html,LW,11,14,1,3,4,-0.1,0
Peter Allen,/players/a/allenpe01.html,D,8,8,0,0,0,0.2,0
Paul Andrea,/players/a/andrepa01.html,RW,90,150,31,49,80,4.9,0
Greg Andrusak,/players/a/andrugr01.html,D,19,28,0,6,6,1.1,0
Lou Angotti,/players/a/angotlo01.html,C/RW,71,653,103,186,289,15.2,0
Shawn Antoski,/players/a/antossh01.html,LW,13,183,3,5,8,-4.4,0
John Arbour,/players/a/arboujo01.html,D,17,106,1,9,10,3.6,0
Josh Archibald,/players/a/archijo01.html,RW,14,121,20,16,36,3.8,0
Mark Arcobello,/players/a/arcobma01.html,RW,10,139,24,29,53,4.8,0
Colby Armstrong,/players/a/armstco01.html,RW,181,476,89,120,209,18.3,0
Chuck Arnason,/players/a/arnasch01.html,RW,149,401,109,90,199,11.8,0
Arron Asham,/players/a/ashamar01.html,RW,108,789,94,114,208,16.8,0
Zach Aston-Reese,/players/a/astonza01.html,C,59,59,12,11,23,2.7,0
Don Awrey,/players/a/awreydo01.html,D,79,979,31,158,189,51.0,0
Wayne Babych,/players/b/babycwa01.html,RW,67,519,192,246,438,31.4,0
Matthew Barnaby,/players/b/barnama01.html,RW,129,834,113,187,300,22.9,0
Doug Barrie,/players/b/barrido01.html,D,8,158,10,42,52,8.5,0
Len Barrie,/players/b/barrile01.html,C,53,184,19,45,64,3.8,0
Andy Bathgate*,/players/b/bathgan01.html,RW,150,1069,349,624,973,91.8,0
Nolan Baumgartner,/players/b/baumgno01.html,D,5,143,7,40,47,8.4,0
Kris Beech,/players/b/beechkr01.html,C,100,198,25,42,67,4.1,0
Roger Belanger,/players/b/belanro01.html,C,44,44,3,5,8,-0.6,0
Neil Belland,/players/b/bellane01.html,D,3,109,13,32,45,7.0,0
Beau Bennett,/players/b/bennebe01.html,RW,129,200,24,40,64,5.7,0
Harvey Bennett,/players/b/benneha02.html,C,32,268,44,46,90,0.9,0
Josef Beranek,/players/b/beranjo01.html,LW/C,91,531,118,144,262,17.8,0
Drake Berehowsky,/players/b/berehdr01.html,D,52,549,37,112,149,29.2,0
Yves Bergeron,/players/b/bergeyv01.html,RW,3,3,0,0,0,-0.2,0
Marc Bergevin,/players/b/bergema01.html,D,157,1191,36,145,181,46.5,0
Stefan Bergkvist,/players/b/bergkst01.html,D,7,7,0,0,0,0.0,0
Rick Berry,/players/b/berryri01.html,D,13,197,2,13,15,3.9,0
Nick Beverley,/players/b/beverni01.html,D,67,502,18,94,112,25.7,0
Larry Bignell,/players/b/bignela01.html,D,20,20,0,3,3,0.7,0
Paul Bissonnette,/players/b/bissopa01.html,LW,15,202,7,15,22,1.6,0
Nick Bjugstad,/players/b/bjugsni01.html,C,32,426,96,109,205,19.8,0
Scott Bjugstad,/players/b/bjugssc01.html,RW,24,317,76,68,144,6.2,0
Bob Blackburn,/players/b/blackbo01.html,D,124,135,8,12,20,7.4,0
Tom Bladon,/players/b/bladoto01.html,D,135,610,73,197,270,52.9,0
Mike Blaisdell,/players/b/blaismi01.html,RW,76,343,70,84,154,6.2,0
Joseph Blandisi,/players/b/blandjo01.html,C,6,80,8,18,26,1.4,0
Teddy Blueger,/players/b/bluegte01.html,C,28,28,6,4,10,1.3,0
Eric Boguniecki,/players/b/boguner01.html,C,38,178,34,42,76,8.3,0
Patrick Boileau,/players/b/boilepa01.html,D,16,48,5,11,16,1.8,0
Leo Boivin*,/players/b/boivile01.html,D,114,1150,72,250,322,69.6,0
Brian Bonin,/players/b/boninbr01.html,C,5,12,0,0,0,-0.4,0
Nick Bonino,/players/b/boninni01.html,C,143,559,104,143,247,24.6,0
Dennis Bonvie,/players/b/bonvide01.html,RW,31,92,1,2,3,-0.7,0
Robert Bortuzzo,/players/b/borturo01.html,D,113,335,14,38,52,14.0,0
Joel Bouchard,/players/b/bouchjo01.html,D,7,364,22,53,75,15.1,0
Philippe Boucher,/players/b/bouchph01.html,D,25,748,94,206,300,65.7,0
Bob Boughner,/players/b/boughbo01.html,D,69,630,15,57,72,22.7,0
Chris Bourque,/players/b/bourqch01.html,LW,20,51,2,6,8,-0.4,0
Zach Boychuk,/players/b/boychza01.html,C,7,127,12,18,30,2.3,0
Randy Boyd,/players/b/boydra01.html,D,84,257,20,67,87,13.4,0
Matt Bradley,/players/b/bradlma01.html,RW,82,675,59,90,149,8.1,0
Derick Brassard,/players/b/brassde01.html,C,54,786,176,275,451,45.9,0
Tim Brent,/players/b/brentti01.html,C,1,207,21,27,48,3.1,0
Andy Brickley,/players/b/brickan01.html,LW/C,95,385,82,140,222,12.5,0
Michel Briere,/players/b/briermi01.html,C,76,76,12,32,44,2.8,0
Doug Brown,/players/b/browndo01.html,RW,77,854,160,214,374,28.0,0
Greg Brown,/players/b/browngr01.html,D,36,94,4,14,18,2.6,0
Kelly Buchberger,/players/b/buchbke01.html,RW,71,1182,105,204,309,3.0,0
Ted Bulley,/players/b/bullete01.html,LW,26,414,101,113,214,13.3,0
Charlie Burns,/players/b/burnsch01.html,C,76,749,106,198,304,13.2,0
Robin Burns,/players/b/burnsro01.html,LW,41,190,31,38,69,1.1,0
Sven Butenschön,/players/b/butensv01.html,D,33,140,2,12,14,2.4,0
Eric Cairns,/players/c/cairner01.html,D,28,457,10,32,42,8.2,0
Jock Callander,/players/c/callajo01.html,RW,101,109,22,29,51,1.8,0
Dave Capuano,/players/c/capuada01.html,LW,6,104,17,38,55,2.9,0
Luca Caputi,/players/c/caputlu01.html,LW,9,35,3,6,9,0.3,0
Steve Cardwell,/players/c/cardwst01.html,LW,53,53,9,11,20,0.9,0
Gene Carr,/players/c/carrge01.html,C,70,465,79,136,215,11.0,0
Tom Cassidy,/players/c/cassito01.html,C,26,26,3,4,7,0.0,0
Jay Caufield,/players/c/caufija01.html,RW,194,208,5,8,13,-4.3,0
Todd Charlesworth,/players/c/charlto01.html,D,86,93,3,9,12,1.7,0
Marc Chorney,/players/c/chornma01.html,D,139,210,8,27,35,5.8,0
Taylor Chorney,/players/c/chornta01.html,D,7,166,4,18,22,4.3,0
Tom Chorske,/players/c/chorsto01.html,LW,33,596,115,122,237,16.3,0
Erik Christensen,/players/c/chriser01.html,C,143,387,68,95,163,14.7,0
Jeff Christian,/players/c/chrisje01.html,LW,15,18,2,2,4,-0.1,0
Jeff Chychrun,/players/c/chychje01.html,D,18,262,3,22,25,8.5,0
Kim Clackson,/players/c/clackki01.html,D,45,106,0,8,8,3.2,0
Adam Clendening,/players/c/clendad01.html,D,9,90,4,20,24,5.1,0
Blake Comeau,/players/c/comeabl01.html,RW,61,797,128,175,303,24.2,0
Mike Comrie,/players/c/comrimi01.html,C,21,589,168,197,365,38.1,0
Chris Conner,/players/c/connech01.html,RW,87,180,22,28,50,4.2,0
Rene Corbet,/players/c/corbere01.html,LW,47,362,58,74,132,10.5,0
Frank Corrado,/players/c/corrafr01.html,D,7,76,3,5,8,0.3,0
Mike Corrigan,/players/c/corrimi01.html,LW,98,594,152,195,347,23.3,0
Jacques Cossette,/players/c/cosseja01.html,RW,64,64,8,6,14,-0.2,0
Ryan Craig,/players/c/craigry01.html,C,6,198,32,31,63,3.9,0
Cory Cross,/players/c/crossco01.html,D,6,659,34,97,131,32.7,0
Bruce Crowder,/players/c/crowdbr01.html,RW,26,243,47,51,98,4.1,0
Greg Crozier,/players/c/crozigr01.html,LW,1,1,0,0,0,0.0,0
Matt D'Agostini,/players/d/dagosma01.html,RW,8,324,52,55,107,9.4,0
Chris Dahlquist,/players/d/dahlqch01.html,D,195,532,19,71,90,18.6,0
Alexandre Daigle,/players/d/daiglal02.html,C,33,616,129,198,327,25.8,0
J.J. Daigneault,/players/d/daignjj01.html,D,66,899,53,197,250,48.9,0
Trevor Daley,/players/d/daleytr01.html,D,109,1015,89,213,302,62.2,0
Jeff Daniels,/players/d/danieje01.html,LW,134,425,17,26,43,-3.1,0
Kim Davis,/players/d/daviski01.html,C,34,36,5,7,12,0.1,0
Billy Dea,/players/d/deabi01.html,LW,139,397,67,54,121,4.9,0
Jean-Sebastien Dea,/players/d/deaje01.html,C,9,29,5,2,7,0.9,0
Nelson Debenedet,/players/d/debenne01.html,LW,31,46,10,4,14,0.5,0
Dean Defazio,/players/d/defazde01.html,LW,22,22,0,2,2,-0.6,0
Gilbert Delorme,/players/d/delorgi01.html,D,54,541,31,92,123,28.4,0
Ab DeMarco,/players/d/demarab02.html,D,42,344,44,80,124,26.6,0
Larry DePalma,/players/d/depalla01.html,LW,7,148,21,20,41,-0.1,0
Simon Despres,/players/d/desprsi01.html,D,144,193,6,37,43,11.0,0
Bob Dillabough,/players/d/dillabo01.html,C,61,283,32,54,86,0.9,0
Gord Dineen,/players/d/dineego01.html,D,117,528,16,90,106,18.0,0
Bobby Dollas,/players/d/dollabo01.html,D,75,646,42,96,138,34.3,0
Robert Dome,/players/d/domero01.html,RW,52,53,7,7,14,1.0,0
Shean Donovan,/players/d/donovsh01.html,RW,65,951,112,129,241,13.3,0
Steve Downie,/players/d/downist01.html,RW,72,434,76,120,196,20.9,0
Nick Drazenovic,/players/d/drazeni01.html,C,1,12,0,0,0,-0.4,0
Justin Duberman,/players/d/duberju01.html,RW,4,4,0,0,0,-0.1,0
Ron Duguay,/players/d/duguaro01.html,C/RW,53,864,274,346,620,38.6,0
Micki DuPont,/players/d/duponmi01.html,D,3,23,1,3,4,0.4,0
Steve Durbano,/players/d/durbast01.html,D,66,220,13,60,73,13.4,0
Steve Dykstra,/players/d/dykstst01.html,D,65,217,8,32,40,8.0,0
Joe Dziedzic,/players/d/dziedjo01.html,LW,128,130,14,14,28,-0.7,0
Mike Eastwood,/players/e/eastwmi01.html,C,82,783,87,149,236,11.6,0
Andrew Ebbett,/players/e/ebbetan01.html,C,33,224,26,45,71,5.8,0
Darryl Edestrand,/players/e/edestda01.html,D,158,455,34,90,124,27.4,0
Tom Edur,/players/e/edurto01.html,D,58,158,17,70,87,14.8,0
Christian Ehrhoff,/players/e/ehrhoch01.html,D,49,789,74,265,339,67.7,0
Nils Ekman,/players/e/ekmanni01.html,LW,34,264,60,91,151,15.9,0
Shane Endicott,/players/e/endicsh01.html,C,45,45,1,2,3,-1.0,0
Bryan Erickson,/players/e/erickbr01.html,RW,11,351,80,125,205,11.7,0
Pat Falloon,/players/f/fallopa01.html,RW,30,575,143,179,322,25.3,0
Bobby Farnham,/players/f/farnhbo01.html,LW,14,67,8,2,10,1.2,0
Rico Fata,/players/f/fatari01.html,RW,120,230,27,36,63,2.3,0
Ruslan Fedotenko,/players/f/fedotru01.html,LW,145,863,173,193,366,36.4,0
Eric Fehr,/players/f/fehrer01.html,RW,107,652,113,108,221,23.9,0
Tony Feltrin,/players/f/feltrto01.html,D,38,48,3,3,6,1.1,0
Andrew Ference,/players/f/ferenan01.html,D,163,907,43,182,225,43.5,0
Chris Ferraro,/players/f/ferrach01.html,C,46,74,7,9,16,0.5,0
Peter Ferraro,/players/f/ferrape01.html,LW,29,92,9,15,24,1.6,0
Jonathan Filewich,/players/f/filewjo01.html,RW,5,5,0,0,0,-0.2,0
Rusty Fitzgerald,/players/f/fitzgru01.html,C,25,25,2,2,4,0.0,0
John Flesch,/players/f/flescjo01.html,LW,29,124,18,23,41,0.6,0
Ron Flockhart,/players/f/flockro02.html,C,80,453,145,183,328,21.6,0
Dan Focht,/players/f/fochtda01.html,D,64,82,2,6,8,-0.3,0
Bryan Fogarty,/players/f/fogarbr01.html,D,12,156,22,52,74,6.8,0
Corey Foster,/players/f/fosteco01.html,D,11,45,5,6,11,1.2,0
Greg Fox,/players/f/foxgr01.html,D,75,494,14,92,106,21.9,0
Maxim Galanov,/players/g/galanma01.html,D,51,122,8,12,20,3.3,0
Perry Ganchar,/players/g/ganchpe01.html,RW,33,42,3,7,10,-0.3,0
Rob Garner,/players/g/garnero01.html,C,1,1,0,0,0,0.0,0
Steve Gatzos,/players/g/gatzost01.html,RW,89,89,15,20,35,0.6,0
Cameron Gaunce,/players/g/gauncca01.html,D,12,34,2,3,5,1.1,0
Bob Geale,/players/g/gealebo01.html,C,1,1,0,0,0,0.0,0
Brian Gibbons,/players/g/gibbobr02.html,C,41,189,25,42,67,6.4,0
Lee Giffin,/players/g/giffile01.html,RW,27,27,1,3,4,-0.4,0
Ed Gilbert,/players/g/gilbeed01.html,C,45,166,21,31,52,-0.5,0
Stan Gilbertson,/players/g/gilbest01.html,LW,115,428,85,89,174,5.7,0
Randy Gilhen,/players/g/gilhera01.html,C,133,457,55,60,115,-0.7,0
Hal Gill,/players/g/gillha01.html,D,80,1108,36,148,184,48.0,0
Bob Gladney,/players/g/gladnbo01.html,D,13,14,1,5,6,0.8,0
Tanner Glass,/players/g/glassta01.html,LW,115,527,24,45,69,-2.1,0
Marcel Goc,/players/g/gocma01.html,C,55,636,75,113,188,13.2,0
Eric Godard,/players/g/godarer01.html,RW,135,335,6,12,18,-0.6,0
Dave Goertz,/players/g/goertda01.html,D,2,2,0,0,0,0.0,0
Alex Goligoski,/players/g/goligal01.html,D,177,798,76,299,375,66.6,0
Steve Gotaas,/players/g/gotaast01.html,C,36,49,6,9,15,-0.1,0
Pat Graham,/players/g/grahapa01.html,LW,62,103,11,17,28,-0.4,0
Derek Grant,/players/g/grantde01.html,C,25,208,16,29,45,1.8,0
Tuomas Gronman,/players/g/gronmtu01.html,D,22,38,1,3,4,1.7,0
Scott Gruhl,/players/g/gruhlsc01.html,LW,6,20,3,3,6,0.0,0
Erik Gudbranson,/players/g/gudbrer01.html,D,19,467,16,48,64,9.7,0
Nate Guenin,/players/g/guenina01.html,D,2,205,5,23,28,6.7,0
Bill Guerin,/players/g/gueribi01.html,RW,95,1263,429,427,856,94.3,0
Vic Hadfield,/players/h/hadfivi01.html,LW,163,1004,323,389,712,61.4,0
Carl Hagelin,/players/h/hagelca01.html,LW,195,546,93,148,241,26.1,0
Ron Hainsey,/players/h/hainsro01.html,D,16,1068,58,241,299,57.1,0
Anders Hakansson,/players/h/hakanan01.html,LW,62,330,52,46,98,0.9,0
Adam Hall,/players/h/hallad01.html,RW,46,682,69,87,156,5.3,0
Jim Hamilton,/players/h/hamilji01.html,RW,95,95,14,18,32,0.6,0
Scott Harrington,/players/h/harrisc01.html,D,10,152,5,21,26,4.9,0
Billy Harris,/players/h/harribi01.html,C,55,770,126,219,345,22.6,0
Greg Hawgood,/players/h/hawgogr01.html,D,33,474,60,164,224,37.6,0
Shawn Heins,/players/h/heinssh01.html,D,27,125,4,12,16,3.8,0
Bill Hicke,/players/h/hickebi01.html,RW,12,729,168,234,402,30.1,0
Alex Hicks,/players/h/hicksal01.html,LW,113,258,25,54,79,3.8,0
Wayne Hicks,/players/h/hickswa01.html,RW,15,115,13,23,36,0.3,0
Andy Hilbert,/players/h/hilbean01.html,C/LW,19,307,42,62,104,8.4,0
Brian Holzinger,/players/h/holzibr01.html,C,70,547,93,145,238,16.7,0
Tim Horton*,/players/h/hortoti01.html,D,44,1445,115,403,518,131.7,0
Marian Hossa,/players/h/hossama01.html,RW,12,1309,525,609,1134,144.2,0
Greg Hotham,/players/h/hothagr01.html,D,170,230,15,74,89,11.6,0
Jiri Hrdina,/players/h/hrdinji01.html,C,93,250,45,85,130,6.8,0
Tim Hrynewich,/players/h/hryneti01.html,LW,55,55,6,8,14,-0.3,0
Lex Hudson,/players/h/hudsole01.html,D,2,2,0,0,0,0.1,0
Mike Hudson,/players/h/hudsomi01.html,C/LW,40,416,49,87,136,3.1,0
Pat Hughes,/players/h/hughepa01.html,RW,134,573,130,128,258,9.3,0
Dave Hunter,/players/h/hunteda01.html,LW,59,746,133,190,323,11.3,0
Matt Hunwick,/players/h/hunwima01.html,D,42,535,25,94,119,22.6,0
Matt Hussey,/players/h/hussema01.html,C,16,21,2,2,4,0.0,0
Andrew Hutchinson,/players/h/hutchan01.html,D,5,140,12,27,39,5.9,0
Jarome Iginla,/players/i/iginlja01.html,RW,13,1554,625,675,1300,157.9,0
Victor Ignatjev,/players/i/ignatvi01.html,D,11,11,0,1,1,0.0,0
Earl Ingarfield,/players/i/ingarea01.html,C,90,746,179,226,405,29.0,0
Ric Jackman,/players/j/jackmri01.html,D,74,231,19,58,77,8.8,0
John Jakopin,/players/j/jakopjo01.html,D,19,113,1,6,7,1.7,0
Connor James,/players/j/jamesco01.html,RW,14,16,1,0,1,-0.1,0
Arto Javanainen,/players/j/javanar01.html,RW,14,14,4,1,5,0.4,0
Dustin Jeffrey,/players/j/jeffrdu01.html,C,100,131,18,15,33,3.1,0
Andreas Johansson,/players/j/johanan01.html,C,77,377,81,88,169,16.2,0
Mathias Johansson,/players/j/johanma02.html,C,12,58,5,10,15,0.4,0
Adam Johnson,/players/j/johnsad01.html,C,6,6,0,2,2,0.2,0
Greg Johnson,/players/j/johnsgr02.html,C,37,785,145,224,369,26.7,0
Jack Johnson,/players/j/johnsja02.html,D,82,870,67,224,291,49.4,0
Mark Johnson,/players/j/johnsma02.html,C,136,669,203,305,508,30.5,0
Nick Johnson,/players/j/johnsni01.html,RW,10,113,14,23,37,3.1,0
Jussi Jokinen,/players/j/jokinju01.html,C,91,951,191,372,563,57.2,0
Stan Jonathan,/players/j/jonatst01.html,LW,19,411,91,110,201,12.3,0
Ron Jones,/players/j/jonesro01.html,D,25,54,1,4,5,0.7,0
Josh Jooris,/players/j/joorijo01.html,C,9,213,23,32,55,3.7,0
Chris Joseph,/players/j/josepch01.html,D,120,510,39,112,151,21.8,0
Mark Kachowski,/players/k/kachoma01.html,LW,64,64,6,5,11,-0.4,0
Sheldon Kannegiesser,/players/k/kannesh01.html,D,75,366,14,67,81,22.6,0
Ladislav Karabin,/players/k/karabla01.html,LW,9,9,0,0,0,-0.3,0
Dan Kesa,/players/k/kesada01.html,RW,67,139,8,22,30,0.0,0
Rick Kessell,/players/k/kesseri01.html,C,84,135,4,24,28,-1.2,0
Orest Kindrachuk,/players/k/kindror01.html,C,144,508,118,261,379,28.0,0
Petr Klima,/players/k/klimape01.html,W,9,786,313,260,573,46.2,0
Rob Klinkhammer,/players/k/klinkro01.html,LW,10,193,22,21,43,3.8,0
Chuck Kobasew,/players/k/kobasch01.html,RW,33,601,110,100,210,19.7,0
Konstantin Koltsov,/players/k/koltsko01.html,RW,144,144,12,26,38,0.0,0
George Konik,/players/k/konikge01.html,D/LW,52,52,7,8,15,3.8,0
Chris Kontos,/players/k/kontoch01.html,LW/C,67,230,54,69,123,6.5,0
Tom Kostopoulos,/players/k/kostoto01.html,RW,79,630,61,96,157,7.4,0
Frantisek Kucera,/players/k/kucerfr01.html,D,7,465,24,95,119,27.9,0
Tom Kuhnhackl,/players/k/kuhnhto01.html,RW,168,204,15,33,48,2.9,0
Joel Kwiatkowski,/players/k/kwiatjo01.html,D,1,282,16,29,45,8.2,0
Jim Kyte,/players/k/kyteji01.html,D,57,598,17,49,66,15.3,0
Yvon Labre,/players/l/labreyv01.html,D,37,371,14,87,101,16.4,0
Dan LaCouture,/players/l/lacouda01.html,LW,137,337,20,25,45,-0.2,0
Pete Laframboise,/players/l/lafrape01.html,LW/C,35,227,33,55,88,1.7,0
Jean-Guy Lagace,/players/l/lagacje01.html,D,106,197,9,39,48,7.7,0
Ron Lalonde,/players/l/lalonro01.html,C,106,397,45,78,123,0.9,0
Mitch Lamoureux,/players/l/lamoumi01.html,C,70,73,11,9,20,0.0,0
Ted Lanyon,/players/l/lanyote01.html,D,5,5,0,0,0,0.3,0
Maxim Lapierre,/players/l/lapiema01.html,C,35,614,65,74,139,7.4,0
Georges Laraque,/players/l/laraqge01.html,RW,88,695,53,100,153,11.4,0
Brad Lauer,/players/l/lauerbr01.html,LW,21,323,44,67,111,3.0,0
Janne Laukkanen,/players/l/laukkja01.html,D,125,407,22,99,121,24.3,0
Kevin LaVallee,/players/l/lavalke01.html,LW,33,366,110,125,235,13.8,0
Jamie Leach,/players/l/leachja01.html,RW,60,81,11,9,20,-0.2,0
Stephen Leach,/players/l/leachst01.html,RW,56,702,130,153,283,14.1,0
Patrick Lebeau,/players/l/lebeapa01.html,LW,8,15,3,2,5,0.3,0
Bill Lecaine,/players/l/lecaibi01.html,LW,4,4,0,0,0,-0.1,0
John LeClair,/players/l/leclajo01.html,LW,94,967,406,413,819,98.7,0
Doug Lecuyer,/players/l/lecuydo01.html,LW,12,126,11,31,42,-0.2,0
Guillaume Lefebvre,/players/l/lefebgu01.html,LW,21,39,2,4,6,0.0,0
Petteri Lehto,/players/l/lehtope01.html,D,6,6,0,0,0,0.0,0
Bobby Leiter,/players/l/leitebo01.html,C,78,447,98,126,224,13.0,0
Alain Lemieux,/players/l/lemieal01.html,C,1,119,28,44,72,3.5,0
Jordan Leopold,/players/l/leopojo01.html,D,20,695,67,147,214,43.5,0
Francois Leroux,/players/l/leroufr01.html,D,165,249,3,20,23,3.2,0
Mark Letestu,/players/l/letesma01.html,C,85,560,93,117,210,18.0,0
Pierre-Luc Letourneau-Leblond,/players/l/letoupi01.html,RW,1,41,0,3,3,-0.1,0
Nick Libett,/players/l/libetni01.html,LW,121,982,237,268,505,31.2,0
Willy Lindstrom,/players/l/lindswi01.html,RW,131,582,161,162,323,18.8,0
Richard Lintner,/players/l/lintnri01.html,D,19,112,8,12,20,3.9,0
Ben Lovejoy,/players/l/lovejbe01.html,D,184,544,20,81,101,25.6,0
Darren Lowe,/players/l/loweda01.html,RW,8,8,1,2,3,0.0,0
Bernie Lukowich,/players/l/lukowbe01.html,RW,53,79,13,15,28,1.2,0
Brian Lundberg,/players/l/lundbbr01.html,D,1,1,0,0,0,0.0,0
Ross Lupaschuk,/players/l/lupasro01.html,D,3,3,0,0,0,-0.2,0
Gilles Lupien,/players/l/lupiegi01.html,D,31,226,5,25,30,11.6,0
Jack Lynch,/players/l/lynchja01.html,D,64,382,24,106,130,13.7,0
Steve Lyon,/players/l/lyonst01.html,D/RW,3,3,0,0,0,0.1,0
Steve MacIntyre,/players/m/macinst01.html,LW,13,91,2,2,4,-0.2,0
Norm Maciver,/players/m/macivno01.html,D,45,501,55,230,285,36.0,0
Rick MacLeish,/players/m/macleri01.html,C,46,846,349,410,759,66.5,0
Al MacNeil,/players/m/macneal01.html,D,74,524,17,75,92,36.2,0
Pete Mahovlich,/players/m/mahovpe01.html,C,117,883,288,485,773,68.9,0
Kent Manderville,/players/m/mandeke01.html,C,86,646,37,67,104,-0.1,0
Jimmy Mann,/players/m/mannji01.html,RW,9,293,10,20,30,-5.8,0
Paul Marshall,/players/m/marshpa01.html,LW,59,95,15,18,33,0.7,0
Dwight Mathiasen,/players/m/mathidw01.html,RW,33,33,1,7,8,-0.6,0
Dick Mattiussi,/players/m/mattidi01.html,D/LW,44,200,8,31,39,9.1,0
Bryan Maxwell,/players/m/maxwebr01.html,D,89,330,18,77,95,16.7,0
Pat Mayer,/players/m/mayerpa01.html,D,1,1,0,0,0,0.0,0
Gary McAdam,/players/m/mcadaga01.html,LW,140,528,94,132,226,9.4,0
Andrew McBain,/players/m/mcbaian01.html,RW,41,608,129,172,301,12.4,0
Dunc McCallum,/players/m/mccaldu01.html,D,185,187,14,35,49,10.5,0
Jared McCann,/players/m/mccanja01.html,C,32,244,38,50,88,8.0,0
Kevin McCarthy,/players/m/mccarke01.html,D,95,537,67,191,258,36.7,0
Kevin McClelland,/players/m/mccleke01.html,RW,72,588,68,112,180,-1.2,0
Ab McDonald,/players/m/mcdonab01.html,LW,74,762,182,248,430,35.4,0
Colin McDonald,/players/m/mcdonco01.html,RW,5,148,20,26,46,3.4,0
Joe McDonnell,/players/m/mcdonjo01.html,D,43,50,2,10,12,1.2,0
Al McDonough,/players/m/mcdonal01.html,RW,152,237,73,88,161,13.8,0
Shawn McEachern,/players/m/mceacsh01.html,RW,170,911,256,323,579,55.8,0
Jim McGeough,/players/m/mcgeoji01.html,C,42,57,7,10,17,-0.1,0
Jay McKee,/players/m/mckeeja01.html,D,62,802,21,104,125,37.3,0
Greg McKegg,/players/m/mckeggr01.html,C,26,132,13,11,24,1.5,0
Steve McKenna,/players/m/mckenst01.html,LW,162,373,18,14,32,-1.2,0
Brian McKenzie,/players/m/mckenbr01.html,LW,6,6,1,1,2,0.0,0
Jim McKenzie,/players/m/mckenji02.html,LW,50,880,48,52,100,-6.8,0
Dave McLlwain,/players/m/mcllwda01.html,C/RW,108,501,100,107,207,7.9,0
Mike McMahon,/players/m/mcmahmi02.html,D,12,224,15,68,83,15.8,0
Bob McManama,/players/m/mcmanbo01.html,C,99,99,11,25,36,0.7,0
Marty McSorley,/players/m/mcsorma01.html,D/RW,134,961,108,251,359,46.5,0
Mike Meeker,/players/m/meekemi01.html,RW,4,4,0,0,0,-0.1,0
Jayson Megna,/players/m/megnaja01.html,C,48,113,10,10,20,1.1,0
Ron Meighan,/players/m/meighro01.html,D,41,48,3,7,10,1.8,0
Eric Meloche,/players/m/melocer01.html,RW,61,74,9,11,20,0.8,0
Zbynek Michalek,/players/m/michazb01.html,D,135,784,42,136,178,39.8,0
Kevin Miller,/players/m/milleke02.html,C,13,620,150,185,335,24.8,0
Kip Miller,/players/m/milleki01.html,C,154,449,74,165,239,19.2,0
Chris Minard,/players/m/minarch01.html,C,35,40,2,4,6,0.1,0
Dmitri Mironov,/players/m/mirondm01.html,D,87,556,54,206,260,44.2,0
Carl Mokosak,/players/m/mokosca01.html,LW,3,83,11,15,26,0.1,0
Hartland Monahan,/players/m/monahha01.html,RW,7,334,61,80,141,4.6,0
Dominic Moore,/players/m/mooredo01.html,C,59,897,106,176,282,19.2,0
Jim Morrison,/players/m/morriji01.html,D,132,704,40,161,201,52.6,0
Brenden Morrow,/players/m/morrobr01.html,LW,15,991,265,310,575,66.4,0
Kael Mouillierat,/players/m/mouilka01.html,LW,1,7,1,1,2,0.1,0
Glenn Mulvenna,/players/m/mulvegl01.html,C,1,2,0,0,0,-0.1,0
Paul Mulvey,/players/m/mulvepa01.html,LW,27,225,30,51,81,1.1,0
Craig Muni,/players/m/municr01.html,D,64,819,28,119,147,42.9,0
Matt Murley,/players/m/murlema01.html,LW,59,62,2,7,9,-0.7,0
Douglas Murray,/players/m/murrado01.html,D,14,518,7,57,64,19.2,0
Glen Murray,/players/m/murragl01.html,RW,135,1009,337,314,651,69.9,0
Troy Murray,/players/m/murratr01.html,C,13,915,230,354,584,37.5,0
Markus Naslund,/players/n/nasluma02.html,LW,151,1117,395,474,869,95.5,0
Alain Nasreddine,/players/n/nasreal01.html,D,56,74,1,4,5,2.2,0
Pat Neaton,/players/n/neatopa01.html,D,9,9,1,1,2,0.6,0
Petr Nedved,/players/n/nedvepe01.html,C,154,982,310,407,717,65.1,0
Mike Needham,/players/n/needhmi01.html,RW,81,86,9,5,14,-0.7,0
Todd Nelson,/players/n/nelsoto01.html,D,1,3,1,0,1,0.3,0
Ville Nieminen,/players/n/niemivi01.html,LW,88,385,48,69,117,8.4,0
Ted Nolan,/players/n/nolante01.html,C,18,78,6,16,22,-0.5,0
Simon Nolet,/players/n/noletsi01.html,RW,39,562,150,182,332,25.4,0
Niklas Nordgren,/players/n/nordgni01.html,LW,15,58,4,2,6,-0.1,0
Joe Noris,/players/n/norisjo01.html,C/D,35,55,2,5,7,-1.1,0
Jeff Norton,/players/n/nortoje01.html,D,32,799,52,332,384,56.2,0
Hank Nowak,/players/n/nowakha01.html,LW,13,180,26,29,55,0.2,0
Tom O'Regan,/players/o/oregato01.html,C/D,61,61,5,12,17,-0.3,0
Cal O'Reilly,/players/o/oreilca01.html,C,6,145,16,33,49,3.4,0
Lyle Odelein,/players/o/odelely01.html,D,27,1056,50,202,252,60.4,0
Roman Oksiuta,/players/o/oksiuro01.html,RW,7,153,46,41,87,6.7,0
Fredrik Olausson,/players/o/olausfr01.html,D,127,1022,147,434,581,89.0,0
Ed Olczyk,/players/o/olczyed01.html,C,68,1031,342,452,794,60.5,0
Jamie Oleksiak,/players/o/oleksja01.html,D,83,244,15,33,48,8.7,0
Steven Oleksy,/players/o/oleksst01.html,D,11,73,3,17,20,4.7,0
Krzysztof Oliwa,/players/o/oliwakr01.html,LW,83,410,17,28,45,0.7,0
Michel Ouellet,/players/o/ouellmi01.html,RW,123,190,52,64,116,12.6,0
Dennis Owchar,/players/o/owchade01.html,D,168,288,30,85,115,15.8,0
Jim Paek,/players/p/paekji01.html,D,170,217,5,29,34,7.5,0
Wilf Paiement,/players/p/paiemwi01.html,RW,23,946,356,458,814,59.5,0
Ziggy Palffy,/players/p/palffzi01.html,RW,42,684,329,384,713,88.0,0
Richard Park,/players/p/parkri01.html,RW,112,738,102,139,241,16.6,0
Ed Patterson,/players/p/patteed01.html,RW,68,68,3,3,6,-1.7,0
Adam Payerl,/players/p/payerad01.html,C,2,2,0,0,0,-0.1,0
Mel Pearson,/players/p/pearsme01.html,LW,2,38,2,6,8,-0.4,0
Tanner Pearson,/players/p/pearsta01.html,LW,44,388,87,83,170,20.1,0
Barry Pederson,/players/p/pederba01.html,C,84,701,238,416,654,47.7,0
David Perron,/players/p/perroda01.html,LW,86,779,198,292,490,54.3,0
Janne Pesonen,/players/p/pesonja01.html,LW,7,7,0,0,0,-0.2,0
Toby Petersen,/players/p/peterto01.html,C,91,398,33,48,81,2.8,0
Ronald Petrovicky,/players/p/petroro02.html,RW,31,342,41,51,92,5.9,0
Marcus Pettersson,/players/p/pettema01.html,D,57,106,3,26,29,6.1,0
Alexandre Picard,/players/p/picaral01.html,D,17,253,19,50,69,12.0,0
Lasse Pirjeta,/players/p/pirjela01.html,C,38,146,23,27,50,5.2,0
Domenic Pittis,/players/p/pittido01.html,C,1,86,5,11,16,0.3,0
Sergei Plotnikov,/players/p/plotnse01.html,LW,32,45,0,3,3,-0.6,0
Steve Poapst,/players/p/poapsst01.html,D,21,307,8,28,36,8.8,0
Alexei Ponikarovsky,/players/p/ponikal01.html,LW,16,678,139,184,323,33.2,0
Peter Popovic,/players/p/popovpe01.html,D,54,485,10,63,73,18.5,0
Kevin Porter,/players/p/porteke01.html,C,43,249,29,29,58,2.8,0
Corey Potter,/players/p/potteco01.html,D,1,130,8,24,32,5.9,0
Derrick Pouliot,/players/p/poulide01.html,D,67,200,8,40,48,6.6,0
Kelly Pratt,/players/p/prattke01.html,RW,22,22,0,6,6,-0.2,0
Tracy Pratt,/players/p/pratttr01.html,D,83,580,17,97,114,27.6,0
Dean Prentice,/players/p/prentde01.html,LW,144,1378,391,469,860,72.2,0
Noel Price,/players/p/priceno01.html,D,143,500,14,114,128,29.4,0
Pat Price,/players/p/pricepa01.html,D,128,726,43,218,261,46.8,0
Tom Price,/players/p/priceto01.html,D,19,29,0,2,2,0.1,0
Ken Priestlay,/players/p/prieske01.html,C,51,168,27,34,61,1.9,0
Wayne Primeau,/players/p/primewa01.html,C,131,774,69,125,194,5.4,0
Sean Pronger,/players/p/prongse01.html,C,7,260,23,36,59,1.4,0
Jamie Pushor,/players/p/pushoja01.html,D,91,521,14,46,60,17.4,0
Taylor Pyatt,/players/p/pyattta01.html,LW,34,859,140,140,280,24.8,0
Mike Ramsey,/players/r/ramsemi01.html,D,77,1070,79,266,345,77.4,0
Ryan Reaves,/players/r/reavery01.html,RW,58,578,40,41,81,4.8,0
Dylan Reese,/players/r/reesedy01.html,D,3,78,3,14,17,2.7,0
Stephane Richer,/players/r/richest02.html,RW,58,1054,421,398,819,77.6,0
Juuso Riikola,/players/r/riikoju01.html,D,37,37,2,3,5,1.2,0
Gary Rissling,/players/r/risslga01.html,LW,184,221,23,30,53,0.4,0
Jani Rita,/players/r/ritaja01.html,LW,30,66,9,5,14,1.1,0
Bob Rivard,/players/r/rivarbo01.html,C/LW,27,27,5,12,17,1.3,0
René Robert,/players/r/roberre01.html,RW,49,744,284,418,702,59.6,0
Gary Roberts,/players/r/roberga01.html,LW,57,1224,438,472,910,91.9,0
Gordie Roberts,/players/r/robergo02.html,D,134,1097,61,359,420,68.9,0
Luc Robitaille*,/players/r/robitlu01.html,LW,46,1431,668,726,1394,138.6,0
Randy Robitaille,/players/r/robitra01.html,C,81,531,84,172,256,20.7,0
Dave Roche,/players/r/rocheda02.html,LW,132,171,15,15,30,-1.2,0
Tom Roulston,/players/r/roulsto01.html,C/RW,58,195,47,49,96,3.6,0
Mike Rowe,/players/r/rowemi01.html,D,11,11,0,0,0,-0.2,0
Carter Rowney,/players/r/rowneca01.html,RW,71,133,12,20,32,1.7,0
Andre Roy,/players/r/royan01.html,RW,47,515,35,33,68,4.3,0
Chad Ruhwedel,/players/r/ruhwech01.html,D,96,129,5,14,19,3.5,0
Mike Rupp,/players/r/ruppmi01.html,C,162,610,54,45,99,6.5,0
Terry Ruskowski,/players/r/ruskote01.html,C,142,629,113,313,426,20.5,0
Jarkko Ruutu,/players/r/ruutuja01.html,RW,152,652,58,84,142,7.7,0
Rocky Saganiuk,/players/s/saganro01.html,RW/C,29,259,57,65,122,4.8,0
Kjell Samuelsson,/players/s/samuekj01.html,D,183,813,48,138,186,49.2,0
Mikael Samuelsson,/players/s/samuemi01.html,RW,22,699,149,197,346,35.7,0
Philip Samuelsson,/players/s/samueph01.html,D,5,13,0,0,0,-0.1,0
Derek Sanderson,/players/s/sandede01.html,C,13,598,202,250,452,40.9,0
Tomas Sandstrom,/players/s/sandsto01.html,RW,172,983,394,462,856,71.4,0
Grant Sasser,/players/s/sassegr01.html,C,3,3,0,0,0,-0.1,0
Miroslav Satan,/players/s/satanmi01.html,LW,65,1050,363,372,735,82.3,0
Glen Sather*,/players/s/sathegl01.html,LW,122,658,80,113,193,3.4,0
Ryan Savoia,/players/s/savoiry01.html,C,3,3,0,0,0,-0.1,0
Norm Schmidt,/players/s/schmino01.html,D,125,125,23,33,56,9.4,0
Dwight Schofield,/players/s/schofdw01.html,D,25,211,8,22,30,8.7,0
Dave Schultz,/players/s/schulda01.html,LW,113,535,79,121,200,7.7,0
Justin Schultz,/players/s/schulju01.html,D,188,436,47,155,202,32.6,0
Jeff Serowik,/players/s/serowje01.html,D,26,28,0,6,6,0.7,0
Tom Sestito,/players/s/sestito01.html,LW,17,154,10,11,21,0.9,0
Eddie Shack,/players/s/shacked01.html,LW,87,1047,239,226,465,30.7,0
Riley Sheahan,/players/s/sheahri01.html,C,122,447,58,91,149,10.3,0
Conor Sheary,/players/s/shearco01.html,LW,184,262,62,65,127,13.9,0
Jim Shires,/players/s/shireji01.html,LW,18,56,3,6,9,-1.3,0
Zach Sill,/players/s/sillza01.html,C,62,93,2,3,5,-1.0,0
Jon Sim,/players/s/simjo01.html,LW,15,469,75,64,139,11.3,0
Roman Simicek,/players/s/simicro01.html,C,29,63,7,10,17,1.0,0
Charlie Simmer,/players/s/simmech01.html,LW,50,712,342,369,711,60.5,0
Dominik Simon,/players/s/simondo01.html,C,109,109,12,30,42,3.4,0
Bobby Simpson,/players/s/simpsbo01.html,LW,30,175,35,29,64,2.7,0
Craig Simpson,/players/s/simpscr01.html,LW,169,634,247,250,497,39.2,0
Reid Simpson,/players/s/simpsre01.html,LW,2,301,18,18,36,0.8,0
Michal Sivek,/players/s/sivekmi01.html,C,38,38,3,3,6,0.0,0
Martin Skoula,/players/s/skoulma01.html,D,33,776,44,152,196,45.0,0
Pavel Skrbek,/players/s/skrbepa01.html,D,4,12,0,0,0,0.2,0
John Slaney,/players/s/slanejo01.html,D,29,268,22,69,91,14.8,0
Doug Smith,/players/s/smithdo03.html,C,10,535,115,138,253,8.7,0
Nathan Smith,/players/s/smithna02.html,C,13,26,0,0,0,-0.6,0
Trevor Smith,/players/s/smithtr01.html,C,1,107,9,11,20,0.7,0
Bryan Smolinski,/players/s/smolibr01.html,C,81,1056,274,377,651,63.6,0
Carl Sneep,/players/s/sneepca01.html,D,1,1,0,1,1,0.2,0
Ron Snell,/players/s/snellro01.html,RW,7,7,3,2,5,0.6,0
Ted Snell,/players/s/snellte01.html,RW,55,104,7,18,25,-1.1,0
Martin Sonnenberg,/players/s/sonnema01.html,LW,58,63,2,3,5,0.0,0
Nick Spaling,/players/s/spalini01.html,C,82,437,52,72,124,7.5,0
Bill Speer,/players/s/speerbi01.html,D,102,130,5,20,25,6.6,0
Brian Spencer,/players/s/spencbr01.html,LW,86,553,80,143,223,8.1,0
Daniel Sprong,/players/s/spronda01.html,RW,42,89,18,10,28,2.5,0
Andre St. Laurent,/players/s/stlauan01.html,C,96,644,129,187,316,17.9,0
Mike Stapleton,/players/s/staplmi01.html,C,136,697,71,111,182,1.7,0
Lee Stempniak,/players/s/stemple01.html,RW,21,911,203,266,469,47.5,0
Brett Sterling,/players/s/sterlbr01.html,LW,7,30,5,4,9,0.6,0
Bob Stewart,/players/s/stewabo01.html,D,65,575,27,101,128,19.1,0
John Stewart,/players/s/stewajo01.html,LW,40,258,58,60,118,6.3,0
Karl Stewart,/players/s/stewaka01.html,LW,3,69,2,4,6,-0.5,0
Alek Stojanov,/players/s/stojaal01.html,RW,45,107,2,5,7,-2.7,0
Ryan Stone,/players/s/stonery01.html,C,8,35,0,7,7,0.2,0
Blaine Stoughton,/players/s/stougbl01.html,RW,34,526,258,191,449,34.9,0
Brian Strait,/players/s/straibr01.html,D,12,187,6,23,29,4.9,0
Art Stratton,/players/s/stratar01.html,C/LW,58,95,18,33,51,3.4,0
Martin Strbak,/players/s/strbama01.html,D,44,49,5,11,16,2.3,0
Mark Streit,/players/s/streima01.html,D,19,786,96,338,434,67.3,0
Bob Stumpf,/players/s/stumpbo01.html,RW/D,3,10,1,1,2,-0.1,0
Steve Sullivan,/players/s/sullist01.html,RW,79,1011,290,457,747,81.2,0
Oskar Sundqvist,/players/s/sundqos01.html,C,28,144,16,24,40,2.5,0
Tomas Surovy,/players/s/surovto01.html,C,126,126,27,32,59,5.2,0
Rich Sutter,/players/s/sutteri01.html,RW,9,874,149,166,315,12.9,0
Garry Swain,/players/s/swainga01.html,C,9,9,1,1,2,0.0,0
George Swarbrick,/players/s/swarbge01.html,RW,31,132,17,25,42,0.8,0
Darryl Sydor,/players/s/sydorda01.html,D,82,1291,98,409,507,94.0,0
Petr Sykora,/players/s/sykorpe01.html,RW,157,1017,323,398,721,82.9,0
Jeff Taffe,/players/t/taffeje01.html,C,53,180,21,25,46,3.1,0
Peter Taglianetti,/players/t/taglipe01.html,D,167,451,18,74,92,20.8,0
Dale Tallon,/players/t/talloda01.html,D,95,642,98,238,336,47.5,0
Eric Tangradi,/players/t/tangrer01.html,C,45,150,5,11,16,-1.2,0
Tony Tanti,/players/t/tantito01.html,RW,83,697,287,273,560,43.4,0
Dick Tarnstrom,/players/t/tarnsdi01.html,D,174,306,35,105,140,18.4,0
Mark Taylor,/players/t/tayloma01.html,C,106,209,42,68,110,5.2,0
Greg Tebbutt,/players/t/tebbugr01.html,D,24,26,0,3,3,-0.4,0
Bill Thomas,/players/t/thomabi01.html,RW,16,87,16,12,28,2.4,0
Errol Thompson,/players/t/thomper01.html,LW,34,599,208,185,393,30.9,0
Chris Thorburn,/players/t/thorbch01.html,RW,39,801,53,81,134,5.3,0
Tom Thornbury,/players/t/thornto01.html,D,14,14,1,8,9,0.1,0
Billy Tibbetts,/players/t/tibbebi01.html,RW,62,82,2,8,10,-1.0,0
Dave Tippett,/players/t/tippeda01.html,LW,74,721,93,169,262,7.2,0
German Titov,/players/t/titovge01.html,LW,135,624,157,220,377,35.5,0
Rick Tocchet,/players/t/tocchri01.html,RW,150,1144,440,512,952,85.8,0
Jeff Toms,/players/t/tomsje01.html,C,14,236,22,33,55,2.1,0
Tim Tookey,/players/t/tooketi01.html,C,8,106,22,36,58,2.3,0
Dan Trebil,/players/t/trebida01.html,D,19,85,4,4,8,2.3,0
Zach Trotman,/players/t/trotmza01.html,D,16,83,3,10,13,2.9,0
Bryan Trottier*,/players/t/trottbr01.html,C,156,1279,524,901,1425,120.2,0
Ian Turnbull,/players/t/turnbia01.html,D,6,628,123,317,440,63.0,0
Gene Ubriaco,/players/u/ubriage01.html,LW/C,114,177,39,35,74,5.0,0
Dominik Uher,/players/u/uherdo01.html,C,2,2,0,0,0,-0.1,0
Garry Valk,/players/v/valkga01.html,RW,56,777,100,156,256,13.3,0
Wayne Van Dorp,/players/v/vandowa01.html,LW,25,125,12,12,24,-0.5,0
Ed Van Impe,/players/v/vanimed01.html,D,22,703,27,126,153,46.8,0
Ryan VandenBussche,/players/v/vandery01.html,RW,20,310,10,10,20,-2.0,0
Joe Vitale,/players/v/vitaljo01.html,C,163,234,11,33,44,0.8,0
Vladimir Vujtek,/players/v/vujtevl01.html,LW,5,110,7,30,37,0.8,0
Tim Wallace,/players/w/wallati01.html,RW,24,101,4,9,13,-0.3,0
David Warsofsky,/players/w/warsoda01.html,D,19,55,2,9,11,1.6,0
Steve Webb,/players/w/webbst01.html,RW,5,321,5,13,18,-3.1,0
Wally Weir,/players/w/weirwa01.html,D,14,320,21,45,66,13.4,0
Noah Welch,/players/w/welchno01.html,D,27,75,4,5,9,1.6,0
Chris Wells,/players/w/wellsch01.html,C,54,195,9,20,29,-1.6,0
Jim Wiley,/players/w/wileyji01.html,C,26,63,4,10,14,-0.7,0
Barry Wilkins,/players/w/wilkiba01.html,D,134,418,27,125,152,22.0,0
Neil Wilkinson,/players/w/wilkine01.html,D,122,460,16,67,83,14.4,0
Jason Williams,/players/w/willija01.html,C,8,455,94,133,227,22.3,0
Garrett Wilson,/players/w/wilsoga01.html,LW,50,84,2,6,8,-0.4,0
Landon Wilson,/players/w/wilsola02.html,RW,19,375,53,66,119,10.4,0
Mike Wilson,/players/w/wilsomi02.html,D,21,336,16,41,57,17.7,0
Mitch Wilson,/players/w/wilsomi01.html,C,17,26,2,3,5,-0.2,0
Scott Wilson,/players/w/wilsosc01.html,C/LW,106,187,19,30,49,2.6,0
Daniel Winnik,/players/w/winnida01.html,C/LW,21,798,82,169,251,18.1,0
Bennett Wolf,/players/w/wolfbe01.html,D,30,30,0,1,1,0.8,0
Jason Woolley,/players/w/woollja01.html,D,57,718,68,246,314,58.9,0
Harry York,/players/y/yorkha01.html,C,2,244,29,46,75,4.1,0
Scott Young,/players/y/youngsc01.html,RW,43,1181,342,415,757,68.3,0
Warren Young,/players/y/youngwa01.html,C,152,236,72,77,149,8.1,0
Rod Zaine,/players/z/zainero01.html,C,37,61,10,6,16,0.1,0
Zarley Zalapski,/players/z/zalapza01.html,D,190,637,99,285,384,51.9,0
Richard Zemlak,/players/z/zemlari01.html,RW,50,133,2,12,14,-2.9,0
Mike Zigomanis,/players/z/zigommi01.html,C,22,197,21,19,40,1.4,0
Harry Zolnierczyk,/players/z/zolniha01.html,LW,13,84,7,6,13,0.3,0
Sergei Zubov*,/players/z/zubovse01.html,D,64,1068,152,619,771,136.8,0
