Jason Bacashihua,/players/b/bacasja01.html,G,38,38,0,1,1,5.3,7
Tom Barrasso,/players/b/barrato01.html,G,6,777,0,48,48,127.8,369
Chris Beckford-Tseu,/players/b/beckfch01.html,G,1,1,0,0,0,0.0,0
Yves Belanger,/players/b/belanyv01.html,G,48,78,0,4,4,8.9,29
Jordan Binnington,/players/b/binnijo01.html,G,33,33,0,0,0,5.9,24
Ben Bishop,/players/b/bishobe01.html,G,13,369,0,10,10,67.8,201
Fred Brathwaite,/players/b/brathfr01.html,G,55,254,0,3,3,35.1,81
Martin Brodeur,/players/b/brodema01.html,G,7,1266,2,45,47,207.0,691
Don Caley,/players/c/caleydo01.html,G,1,1,0,0,0,-0.1,0
Jim Carey,/players/c/careyji01.html,G,4,172,0,1,1,20.5,79
Jacques Caron,/players/c/caronja01.html,G,58,72,0,1,1,9.4,24
Jon Casey,/players/c/caseyjo01.html,G,43,425,0,13,13,61.8,170
Ty Conklin,/players/c/conklty01.html,G,51,215,0,3,3,31.0,96
Pheonix Copley,/players/c/copleph01.html,G,2,29,0,1,1,3.8,16
John Davidson,/players/d/davidjo01.html,G,79,301,0,7,7,42.9,123
Reinhard Divis,/players/d/divisre01.html,G,28,28,0,0,0,1.8,6
Gary Edwards,/players/e/edwarga01.html,G,12,286,0,5,5,36.3,88
Brian Elliott,/players/e/elliobr01.html,G,181,441,0,8,8,68.3,225
Doug Grant,/players/g/grantdo01.html,G,31,77,0,0,0,6.9,27
Gilles Gratton,/players/g/grattgi01.html,G,6,47,0,0,0,3.9,13
Jaroslav Halak,/players/h/halakja01.html,G,159,489,0,10,10,88.8,254
Glenn Hall,/players/h/hallgl01.html,G,140,906,0,9,9,177.6,407
Glen Hanlon,/players/h/hanlogl01.html,G,16,476,0,11,11,76.7,167
Guy Hebert,/players/h/hebergu01.html,G,37,491,0,6,6,92.3,191
Rick Heinz,/players/h/heinzri01.html,G,46,49,0,1,1,5.3,14
Chris Holt,/players/h/holtch01.html,G,1,2,0,0,0,0.1,0
Jim Hrivnak,/players/h/hrivnji01.html,G,23,85,0,5,5,9.5,34
Carter Hutton,/players/h/huttoca01.html,G,62,188,0,4,4,28.9,81
Robbie Irons,/players/i/ironsro01.html,G,1,1,0,0,0,0.0,0
Pat Jablonski,/players/j/jablopa01.html,G,23,128,0,4,4,14.4,28
Bob Johnson,/players/j/johnsbo01.html,G,11,23,0,0,0,2.3,9
Brent Johnson,/players/j/johnsbr02.html,G,143,309,0,10,10,43.2,140
Chad Johnson,/players/j/johnsch02.html,G,10,192,0,3,3,26.4,80
Eddie Johnston,/players/j/johnsed01.html,G,118,592,0,10,10,81.2,236
Patrick Lalime,/players/l/lalimpa01.html,G,31,444,0,6,6,65.5,200
Michel Larocque,/players/l/larocmi01.html,G,5,312,0,17,17,53.7,160
Manny Legace,/players/l/legacma01.html,G,140,365,0,9,9,60.2,187
Seth Martin,/players/m/martise01.html,G,30,30,0,1,1,4.7,9
Chris Mason,/players/m/masonch02.html,G,118,317,1,3,4,50.4,137
Darrell May,/players/m/mayda01.html,G,6,6,0,1,1,0.5,1
Peter McDuffe,/players/m/mcdufpe01.html,G,10,57,0,1,1,5.3,11
Jamie McLennan,/players/m/mclenja01.html,G,82,254,0,3,3,31.5,80
Jim McLeod,/players/m/mcleoji01.html,G,16,16,0,1,1,2.4,6
Ryan Miller,/players/m/millery01.html,G,19,757,0,11,11,146.7,378
Phil Myre,/players/m/myreph01.html,G,83,439,0,8,8,63.3,149
Anders Nilsson,/players/n/nilssan01.html,G,3,141,0,3,3,21.8,50
Chris Osgood,/players/o/osgooch01.html,G,76,744,1,19,20,108.3,401
Ted Ouimet,/players/o/ouimete01.html,G,1,1,0,0,0,0.2,0
Rich Parent,/players/p/parenri01.html,G,11,32,0,0,0,2.5,7
Jacques Plante,/players/p/plantja01.html,G,69,837,0,6,6,173.7,437
Michel Plasse,/players/p/plassmi01.html,G,1,298,0,7,7,36.8,92
Bruce Racine,/players/r/racinbr01.html,G,11,11,0,0,0,0.4,0
Terry Richardson,/players/r/richate01.html,G,1,20,0,1,1,-0.6,3
Vincent Riendeau,/players/r/riendvi01.html,G,122,184,0,4,4,23.9,85
Cody Rudkowsky,/players/r/rudkoco01.html,G,1,1,0,0,0,0.2,1
Curtis Sanford,/players/s/sanfocu01.html,G,73,144,0,1,1,19.7,47
Geoff Sarjeant,/players/s/sarjege01.html,G,4,8,0,1,1,0.2,1
Marek Schwarz,/players/s/schwama01.html,G,6,6,0,0,0,-0.3,0
Paul Skidmore,/players/s/skidmpa01.html,G,2,2,0,0,0,0.5,1
Ed Staniowski,/players/s/stanied01.html,G,137,219,0,9,9,26.0,67
Wayne Stephenson,/players/s/stephwa01.html,G,87,328,0,3,3,57.6,146
Hannu Toivonen,/players/t/toivoha01.html,G,23,61,0,0,0,7.1,18
Roman Turek,/players/t/turekro01.html,G,121,328,0,12,12,48.0,159
Ernie Wakely,/players/w/wakeler01.html,G,111,113,0,2,2,19.4,41
Rick Wamsley,/players/w/wamslri01.html,G,154,407,0,9,9,65.0,204
Jim Watt,/players/w/wattji01.html,G,1,1,0,0,0,0.0,0
Kenny Agostino,/players/a/agostke01.html,LW,7,85,8,22,30,1.9,0
Glenn Anderson*,/players/a/andergl01.html,RW,51,1129,498,601,1099,88.1,0
Perry Anderson,/players/a/anderpe01.html,LW,144,400,50,59,109,-0.2,0
Ron Anderson,/players/a/anderro01.html,RW,59,251,28,30,58,0.0,0
Lou Angotti,/players/a/angotlo01.html,C/RW,51,653,103,186,289,15.2,0
John Arbour,/players/a/arboujo01.html,D,70,106,1,9,10,3.6,0
Derek Armstrong,/players/a/armstde01.html,C,6,477,72,149,221,18.9,0
Jason Arnott,/players/a/arnotja01.html,C,72,1244,417,521,938,106.6,0
Blair Atcheynum,/players/a/atchebl01.html,RW,73,196,27,33,60,3.4,0
Ron Attwell,/players/a/attwero01.html,RW,18,22,1,7,8,-0.1,0
Keith Aucoin,/players/a/aucoike01.html,C,2,145,17,32,49,4.3,0
Don Awrey,/players/a/awreydo01.html,D,95,979,31,158,189,51.0,0
Mitch Babin,/players/b/babinmi01.html,C,8,8,0,0,0,-0.3,0
Ace Bailey,/players/b/bailega01.html,LW,71,568,107,171,278,13.4,0
Bill Baker,/players/b/bakerbi01.html,D,35,143,7,25,32,5.8,0
Ivan Barbashev,/players/b/barbaiv01.html,C,163,163,26,25,51,5.0,0
Normand Baron,/players/b/baronno01.html,LW,23,27,2,0,2,-0.6,0
Dave Barr,/players/b/barrda01.html,RW,150,614,128,204,332,19.9,0
Lubos Bartecko,/players/b/bartelu01.html,LW,149,257,46,65,111,11.7,0
Jeff Batters,/players/b/batteje01.html,D,16,16,0,0,0,0.0,0
Norm Beaudin,/players/b/beaudno01.html,RW,13,25,1,2,3,-0.5,0
Eddy Beers,/players/b/beersed01.html,LW,24,250,94,116,210,14.7,0
Derek Bekar,/players/b/bekarde01.html,LW,1,11,0,0,0,-0.2,0
Bruce Bell,/players/b/bellbr01.html,D,120,209,12,64,76,14.5,0
Beau Bennett,/players/b/bennebe01.html,RW,6,200,24,40,64,5.7,0
Curt Bennett,/players/b/bennecu01.html,LW,159,580,152,182,334,22.5,0
Harvey Bennett,/players/b/benneha02.html,C,52,268,44,46,90,0.9,0
Andre Benoit,/players/b/benoian01.html,D,2,181,11,37,48,8.0,0
Sammy Blais,/players/b/blaissa01.html,LW,43,43,3,4,7,0.3,0
Eric Boguniecki,/players/b/boguner01.html,C,125,178,34,42,76,8.3,0
Christian Bordeleau,/players/b/bordech01.html,C,119,205,38,65,103,7.2,0
Jack Borotsik,/players/b/borotja01.html,C,1,1,0,0,0,0.0,0
Andre Boudrias,/players/b/boudran01.html,LW,50,662,151,340,491,35.6,0
Jesse Boulerice,/players/b/bouleje01.html,RW,12,172,8,2,10,0.1,0
Rick Bourbonnais,/players/b/bourbri01.html,RW,71,71,9,15,24,0.5,0
Charlie Bourgeois,/players/b/bourgch01.html,D,127,290,16,54,70,16.7,0
Rick Bowness,/players/b/bowneri01.html,RW,34,173,18,37,55,-0.8,0
Tyler Bozak,/players/b/bozakty01.html,C,72,666,149,254,403,36.3,0
Steve Bozek,/players/b/bozekst01.html,LW,7,641,164,167,331,17.8,0
Philippe Bozon,/players/b/bozonph01.html,LW,144,144,16,25,41,1.4,0
Curt Brackenbury,/players/b/brackcu01.html,RW,6,141,9,17,26,-2.2,0
Carl Brewer,/players/b/breweca01.html,D,61,604,25,198,223,53.4,0
Aris Brimanis,/players/b/brimaar01.html,D,13,113,2,12,14,2.5,0
Rod Brind'Amour,/players/b/brindro01.html,C,157,1484,452,732,1184,105.7,0
Gord Brooks,/players/b/brookgo01.html,RW,32,70,7,18,25,0.5,0
Paul Broten,/players/b/brotepa01.html,RW,17,322,46,55,101,4.4,0
Troy Brouwer,/players/b/brouwtr01.html,RW,82,838,181,181,362,34.8,0
David Bruce,/players/b/bruceda01.html,LW,12,234,48,39,87,3.5,0
Ron Buchanan,/players/b/bucharo01.html,C,2,5,0,0,0,-0.2,0
Mike Bullard,/players/b/bullami01.html,C,20,727,329,345,674,50.7,0
Valeri Bure,/players/b/bureva01.html,RW,5,621,174,226,400,39.0,0
Chris Butler,/players/b/butlech01.html,D,58,407,14,72,86,17.0,0
Jerry Butler,/players/b/butleje01.html,RW,155,641,99,120,219,5.6,0
Gord Buynak,/players/b/buynago01.html,D,4,4,0,0,0,0.3,0
Craig Cameron,/players/c/camercr01.html,RW,182,552,87,65,152,3.3,0
Scott Campbell,/players/c/campbsc01.html,D,3,80,4,21,25,3.7,0
Guy Carbonneau*,/players/c/carbogu01.html,C,42,1318,260,403,663,44.4,0
Claude Cardin,/players/c/cardicl01.html,LW,1,1,0,0,0,-0.1,0
Jack Carlson,/players/c/carlsja01.html,LW,112,236,30,15,45,-0.7,0
Kent Carlson,/players/c/carlske01.html,D,26,113,7,11,18,5.7,0
Jordan Caron,/players/c/caronjo01.html,RW,4,157,12,16,28,0.9,0
Gene Carr,/players/c/carrge01.html,C,14,465,79,136,215,11.0,0
Blair Chapman,/players/c/chapmbl01.html,RW,175,402,106,125,231,14.2,0
Denis Chasse,/players/c/chassde01.html,RW,92,132,11,14,25,-0.2,0
Vladimir Chebaturkin,/players/c/chebavl01.html,D,22,62,2,7,9,2.7,0
Taylor Chorney,/players/c/chornta01.html,D,2,166,4,18,22,4.3,0
Guy Chouinard,/players/c/chouigu01.html,C,64,578,205,370,575,42.4,0
Dave Christian,/players/c/chrisda01.html,RW,78,1009,340,433,773,54.4,0
Dale Clarke,/players/c/clarkda02.html,D,3,3,0,0,0,0.1,0
Ian Cole,/players/c/coleia01.html,D,167,476,22,90,112,26.5,0
Bill Collins,/players/c/collibi01.html,RW,82,768,157,154,311,16.3,0
Bob Collyard,/players/c/collybo01.html,C,10,10,1,3,4,0.2,0
Wayne Connelly,/players/c/connewa01.html,C,43,543,133,174,307,21.1,0
Daniel Corso,/players/c/corsoda01.html,C,70,77,14,11,25,2.6,0
Shayne Corson,/players/c/corsosh01.html,LW,88,1156,273,420,693,55.0,0
Bruce Cowick,/players/c/cowicbr01.html,LW,5,70,5,6,11,-1.5,0
Craig Coxe,/players/c/coxecr01.html,LW,41,235,14,31,45,-1.8,0
Adam Cracknell,/players/c/crackad01.html,RW,65,210,21,22,43,3.7,0
Bob Crawford,/players/c/crawfbo01.html,RW,38,246,71,71,142,8.0,0
Adam Creighton,/players/c/creigad01.html,C,109,708,187,216,403,27.6,0
Doug Crossman,/players/c/crossdo01.html,D,69,914,105,359,464,67.4,0
Paul Curtis,/players/c/curtipa01.html,D,29,185,3,34,37,6.7,0
Denis Cyr,/players/c/cyrde01.html,RW,40,193,41,43,84,3.6,0
Matt D'Agostini,/players/d/dagosma01.html,RW,160,324,52,55,107,9.4,0
J.J. Daigneault,/players/d/daignjj01.html,D,37,899,53,197,250,48.9,0
Kevin Dallman,/players/d/dallmke01.html,D,46,154,8,23,31,5.1,0
Mike Danton,/players/d/dantomi01.html,C,68,87,9,5,14,0.8,0
Michael Dark,/players/d/darkmi01.html,D,43,43,5,6,11,1.1,0
Michael Del Zotto,/players/d/delzomi01.html,D,7,608,54,167,221,40.6,0
Stefan Della Rovere,/players/d/dellast01.html,LW,7,7,0,0,0,-0.1,0
Gilbert Delorme,/players/d/delorgi01.html,D,118,541,31,92,123,28.4,0
Ab DeMarco,/players/d/demarab02.html,D,37,344,44,80,124,26.6,0
Norm Dennis,/players/d/dennino01.html,C,12,12,3,0,3,0.1,0
Robert Dirk,/players/d/dirkro01.html,D,94,402,13,29,42,18.4,0
Jon DiSalvatore,/players/d/disaljo01.html,RW,5,6,0,0,0,-0.1,0
Ted Donato,/players/d/donatte01.html,LW,2,796,150,197,347,28.6,0
Andre Dore,/players/d/dorean01.html,D,93,257,14,81,95,17.2,0
Aaron Downey,/players/d/downeaa01.html,RW,17,243,8,10,18,0.5,0
Nick Drazenovic,/players/d/drazeni01.html,C,3,12,0,0,0,-0.4,0
Steve Dubinsky,/players/d/dubinst01.html,C,28,375,25,45,70,-0.1,0
Steve Duchesne,/players/d/duchest01.html,D,163,1113,227,525,752,112.7,0
Luc Dufour,/players/d/dufoulu01.html,LW,23,167,23,21,44,0.5,0
Donald Dufresne,/players/d/dufredo01.html,D,25,268,6,36,42,12.2,0
Vince Dunn,/players/d/dunnvi02.html,D,153,153,17,42,59,11.6,0
Denis Dupéré,/players/d/duperde01.html,LW,22,421,80,99,179,9.8,0
Andre Dupont,/players/d/duponan01.html,D,85,810,59,185,244,62.9,0
Micki DuPont,/players/d/duponmi01.html,D,2,23,1,3,4,0.4,0
Steve Durbano,/players/d/durbast01.html,D,98,220,13,60,73,13.4,0
Radek Dvorak,/players/d/dvorara01.html,RW,82,1260,227,363,590,48.5,0
Dallas Eakins,/players/e/eakinda01.html,D,16,120,0,9,9,4.1,0
Darryl Edestrand,/players/e/edestda01.html,D,12,455,34,90,124,27.4,0
Jack Egers,/players/e/egersja01.html,RW,147,284,64,69,133,9.2,0
Todd Elik,/players/e/elikto01.html,C,13,448,110,219,329,24.4,0
Lars Eller,/players/e/ellerla01.html,C,7,685,116,139,255,21.9,0
Dave Ellett,/players/e/elletda01.html,D,52,1129,153,415,568,88.4,0
Kari Eloranta,/players/e/eloraka01.html,D,12,267,13,103,116,17.1,0
Nelson Emerson,/players/e/emersne01.html,RW,165,771,195,293,488,37.4,0
Chris Evans,/players/e/evansch01.html,D,153,241,19,42,61,8.7,0
Doug Evans,/players/e/evansdo01.html,LW,163,355,48,87,135,5.0,0
Shawn Evans,/players/e/evanssh01.html,D,7,9,1,0,1,0.3,0
Todd Ewen,/players/e/ewento01.html,RW,124,518,36,40,76,-4.4,0
Robby Fabbri,/players/f/fabbrro01.html,C,155,155,31,41,72,7.1,0
Bill Fairbairn,/players/f/fairbbi01.html,RW,65,658,162,261,423,33.1,0
Cade Fairchild,/players/f/faircca01.html,D,5,5,0,1,1,0.1,0
Glen Featherstone,/players/f/feathgl01.html,D,144,384,19,61,80,21.0,0
Denny Felsner,/players/f/felsnde01.html,LW,18,18,1,4,5,0.1,0
Ray Ferraro,/players/f/ferrara01.html,C,15,1258,408,490,898,74.4,0
Rory Fitzpatrick,/players/f/fitzpro02.html,D,3,287,10,25,35,7.0,0
Ron Flockhart,/players/f/flockro02.html,C,160,453,145,183,328,21.6,0
Connie Forey,/players/f/foreyco01.html,LW,4,4,0,0,0,-0.1,0
Ray Fortin,/players/f/fortira01.html,D,92,92,2,6,8,5.7,0
Colin Fraser,/players/f/fraseco01.html,C,1,359,20,38,58,1.9,0
Len Frig,/players/f/frigle01.html,D,37,311,13,51,64,16.1,0
Simon Gamache,/players/g/gamacsi01.html,C,15,48,6,7,13,0.7,0
Perry Ganchar,/players/g/ganchpe01.html,RW,8,42,3,7,10,-0.3,0
Dave Gardner,/players/g/gardnda01.html,C,23,350,75,115,190,10.9,0
Barry Gibbs,/players/g/gibbsba01.html,D,127,797,58,224,282,49.8,0
Greg Gilbert,/players/g/gilbegr01.html,LW,63,837,150,228,378,20.1,0
Stan Gilbertson,/players/g/gilbest01.html,LW,22,428,85,89,174,5.7,0
Curt Giles,/players/g/gilescu01.html,D,61,895,43,199,242,50.9,0
Todd Gill,/players/g/gillto01.html,D,39,1007,82,272,354,58.5,0
Gaston Gingras,/players/g/gingrga01.html,D,120,476,61,174,235,36.7,0
Larry Giroux,/players/g/giroula01.html,D,150,274,15,74,89,12.2,0
Mike Glumac,/players/g/glumami01.html,RW,40,40,7,6,13,0.9,0
Marcel Goc,/players/g/gocma01.html,C,31,636,75,113,188,13.2,0
Scott Gomez,/players/g/gomezsc01.html,C,21,1079,181,575,756,69.2,0
Phil Goyette,/players/g/goyetph01.html,C,72,940,207,467,674,55.1,0
Evgeny Grachev,/players/g/grachev01.html,C,26,34,1,3,4,-0.2,0
Terry Gray,/players/g/grayte01.html,RW,36,147,26,28,54,2.4,0
Wayne Gretzky*,/players/g/gretzwa01.html,C,18,1487,894,1963,2857,251.0,0
Bill Guerin,/players/g/gueribi01.html,RW,61,1263,429,427,856,94.3,0
Alexei Gusarov,/players/g/gusaral01.html,D,16,607,39,128,167,34.0,0
Jean Hamel,/players/h/hamelje01.html,D,78,699,26,95,121,30.4,0
Chuck Hamilton,/players/h/hamilch01.html,LW,3,4,0,2,2,0.2,0
Inge Hammarstrom,/players/h/hammain01.html,LW,135,427,116,123,239,16.2,0
Ron Handy,/players/h/handyro01.html,LW,4,14,0,3,3,-0.2,0
Michal Handzus,/players/h/handzmi01.html,C,183,1009,185,298,483,43.2,0
Richie Hansen,/players/h/hanseri01.html,C,2,20,2,8,10,0.6,0
Nick Harbaruk,/players/h/harbani01.html,RW,56,364,45,75,120,3.6,0
Scott Harlow,/players/h/harlosc01.html,LW,1,1,0,1,1,0.0,0
Terry Harper,/players/h/harpete01.html,D,11,1066,35,221,256,78.3,0
Ted Harris,/players/h/harrite01.html,D,24,788,30,168,198,57.5,0
Gerry Hart,/players/h/hartge01.html,D,106,730,29,150,179,48.2,0
Doug Harvey*,/players/h/harvedo01.html,D,70,1113,88,452,540,123.2,0
Martin Havlat,/players/h/havlama01.html,RW,2,790,242,352,594,70.6,0
Dale Hawerchuk*,/players/h/hawerda01.html,C,66,1188,518,891,1409,112.0,0
Jochen Hecht,/players/h/hechtjo01.html,LW,138,833,186,277,463,47.5,0
Bret Hedican,/players/h/hedicbr01.html,D,107,1039,55,239,294,55.9,0
Jeff Heerema,/players/h/heereje01.html,RW,22,32,4,2,6,0.3,0
Bryan Helmer,/players/h/helmebr01.html,D,44,146,8,18,26,6.1,0
Colin Hemingway,/players/h/heminco01.html,RW,3,3,0,0,0,-0.1,0
Camille Henry,/players/h/henryca01.html,C,68,727,279,249,528,55.3,0
T.J. Hensick,/players/h/hensitj01.html,C,13,112,12,26,38,2.5,0
Pat Hickey,/players/h/hickepa01.html,LW,125,644,192,212,404,25.8,0
Sean Hill,/players/h/hillse01.html,D,71,876,62,236,298,57.2,0
Dan Hinote,/players/h/hinotda01.html,RW,150,503,38,52,90,3.1,0
Jeff Hoggan,/players/h/hoggaje01.html,RW,52,107,2,9,11,-1.1,0
Terry Hollinger,/players/h/hollite01.html,D,7,7,0,0,0,0.1,0
Gary Holt,/players/h/holtga01.html,LW,50,102,13,11,24,0.2,0
Ron Hoover,/players/h/hoovero01.html,C,1,18,4,0,4,0.1,0
Larry Hornung,/players/h/hornula01.html,D,47,47,2,9,11,2.6,0
Bill Houlder,/players/h/houldbi01.html,D,41,846,59,191,250,57.9,0
Phil Housley*,/players/h/houslph01.html,D,26,1495,338,894,1232,170.7,0
Dave Hrechkosy,/players/h/hrechda01.html,LW,28,140,42,24,66,4.4,0
Fran Huck,/players/h/huckfr01.html,C,87,94,24,30,54,4.1,0
Fred Hucul,/players/h/huculfr01.html,D,43,162,11,30,41,9.7,0
Charlie Huddy,/players/h/huddych01.html,D,12,1017,99,354,453,69.2,0
Mike Hudson,/players/h/hudsomi01.html,C/LW,32,416,49,87,136,3.1,0
Brent Hughes,/players/h/hughebr01.html,D,10,436,15,117,132,22.8,0
Pat Hughes,/players/h/hughepa01.html,RW,43,573,130,128,258,9.3,0
Brad Hunt,/players/h/huntbr01.html,D,9,120,10,29,39,5.6,0
Kent Huskins,/players/h/huskike01.html,D,25,318,13,55,68,18.0,0
Ted Irvine,/players/i/irvinte01.html,LW,138,724,154,177,331,18.8,0
Craig Janney,/players/j/jannecr01.html,C,186,760,188,563,751,58.4,0
Cam Janssen,/players/j/janssca01.html,RW,165,336,6,8,14,-1.4,0
Jakub Jerabek,/players/j/jerabja01.html,D,1,37,2,6,8,1.2,0
Jaroslav Jirik,/players/j/jirikja01.html,LW,3,3,0,0,0,-0.1,0
Craig Johnson,/players/j/johnscr01.html,LW,64,557,75,98,173,11.2,0
Mark Johnson,/players/j/johnsma02.html,C,17,669,203,305,508,30.5,0
Mike Johnson,/players/j/johnsmi01.html,RW,21,661,129,246,375,34.2,0
Terry Johnson,/players/j/johnste01.html,D,188,285,3,24,27,10.0,0
Olli Jokinen,/players/j/jokinol01.html,C,8,1231,321,429,750,71.7,0
Jonas Junland,/players/j/junlajo01.html,D,4,4,0,2,2,0.0,0
Gord Kannegiesser,/players/k/kannego01.html,D,23,23,0,1,1,0.9,0
Vitali Karamnov,/players/k/karamvi01.html,LW,92,92,12,20,32,1.4,0
Paul Kariya*,/players/k/kariypa01.html,LW,168,989,402,587,989,109.3,0
Alexei Kasatonov,/players/k/kasatal01.html,D,8,383,38,122,160,30.5,0
Mike Keane,/players/k/keanemi01.html,RW,56,1161,168,302,470,30.3,0
Larry Keenan,/players/k/keenala01.html,LW,152,233,38,64,102,6.4,0
Bob Kelly,/players/k/kellybo01.html,LW,37,425,87,109,196,10.4,0
Chris Kenady,/players/k/kenadch01.html,RW,5,7,0,2,2,0.0,0
Yuri Khmylev,/players/k/khmylyu01.html,LW,9,263,64,88,152,12.1,0
Darin Kimble,/players/k/kimblda01.html,RW,72,311,23,20,43,-3.5,0
D.J. King,/players/k/kingdj01.html,C,101,118,4,7,11,-0.1,0
Derek King,/players/k/kingde01.html,LW,19,830,261,351,612,53.1,0
Fred Knipscheer,/players/k/knipsfr01.html,C,1,28,6,3,9,0.8,0
David Koci,/players/k/kocida01.html,LW,4,142,3,1,4,-0.5,0
Tom Koivisto,/players/k/koivito01.html,D,22,22,2,4,6,1.2,0
Neil Komadoski,/players/k/komadne01.html,D,124,502,16,76,92,26.4,0
Igor Korolev,/players/k/korolig01.html,C,147,795,119,227,346,22.9,0
Igor Kravchuk,/players/k/kravcig01.html,D,122,699,64,210,274,48.2,0
Murray Kuntz,/players/k/kuntzmu01.html,LW,7,7,1,2,3,0.3,0
Jordan Kyrou,/players/k/kyroujo01.html,C,16,16,1,2,3,0.1,0
Neil Labatte,/players/l/labatne01.html,C/D,26,26,0,2,2,0.7,0
Nathan LaFayette,/players/l/lafayna01.html,C,38,187,17,20,37,0.1,0
Christian Laflamme,/players/l/laflach01.html,D,71,324,2,45,47,11.0,0
Roger Lafreniere,/players/l/lafrero01.html,LW,10,13,0,0,0,-0.2,0
Mike Lalor,/players/l/lalormi01.html,D,114,687,17,88,105,31.5,0
Dick Lamby,/players/l/lambydi01.html,D,22,22,0,5,5,1.0,0
Mike Lampman,/players/l/lampmmi01.html,LW,33,96,17,20,37,1.6,0
Jamie Langenbrunner,/players/l/langeja01.html,RW,74,1109,243,420,663,67.3,0
Daniel Laperriere,/players/l/laperda01.html,D,29,48,2,5,7,1.9,0
Ian Laperriere,/players/l/laperia01.html,RW,71,1083,121,215,336,18.2,0
Maxim Lapierre,/players/l/lapiema01.html,C,116,614,65,74,139,7.4,0
Guy Lapointe*,/players/l/lapoigu01.html,D,62,884,171,451,622,108.3,0
Don Laurence,/players/l/lauredo01.html,C,20,79,15,21,36,1.7,0
Kevin LaVallee,/players/l/lavalke01.html,LW,102,366,110,125,235,13.8,0
Brian Lavender,/players/l/lavenbr01.html,LW,46,184,16,26,42,-1.4,0
Dominic Lavoie,/players/l/lavoido01.html,D,26,38,5,8,13,2.2,0
Stephen Leach,/players/l/leachst01.html,RW,31,702,130,153,283,14.1,0
Gary Leeman,/players/l/leemaga01.html,RW,2,667,199,267,466,32.9,0
Alain Lemieux,/players/l/lemieal01.html,C,81,119,28,44,72,3.5,0
Jocelyn Lemieux,/players/l/lemiejo01.html,RW,76,598,80,84,164,3.8,0
Jordan Leopold,/players/l/leopojo01.html,D,49,695,67,147,214,43.5,0
Craig Levie,/players/l/leviecr01.html,D,61,183,22,53,75,12.4,0
Doug Lidster,/players/l/lidstdo01.html,D,37,897,75,268,343,55.5,0
Petteri Lindbohm,/players/l/lindbpe02.html,D,40,40,2,1,3,0.3,0
Joakim Lindstrom,/players/l/lindsjo01.html,C,34,150,19,24,43,2.4,0
Jim Lorentz,/players/l/lorenji01.html,C/RW,88,659,161,238,399,28.2,0
Bernie Lukowich,/players/l/lukowbe01.html,RW,26,79,13,15,28,1.2,0
Mackenzie MacEachern,/players/m/maceama01.html,LW,29,29,3,2,5,0.4,0
Shane MacEachern,/players/m/maceash01.html,C,1,1,0,0,0,0.0,0
David Mackey,/players/m/mackeda01.html,LW,64,126,8,12,20,-1.8,0
Paul MacLean,/players/m/maclepa01.html,RW,116,719,324,349,673,52.1,0
Bob MacMillan,/players/m/macmibo01.html,RW,187,752,228,349,577,42.0,0
Bernie MacNeil,/players/m/macnebe01.html,LW,4,4,0,0,0,-0.1,0
Craig MacTavish,/players/m/mactacr01.html,C,63,1093,213,267,480,22.3,0
Connie Madigan,/players/m/madigco01.html,D,20,20,0,3,3,1.1,0
Wayne Maki,/players/m/makiwa01.html,LW,16,246,57,79,136,8.7,0
John Markell,/players/m/markejo01.html,LW,2,55,11,10,21,0.6,0
Mario Marois,/players/m/maroima01.html,D,81,956,76,357,433,64.1,0
Pat Maroon,/players/m/maroopa01.html,LW,74,449,88,118,206,21.5,0
Gilles Marotte,/players/m/marotgi01.html,D,47,808,56,265,321,53.2,0
Jason Marshall,/players/m/marshja02.html,D,2,526,16,51,67,16.9,0
Steve Martins,/players/m/martist02.html,C,53,267,21,25,46,0.4,0
Jamie Masters,/players/m/masteja01.html,D,33,33,1,13,14,1.7,0
Stephane Matteau,/players/m/mattest01.html,LW,120,848,144,172,316,24.4,0
Bryan Maxwell,/players/m/maxwebr01.html,D,97,330,18,77,95,16.7,0
Chris McAlpine,/players/m/mcalpch01.html,D,141,289,6,24,30,10.0,0
Dean McAmmond,/players/m/mcammde01.html,C,78,996,186,262,448,41.6,0
Bob McCord,/players/m/mccorbo01.html,D,43,316,10,58,68,15.7,0
Jim McCrimmon,/players/m/mccriji01.html,D,2,2,0,0,0,0.1,0
Ab McDonald,/players/m/mcdonab01.html,LW,152,762,182,248,430,35.4,0
Jay McKee,/players/m/mckeeja01.html,D,158,802,21,104,125,37.3,0
Tony McKegney,/players/m/mckegto01.html,LW,151,912,320,319,639,45.3,0
Don McKenney,/players/m/mckendo01.html,C,39,798,237,345,582,52.7,0
Steve McLaren,/players/m/mclarst01.html,D,6,6,0,0,0,0.0,0
Basil McRae,/players/m/mcraeba01.html,LW,112,576,53,83,136,-2.6,0
Philip McRae,/players/m/mcraeph01.html,C,15,15,1,2,3,-0.2,0
Gord McTavish,/players/m/mctavgo01.html,C,1,11,1,3,4,0.2,0
Wade Megan,/players/m/meganwa01.html,C,4,15,1,1,2,0.0,0
Gerry Melnyk,/players/m/melnyge01.html,C,73,269,39,77,116,6.5,0
Glen Metropolit,/players/m/metrogl01.html,C,20,407,57,102,159,13.6,0
Zbynek Michalek,/players/m/michazb01.html,D,15,784,42,136,178,39.8,0
Joe Micheletti,/players/m/michejo01.html,D,137,158,11,60,71,11.2,0
Kevin Miehm,/players/m/miehmke01.html,C,22,22,1,4,5,-0.1,0
Kevin Miller,/players/m/milleke02.html,C,162,620,150,185,335,24.8,0
Tomas Mojzis,/players/m/mojzito01.html,D,6,17,1,2,3,0.7,0
Hartland Monahan,/players/m/monahha01.html,RW,97,334,61,80,141,4.6,0
Michel Mongeau,/players/m/mongemi01.html,C,50,54,6,19,25,1.0,0
Jim Montgomery,/players/m/montgji01.html,C,67,122,9,25,34,1.0,0
Dickie Moore*,/players/m/mooredi01.html,LW,27,719,261,346,607,65.2,0
George Morrison,/players/m/morrige01.html,LW,115,115,17,21,38,1.6,0
Brenden Morrow,/players/m/morrobr01.html,LW,71,991,265,310,575,66.4,0
Bob Murdoch,/players/m/murdobo02.html,RW,54,260,72,85,157,10.9,0
Joe Murphy,/players/m/murphjo01.html,RW,102,779,233,295,528,46.8,0
Mike Murphy,/players/m/murphmi01.html,RW,127,831,238,318,556,41.1,0
Andrew Murray,/players/m/murraan01.html,C,1,221,24,16,40,2.6,0
Ladislav Nagy,/players/n/nagyla01.html,LW,51,435,115,196,311,34.1,0
Ric Nattress,/players/n/nattrri01.html,D,151,536,29,135,164,28.6,0
Vaclav Nedomansky*,/players/n/nedomva01.html,RW,22,420,121,156,277,17.4,0
Petr Nedved,/players/n/nedvepe01.html,C,19,982,310,407,717,65.1,0
Scott Nichol,/players/n/nichosc01.html,C,110,662,56,71,127,5.4,0
Eric Nickulas,/players/n/nickuer01.html,RW,52,118,15,23,38,3.2,0
Ville Nieminen,/players/n/niemivi01.html,LW,14,385,48,69,117,8.4,0
Nikita Nikitin,/players/n/nikitni01.html,D,48,259,17,59,76,14.4,0
Jim Nill,/players/n/nillji01.html,RW,61,524,58,87,145,-0.8,0
Jordan Nolan,/players/n/nolanjo01.html,C,14,375,24,28,52,2.1,0
Brian Noonan,/players/n/noonabr01.html,RW,94,629,116,159,275,16.3,0
Robert Nordmark,/players/n/nordmro01.html,D,67,236,13,70,83,13.7,0
Joe Noris,/players/n/norisjo01.html,C/D,2,55,2,5,7,-1.1,0
Jeff Norton,/players/n/nortoje01.html,D,64,799,52,332,384,56.2,0
Craig Norwich,/players/n/norwicr01.html,D,23,104,17,58,75,11.1,0
Lee Norwood,/players/n/norwole01.html,D,147,503,58,153,211,35.5,0
Ryan O'Reilly,/players/o/oreilry01.html,C,82,733,183,316,499,49.6,0
Danny O'Shea,/players/o/osheada01.html,C,95,369,64,115,179,10.1,0
Kevin O'Shea,/players/o/osheake01.html,RW,41,134,13,18,31,-0.9,0
Adam Oates*,/players/o/oatesad01.html,C,195,1337,341,1079,1420,117.0,0
Jaroslav Obsut,/players/o/obsutja01.html,D,4,7,0,0,0,0.2,0
Gerry Odrowski,/players/o/odrowge01.html,D,55,309,12,19,31,16.1,0
Brian Ogilvie,/players/o/ogilvbr01.html,C,78,90,15,21,36,1.1,0
Christer Olsson,/players/o/olssoch01.html,D,31,56,4,12,16,3.3,0
Vladimir Orszagh,/players/o/orszavl01.html,RW,16,289,54,65,119,10.7,0
Keith Osborne,/players/o/osborke01.html,RW,5,16,1,3,4,-0.1,0
Steve Ott,/players/o/ottst01.html,C,122,848,109,179,288,19.6,0
Nathan Oystrick,/players/o/oystrna01.html,D,9,65,5,10,15,2.4,0
Magnus Paajarvi,/players/p/paajama01.html,LW,189,467,62,62,124,7.7,0
Cam Paddock,/players/p/paddoca01.html,C,16,16,2,1,3,0.1,0
Doug Palazzari,/players/p/palazdo01.html,C,108,108,18,20,38,1.3,0
Justin Papineau,/players/p/papinju01.html,C,12,81,11,8,19,2.2,0
Michel Parizeau,/players/p/parizmi01.html,C,21,58,3,14,17,0.1,0
Craig Patrick*,/players/p/patricr01.html,RW,43,401,72,91,163,5.6,0
Glenn Patrick,/players/p/patrigl01.html,D,1,38,2,3,5,1.3,0
Rob Pearson,/players/p/pearsro01.html,RW,45,269,56,54,110,6.1,0
Mike Peluso,/players/p/pelusmi01.html,LW,44,458,38,52,90,-0.8,0
Joel Perrault,/players/p/perrajo01.html,C,11,96,12,14,26,1.3,0
Ricard Persson,/players/p/perssri01.html,D,149,229,10,44,54,12.6,0
Robert Petrovicky,/players/p/petroro01.html,C,44,208,27,38,65,3.7,0
Michel Picard,/players/p/picarmi01.html,LW,61,166,28,42,70,5.3,0
Roger Picard,/players/p/picarro01.html,RW,15,15,2,2,4,0.1,0
Dave Pichette,/players/p/picheda01.html,D,23,322,41,140,181,22.6,0
Rich Pilon,/players/p/pilonri01.html,D,8,631,8,69,77,19.5,0
Bill Plager,/players/p/plagebi01.html,D,127,263,4,34,38,10.8,0
Adrien Plavsic,/players/p/plavsad01.html,D,4,214,16,56,72,13.5,0
Steve Poapst,/players/p/poapsst01.html,D,41,307,8,28,36,8.8,0
Shjon Podein,/players/p/podeish01.html,LW,91,699,100,106,206,14.5,0
Rudy Poeschek,/players/p/poescru01.html,RW/D,78,364,6,25,31,6.0,0
John Pohl,/players/p/pohljo01.html,C,1,115,17,21,38,2.9,0
Greg Polis,/players/p/polisgr01.html,LW,37,615,174,169,343,24.0,0
Jame Pollock,/players/p/polloja01.html,D,9,9,0,0,0,0.1,0
Chris Porter,/players/p/portech01.html,C,173,234,15,19,34,1.1,0
Mike Posavad,/players/p/posavmi01.html,D,8,8,0,0,0,0.3,0
Vitali Prokhorov,/players/p/prokhvi01.html,LW,83,83,19,11,30,1.8,0
Nate Prosser,/players/p/prossna01.html,D,1,354,10,37,47,11.5,0
Dan Quinn,/players/q/quinnda01.html,C,14,805,266,419,685,46.2,0
Stephane Quintal,/players/q/quintst01.html,D,101,1037,63,180,243,50.5,0
Ty Rattie,/players/r/rattity01.html,RW,30,99,13,17,30,2.5,0
Marty Reasoner,/players/r/reasoma01.html,C,95,798,97,169,266,17.7,0
Wade Redden,/players/r/reddewa01.html,D,23,1023,109,348,457,95.0,0
Dick Redmond,/players/r/redmodi01.html,D,28,771,133,312,445,66.0,0
Steve Regier,/players/r/regiest01.html,LW,8,26,3,1,4,0.3,0
Mitch Reinke,/players/r/reinkmi01.html,D,1,1,0,0,0,0.0,0
Todd Reirden,/players/r/reirdto01.html,D,94,183,11,35,46,8.1,0
Pascal Rheaume,/players/r/rheaupa01.html,C,148,318,39,52,91,6.6,0
Ken Richardson,/players/r/richake01.html,C,49,49,8,13,21,1.1,0
Stephane Richer,/players/r/richest02.html,RW,36,1054,421,398,819,77.6,0
Dave Richter,/players/r/richtda01.html,D,68,365,9,40,49,13.7,0
Jamie Rivers,/players/r/riverja01.html,D,184,454,17,49,66,15.7,0
Wayne Rivers,/players/r/riverwa01.html,RW,22,108,15,30,45,2.0,0
Andy Roach,/players/r/roachan01.html,D,5,5,1,2,3,0.5,0
Phil Roberto,/players/r/roberph01.html,RW,148,385,75,106,181,9.7,0
David Roberts,/players/r/roberda01.html,LW,48,125,20,33,53,3.4,0
Gordie Roberts,/players/r/robergo02.html,D,166,1097,61,359,420,68.9,0
Rob Robinson,/players/r/robinro01.html,D,22,22,0,1,1,0.5,0
Cliff Ronning,/players/r/ronnicl01.html,C,180,1137,306,563,869,78.1,0
Bill Root,/players/r/rootbi01.html,D,9,247,11,23,34,9.9,0
Derek Roy,/players/r/royde01.html,C,75,738,189,335,524,53.3,0
Martin Rucinsky,/players/r/rucinma01.html,LW,153,961,241,371,612,57.3,0
Jason Ruff,/players/r/ruffja01.html,LW,7,14,3,3,6,0.5,0
Darren Rumble,/players/r/rumblda01.html,D,12,193,10,26,36,4.6,0
Kris Russell,/players/r/russekr01.html,D,76,791,46,181,227,43.8,0
Mark Rycroft,/players/r/rycroma01.html,RW,160,226,21,25,46,2.8,0
Larry Sacharuk,/players/s/sachala01.html,D,76,151,29,33,62,10.2,0
Derek Sanderson,/players/s/sandede01.html,C,97,598,202,250,452,40.9,0
Zach Sanford,/players/s/sanfoza01.html,LW,73,99,12,16,28,2.6,0
Glen Sather*,/players/s/sathegl01.html,LW,69,658,80,113,193,3.4,0
Brian Savage,/players/s/savagbr01.html,LW,13,674,192,167,359,34.6,0
Kevin Sawyer,/players/s/sawyeke01.html,LW,6,110,3,3,6,-0.4,0
Dave Scatchard,/players/s/scatcda01.html,C,8,659,128,141,269,24.3,0
Brayden Schenn,/players/s/schenbr01.html,C,154,587,154,218,372,39.7,0
Jordan Schmaltz,/players/s/schmajo01.html,D,42,42,0,5,5,0.5,0
Ron Schock,/players/s/schocro01.html,C,122,909,166,351,517,30.4,0
Dwight Schofield,/players/s/schofdw01.html,D,113,211,8,22,30,8.7,0
Rod Seiling,/players/s/seiliro01.html,D,160,979,62,269,331,75.6,0
Peter Sejna,/players/s/sejnape01.html,LW,49,49,7,4,11,0.7,0
Brit Selby,/players/s/selbybr01.html,LW,59,347,55,62,117,4.9,0
Konstantin Shafranov,/players/s/shafrko01.html,RW,5,5,2,1,3,0.4,0
Brad Shaw,/players/s/shawbr01.html,D,12,377,22,137,159,21.1,0
Rick Shinske,/players/s/shinsri01.html,C,11,63,5,16,21,-0.1,0
Jim Shires,/players/s/shireji01.html,LW,17,56,3,6,9,-1.3,0
Timofei Shishkanov,/players/s/shishti01.html,LW,22,24,3,2,5,0.4,0
Mike Sillinger,/players/s/sillimi01.html,C,64,1049,240,308,548,40.9,0
Bobby Simpson,/players/s/simpsbo01.html,LW,18,175,35,29,64,2.7,0
Reid Simpson,/players/s/simpsre01.html,LW,38,301,18,18,36,0.8,0
Randy Skarda,/players/s/skardra01.html,D,26,26,0,5,5,1.3,0
Rick Smith,/players/s/smithri01.html,D,42,687,52,167,219,48.1,0
Peter Smrek,/players/s/smrekpe01.html,D,6,28,2,4,6,0.6,0
John Smrke,/players/s/smrkejo01.html,LW,73,103,11,17,28,-0.3,0
Harold Snepsts,/players/s/snepsha01.html,D,61,1033,38,195,233,54.0,0
Nikita Soshnikov,/players/s/soshnni01.html,RW,17,87,8,8,16,0.7,0
Frank Spring,/players/s/sprinfr01.html,RW,5,61,14,20,34,2.2,0
Myron Stankiewicz,/players/s/stankmy01.html,LW,16,35,0,7,7,-0.7,0
Peter Stastny*,/players/s/stastpe01.html,C,23,977,450,789,1239,94.1,0
Yan Stastny,/players/s/stastya01.html,C,50,91,6,10,16,0.0,0
Brett Sterling,/players/s/sterlbr01.html,LW,4,30,5,4,9,0.6,0
Scott Stevens*,/players/s/stevesc01.html,D,78,1635,196,712,908,169.7,0
Bill Stewart,/players/s/stewabi01.html,D,89,261,7,64,71,14.0,0
Bob Stewart,/players/s/stewabo01.html,D,88,575,27,101,128,19.1,0
Ron Stewart,/players/s/stewaro01.html,RW,19,1353,276,253,529,38.1,0
Cory Stillman,/players/s/stillco01.html,LW,171,1025,278,449,727,73.7,0
Tyson Strachan,/players/s/stracty01.html,D,67,186,1,19,20,-0.8,0
Mike Stuart,/players/s/stuarmi01.html,D,3,3,0,0,0,0.0,0
Bob Stumpf,/players/s/stumpbo01.html,RW/D,7,10,1,1,2,-0.1,0
Oskar Sundqvist,/players/s/sundqos01.html,C,116,144,16,24,40,2.5,0
Bill Sutherland,/players/s/suthebi01.html,C,77,250,70,58,128,11.4,0
Ron Sutter,/players/s/suttero01.html,C,163,1093,205,330,535,31.0,0
Ken Sutton,/players/s/suttoke01.html,D,6,388,23,80,103,19.8,0
Darryl Sydor,/players/s/sydorda01.html,D,47,1291,98,409,507,94.0,0
Jean-Guy Talbot,/players/t/talboje01.html,D,172,1066,43,242,285,85.7,0
Patrice Tardif,/players/t/tardipa01.html,C,50,65,7,11,18,0.2,0
Robert Thomas,/players/t/thomaro01.html,C,70,70,9,24,33,2.7,0
Dave Thomlinson,/players/t/thomlda01.html,LW,22,42,1,3,4,-1.2,0
Tage Thompson,/players/t/thompta01.html,C,41,106,10,11,21,-0.1,0
Chris Thorburn,/players/t/thorbch01.html,RW,51,801,53,81,134,5.3,0
Esa Tikkanen,/players/t/tikkaes01.html,LW,54,877,244,386,630,46.7,0
Tom Tilley,/players/t/tilleto01.html,D,174,174,4,38,42,10.0,0
Larry Trader,/players/t/tradela01.html,D,6,91,5,13,18,4.1,0
Dan Trebil,/players/t/trebida01.html,D,10,85,4,4,8,2.3,0
Rob Tudor,/players/t/tudorro01.html,RW/C,2,28,4,4,8,0.4,0
Darren Turcotte,/players/t/turcoda01.html,C,62,635,195,216,411,33.5,0
Steve Tuttle,/players/t/tuttlst01.html,RW,144,144,28,28,56,2.6,0
Mike Van Ryn,/players/v/vanrymi01.html,D,69,353,30,99,129,23.3,0
Sergei Varlamov,/players/v/varlase01.html,LW,55,63,8,7,15,1.5,0
Alexander Vasilevski,/players/v/vasilal01.html,RW,4,4,0,0,0,-0.2,0
Gary Veneruzzo,/players/v/venerga01.html,W,7,7,1,1,2,0.1,0
Jim Vesey,/players/v/veseyji01.html,C/RW,11,15,1,2,3,-0.2,0
Alain Vigneault,/players/v/vigneal01.html,D,42,42,2,5,7,1.7,0
Roman Vopat,/players/v/vopatro01.html,C,25,133,6,14,20,-1.0,0
Steve Wagner,/players/w/wagnest01.html,D,46,46,4,8,12,2.0,0
Matt Walker,/players/w/walkema01.html,D,175,314,4,26,30,7.7,0
Bob Wall,/players/w/wallbo01.html,D,25,322,30,55,85,11.9,0
Mike Walton,/players/w/waltomi01.html,C,22,588,201,247,448,37.4,0
Bryan Watson,/players/w/watsobr01.html,D,11,877,17,135,152,40.8,0
Mike Weaver,/players/w/weavemi01.html,D,135,633,8,89,97,23.3,0
Eric Weinrich,/players/w/weinrer01.html,D,85,1157,70,318,388,82.0,0
Jay Wells,/players/w/wellsja01.html,D,76,1098,47,216,263,50.2,0
Jeremy Welsh,/players/w/welshje01.html,C,2,27,1,1,2,0.0,0
John Wensink,/players/w/wensijo01.html,LW,3,403,70,68,138,5.3,0
Don Wheldon,/players/w/whelddo01.html,D,2,2,0,0,0,0.1,0
Rob Whistle,/players/w/whistro01.html,D,19,51,7,5,12,3.1,0
Trent Whitfield,/players/w/whitftr01.html,C,33,194,11,18,29,0.8,0
Dennis Wideman,/players/w/widemde01.html,D,122,815,99,288,387,66.3,0
Butch Williams,/players/w/willibu02.html,RW,31,108,14,35,49,1.8,0
Bert Wilson,/players/w/wilsobe01.html,LW,45,478,37,44,81,-5.2,0
Rick Wilson,/players/w/wilsori01.html,D,141,239,6,26,32,9.7,0
Brad Winchester,/players/w/winchbr01.html,LW,185,390,37,31,68,3.7,0
Jeff Woywitka,/players/w/woywije01.html,D,152,278,9,46,55,11.8,0
Andy Wozniewski,/players/w/woznian01.html,D,1,79,2,10,12,2.0,0
John Wright,/players/w/wrighjo01.html,C,32,127,16,36,52,1.7,0
Jeremy Yablonski,/players/y/yabloje01.html,LW,1,1,0,0,0,-0.1,0
Terry Yake,/players/y/yakete01.html,C,151,403,77,120,197,14.7,0
Nail Yakupov,/players/y/yakupna01.html,RW,40,350,62,74,136,10.7,0
Trent Yawney,/players/y/yawnetr01.html,D,39,593,27,102,129,28.5,0
Harry York,/players/y/yorkha01.html,C,132,244,29,46,75,4.1,0
Libor Zabransky,/players/z/zabrali01.html,D,40,40,1,6,7,1.7,0
Joe Zanussi,/players/z/zanusjo01.html,D,11,87,1,13,14,4.0,0
Mike Zigomanis,/players/z/zigommi01.html,C,2,197,21,19,40,1.4,0
