Jean-Claude Bergeron,/players/b/bergeje01.html,G,53,72,0,2,2,5.4,21,0,1,1,14
Zac Bierk,/players/b/bierkza01.html,G,26,47,0,1,1,6.2,9,0,1,1,5
Peter Budaj,/players/b/budajpe01.html,G,15,368,0,11,11,50.6,158,0,0,0,6
Sean Burke,/players/b/burkese01.html,G,35,820,0,28,28,141.9,324,0,1,1,14
Sebastien Caron,/players/c/caronse01.html,G,3,95,0,1,1,11.8,26,0,0,0,1
Dan Cloutier,/players/c/cloutda01.html,G,76,351,0,5,5,44.5,139,0,0,0,12
Gerald Coleman,/players/c/colemge01.html,G,2,2,0,0,0,0.1,0,0,0,0,0
Marc Denis,/players/d/denisma01.html,G,54,349,0,6,6,56.2,112,0,0,0,18
Cedrick Desjardins,/players/d/desjace01.html,G,6,6,0,0,0,1.0,2,0,0,0,2
Louis Domingue,/players/d/dominlo01.html,G,38,122,0,2,2,18.3,55,0,1,1,28
Brian Eklund,/players/e/eklunbr01.html,G,1,1,0,0,0,0.0,0,0,0,0,0
Dan Ellis,/players/e/ellisda01.html,G,31,212,0,6,6,30.1,87,0,1,1,13
Mark Fitzpatrick,/players/f/fitzpma01.html,G,34,329,0,12,12,52.5,113,0,1,1,7
Wade Flaherty,/players/f/flahewa01.html,G,2,120,0,3,3,13.2,27,0,0,0,0
Mathieu Garon,/players/g/garonma01.html,G,66,341,0,7,7,49.0,144,0,2,2,28
John Grahame,/players/g/grahajo01.html,G,103,224,0,9,9,29.2,97,0,1,1,53
Kristers Gudlevskis,/players/g/gudlekr01.html,G,3,3,0,0,0,0.8,1,0,0,0,1
Riku Helenius,/players/h/helenri01.html,G,1,1,0,0,0,0.0,0,0,0,0,0
Kevin Hodson,/players/h/hodsoke01.html,G,36,71,0,1,1,5.5,17,0,0,0,4
Johan Holmqvist,/players/h/holmqjo01.html,G,93,99,0,4,4,10.1,48,0,4,4,47
Pat Jablonski,/players/j/jablopa01.html,G,58,128,0,4,4,14.4,28,0,2,2,13
Nikolai Khabibulin,/players/k/khabini01.html,G,192,799,0,18,18,132.4,333,0,7,7,83
Dieter Kochan,/players/k/kochadi01.html,G,20,21,0,0,0,0.5,1,0,0,0,1
Olaf Kolzig,/players/k/kolziol01.html,G,8,719,0,17,17,122.2,303,0,0,0,2
Evgeny Konstantinov,/players/k/konstev01.html,G,2,2,0,0,0,0.0,0,0,0,0,0
Anders Lindback,/players/l/lindban01.html,G,47,130,0,4,4,16.6,45,0,1,1,18
David Littman,/players/l/littmda01.html,G,1,3,0,0,0,-0.1,0,0,0,0,0
Mike McKenna,/players/m/mckenmi01.html,G,15,35,0,1,1,3.5,7,0,1,1,4
Evgeni Nabokov,/players/n/nabokev01.html,G,11,697,1,15,16,117.5,353,0,1,1,3
Antero Niittymaki,/players/n/niittan01.html,G,49,234,0,3,3,36.1,95,0,1,1,21
Rich Parent,/players/p/parenri01.html,G,14,32,0,0,0,2.5,7,0,0,0,2
Eddie Pasquale,/players/p/pasqued01.html,G,3,3,0,0,0,0.3,2,0,0,0,2
Karri Ramo,/players/r/ramoka01.html,G,48,159,0,4,4,22.9,60,0,2,2,11
Bill Ranford,/players/r/ranfobi01.html,G,32,647,0,24,24,92.1,240,0,0,0,3
Jeff Reese,/players/r/reeseje01.html,G,19,174,0,8,8,19.9,53,0,0,0,7
Dwayne Roloson,/players/r/rolosdw01.html,G,74,606,0,14,14,102.0,227,0,1,1,31
Corey Schwab,/players/s/schwaco01.html,G,87,147,0,6,6,16.5,42,0,5,5,21
Mike Smith,/players/s/smithmi01.html,G,118,571,1,15,16,99.1,243,0,3,3,43
Rick Tabaracci,/players/t/tabarri01.html,G,55,286,0,8,8,35.5,93,0,1,1,20
Dustin Tokarski,/players/t/tokardu01.html,G,7,34,0,2,2,4.0,10,0,1,1,1
Kevin Weekes,/players/w/weekeke01.html,G,80,348,0,3,3,52.6,105,0,1,1,23
Derek Wilkinson,/players/w/wilkide01.html,G,22,22,0,0,0,1.2,3,0,0,0,3
Wendell Young,/players/y/youngwe01.html,G,40,187,0,10,10,23.8,59,0,2,2,9
Dmitry Afanasenkov,/players/a/afanadm01.html,LW,186,227,27,27,54,2.8,0,19,20,39,0
Nikita Alexeev,/players/a/alexeni01.html,RW,144,159,20,17,37,2.4,0,18,17,35,0
Mike Angelidis,/players/a/angelmi01.html,LW,14,14,2,0,2,0.3,0,2,0,2,0
Evgeny Artyukhin,/players/a/artyuev01.html,RW,145,199,19,30,49,3.4,0,10,23,33,0
Kaspars Astashenko,/players/a/astaska01.html,D/W,23,23,1,2,3,0.2,0,1,2,3,0
Adrian Aucoin,/players/a/aucoiad01.html,D,26,1108,121,278,399,80.9,0,1,11,12,0
Keith Aulie,/players/a/aulieke01.html,D,79,167,4,10,14,2.6,0,2,7,9,0
Drew Bannister,/players/b/bannidr01.html,D,98,164,5,25,30,5.4,0,5,16,21,0
Mark Barberio,/players/b/barbema01.html,D,103,251,14,40,54,10.7,0,6,11,17,0
Matthew Barnaby,/players/b/barnama01.html,RW,58,834,113,187,300,22.9,0,4,4,8,0
Bob Beers,/players/b/beersbo01.html,D,80,258,28,79,107,14.2,0,13,29,42,0
Brian Bellows,/players/b/bellobr01.html,LW,86,1188,485,537,1022,83.1,0,24,28,52,0
Sean Bergenheim,/players/b/bergese01.html,LW,80,506,96,84,180,16.6,0,14,15,29,0
Marc-Andre Bergeron,/players/b/bergema02.html,D,78,490,82,153,235,42.6,0,7,30,37,0
Tim Bergland,/players/b/berglti01.html,RW,78,182,17,26,43,-0.1,0,9,8,17,0
Karel Betik,/players/b/betikka01.html,D,3,3,0,2,2,0.0,0,0,2,2,0
Mathieu Biron,/players/b/bironma02.html,D,36,253,12,32,44,4.9,0,0,0,0,0
Mike Blunden,/players/b/blundmi01.html,RW,22,127,7,6,13,0.1,0,3,2,5,0
Brandon Bochenski,/players/b/bochebr01.html,RW,35,156,28,40,68,6.7,0,4,10,14,0
Jason Bonsignore,/players/b/bonsija01.html,C,58,79,3,13,16,-0.4,0,2,11,13,0
Josef Boumedienne,/players/b/boumejo01.html,D,3,47,4,12,16,0.4,0,0,0,0,0
Michael Bournival,/players/b/bournmi01.html,LW,24,113,12,10,22,1.8,0,2,1,3,0
Paul Brousseau,/players/b/brouspa01.html,RW,17,26,1,3,4,-0.3,0,0,2,2,0
Marc Bureau,/players/b/bureama01.html,C,186,567,55,83,138,3.0,0,20,40,60,0
Shawn Burr,/players/b/burrsh01.html,LW/C,159,878,181,259,440,29.9,0,27,38,65,0
Viacheslav Butsayev,/players/b/butsavi01.html,C,2,132,17,26,43,1.0,0,0,0,0,0
Jock Callander,/players/c/callajo01.html,RW,8,109,22,29,51,1.8,0,1,1,2,0
Jim Campbell,/players/c/campbji01.html,RW,1,285,61,75,136,12.5,0,0,0,0,0
Dave Capuano,/players/c/capuada01.html,LW,6,104,17,38,55,2.9,0,1,1,2,0
Erik Cernak,/players/c/cernaer01.html,D,58,58,5,11,16,4.3,0,5,11,16,0
Shawn Chambers,/players/c/chambsh01.html,D,145,625,50,185,235,47.8,0,23,64,87,0
Eric Charron,/players/c/charrer01.html,D,63,130,2,7,9,4.2,0,1,4,5,0
Martin Cibak,/players/c/cibakma01.html,C,154,154,5,18,23,0.4,0,5,18,23,0
Dino Ciccarelli*,/players/c/ciccadi01.html,RW,111,1232,608,592,1200,105.8,0,46,31,77,0
Enrico Ciccone,/players/c/ciccoen01.html,D,135,374,10,18,28,14.1,0,5,9,14,0
Zdeno Ciger,/players/c/cigerzd01.html,LW,27,352,94,134,228,16.8,0,6,6,12,0
Anthony Cirelli,/players/c/cirelan01.html,C,100,100,24,26,50,6.0,0,24,26,50,0
Brett Clark,/players/c/clarkbr01.html,D,164,689,45,141,186,31.7,0,11,35,46,0
Wendel Clark,/players/c/clarkwe01.html,LW/D,65,793,330,234,564,51.5,0,28,14,42,0
Danton Cole,/players/c/coleda01.html,C/RW,174,318,58,60,118,6.6,0,35,41,76,0
Mike Commodore,/players/c/commomi01.html,D,13,484,23,83,106,20.3,0,0,0,0,0
Cory Conacher,/players/c/conacco01.html,LW,83,189,28,46,74,6.8,0,18,22,40,0
Erik Condra,/players/c/condrer01.html,RW,67,372,40,59,99,7.7,0,6,5,11,0
Brett Connolly,/players/c/connobr01.html,RW,134,427,79,76,155,15.8,0,18,14,32,0
Alain Cote,/players/c/coteal02.html,D,2,119,2,18,20,6.3,0,0,0,0,0
Jean-Philippe Cote,/players/c/coteje01.html,D,19,27,0,4,4,0.8,0,0,4,4,0
Ryan Craig,/players/c/craigry01.html,C,184,198,32,31,63,3.9,0,32,31,63,0
Adam Creighton,/players/c/creigad01.html,C,136,708,187,216,403,27.6,0,29,30,59,0
B.J. Crombeen,/players/c/crombbj01.html,RW,99,445,34,46,80,2.4,0,4,14,18,0
Doug Crossman,/players/c/crossdo01.html,D,40,914,105,359,464,67.4,0,8,21,29,0
John Cullen,/players/c/cullejo01.html,C,150,621,187,363,550,39.2,0,34,71,105,0
Jim Cummins,/players/c/cummiji01.html,RW,14,511,24,36,60,-3.1,0,1,0,1,0
Alexandre Daigle,/players/d/daiglal02.html,C,32,616,129,198,327,25.8,0,6,6,12,0
Mathieu Darche,/players/d/darchma01.html,LW,73,250,30,42,72,5.5,0,7,15,22,0
Louie DeBrusk,/players/d/debrulo01.html,LW,54,401,24,17,41,-3.8,0,1,2,3,0
Xavier Delisle,/players/d/delisxa01.html,C,2,16,3,2,5,0.4,0,0,0,0,0
Rob DiMaio,/players/d/dimairo01.html,RW,154,894,106,171,277,13.7,0,21,35,56,0
Chris Dingman,/players/d/dingmch01.html,LW,173,385,15,19,34,-3.0,0,3,11,14,0
Jake Dotchin,/players/d/dotchja01.html,D,83,103,3,20,23,5.7,0,3,19,22,0
Jonathan Drouin,/players/d/drouijo01.html,LW,164,322,60,134,194,16.5,0,29,66,95,0
Stan Drulia,/players/d/drulist01.html,RW,126,126,15,27,42,1.6,0,15,27,42,0
Donald Dufresne,/players/d/dufredo01.html,D,51,268,6,36,42,12.2,0,2,6,8,0
Gabriel Dumont,/players/d/dumonga01.html,C,46,87,4,5,9,0.1,0,2,2,4,0
Gordie Dwyer,/players/d/dwyergo01.html,LW,78,108,0,5,5,-1.3,0,0,4,4,0
Karl Dykhuis,/players/d/dykhuka01.html,D,111,644,42,91,133,34.8,0,7,10,17,0
Allan Egeland,/players/e/egelaal01.html,C,17,17,0,0,0,-0.5,0,0,0,0,0
Nils Ekman,/players/e/ekmanni01.html,LW,71,264,60,91,151,15.9,0,11,13,24,0
Matt Elich,/players/e/elichma01.html,RW,16,16,1,1,2,-0.1,0,1,1,2,0
Pat Elynuik,/players/e/elynupa01.html,RW,63,506,154,188,342,25.1,0,12,14,26,0
Steve Eminger,/players/e/emingst01.html,D,50,488,19,80,99,16.0,0,4,19,23,0
John Emmons,/players/e/emmonjo01.html,C,12,85,2,4,6,-0.9,0,1,1,2,0
Adam Erne,/players/e/ernead01.html,LW,114,114,13,14,27,1.7,0,13,14,27,0
Todd Fedoruk,/players/f/fedorto01.html,LW,50,545,32,65,97,4.7,0,3,3,6,0
Steven Finn,/players/f/finnst01.html,D,16,725,34,78,112,23.3,0,0,0,0,0
Colin Forbes,/players/f/forbeco01.html,C,22,311,33,28,61,3.0,0,3,1,4,0
Kurtis Foster,/players/f/fosteku01.html,D,71,405,42,118,160,27.9,0,8,34,42,0
Kyle Freadrich,/players/f/freadky01.html,LW,23,23,0,1,1,-0.1,0,0,1,1,0
Byron Froese,/players/f/froesby01.html,C,4,110,5,11,16,-0.4,0,0,0,0,0
Simon Gagne,/players/g/gagnesi01.html,LW,63,822,291,310,601,74.9,0,17,23,40,0
Maxim Galanov,/players/g/galanma01.html,D,25,122,8,12,20,3.3,0,0,5,5,0
Gerard Gallant,/players/g/gallage01.html,LW,52,615,211,269,480,36.9,0,4,9,13,0
Bruce Gardiner,/players/g/gardibr01.html,RW,41,312,34,54,88,5.1,0,3,6,9,0
Cameron Gaunce,/players/g/gauncca01.html,D,2,34,2,3,5,1.1,0,0,0,0,0
Aaron Gavey,/players/g/gaveyaa01.html,C,89,360,41,50,91,4.0,0,9,6,15,0
Bruno Gervais,/players/g/gervabr01.html,D,50,418,16,71,87,11.4,0,6,7,13,0
Randy Gilhen,/players/g/gilhera01.html,C,11,457,55,60,115,-0.7,0,0,2,2,0
Matt Gilroy,/players/g/gilroma01.html,D,53,225,11,37,48,9.8,0,2,15,17,0
Dan Girardi,/players/g/girarda01.html,D,139,927,56,208,264,59.9,0,10,24,34,0
Sascha Goc,/players/g/gocsa01.html,D,9,22,0,0,0,0.6,0,0,0,0,0
Yanni Gourde,/players/g/gourdya01.html,C,184,184,53,68,121,13.7,0,53,68,121,0
Brent Gretzky,/players/g/gretzbr01.html,C,13,13,1,3,4,0.1,0,1,3,4,0
Radko Gudas,/players/g/gudasra01.html,D,126,416,24,81,105,20.8,0,7,25,32,0
Steve Guolla,/players/g/guollst01.html,C,46,205,40,46,86,7.1,0,6,10,16,0
Sergey Gusev,/players/g/gusevse01.html,D,58,89,4,10,14,2.1,0,3,6,9,0
David Hale,/players/h/haleda01.html,D,39,327,4,25,29,9.9,0,0,4,4,0
Bob Halkidis,/players/h/halkibo01.html,D,30,256,8,32,40,10.3,0,1,3,4,0
Jeff Halpern,/players/h/halpeje01.html,C,126,976,152,221,373,28.3,0,26,25,51,0
Ben Hankinson,/players/h/hankibe01.html,RW,18,43,3,3,6,-0.5,0,0,2,2,0
Johan Harju,/players/h/harjujo01.html,LW,10,10,1,2,3,0.2,0,1,2,3,0
Mike Hartman,/players/h/hartmmi01.html,LW,58,397,43,35,78,-1.4,0,4,4,8,0
Dwayne Hay,/players/h/haydw01.html,LW,13,79,2,4,6,-0.4,0,1,1,2,0
Timo Helbling,/players/h/helblti01.html,D,9,11,0,1,1,-0.1,0,0,1,1,0
Sami Helenius,/players/h/helensa01.html,D,4,155,2,4,6,2.0,0,1,0,1,0
Ian Herbers,/players/h/herbeia01.html,D,37,65,0,5,5,0.8,0,0,0,0,0
Matt Hervey,/players/h/hervema01.html,D,17,35,0,5,5,1.0,0,0,4,4,0
Jamie Heward,/players/h/hewarja01.html,D,13,394,38,86,124,18.3,0,0,2,2,0
Jan Hlavac,/players/h/hlavaja01.html,LW,62,436,90,134,224,21.3,0,9,13,22,0
Ken Hodge,/players/h/hodgeke02.html,C/RW,25,142,39,48,87,6.4,0,2,7,9,0
Benoit Hogue,/players/h/hoguebe01.html,C,62,863,222,321,543,44.3,0,11,14,25,0
Brian Holzinger,/players/h/holzibr01.html,C,112,547,93,145,238,16.7,0,15,31,46,0
Bill Houlder,/players/h/houldbi01.html,D,154,846,59,191,250,57.9,0,10,46,56,0
Jody Hull,/players/h/hulljo01.html,RW,28,831,124,137,261,15.2,0,2,4,6,0
Jamie Huscroft,/players/h/huscrja01.html,D,57,352,5,33,38,13.9,0,0,4,4,0
Andrew Hutchinson,/players/h/hutchan01.html,D,2,140,12,27,39,5.9,0,0,0,0,0
Scott Jackson,/players/j/jackssc01.html,D,1,1,0,0,0,0.0,0,0,0,0,0
Dan Jancevski,/players/j/janceda01.html,D,2,9,0,0,0,0.1,0,0,0,0,0
Doug Janik,/players/j/janikdo01.html,D,136,190,3,16,19,3.1,0,3,12,15,0
Craig Janney,/players/j/jannecr01.html,C,38,760,188,563,751,58.4,0,4,18,22,0
Andreas Johansson,/players/j/johanan01.html,C,12,377,81,88,169,16.2,0,2,3,5,0
Mike Johnson,/players/j/johnsmi01.html,RW,92,661,129,246,375,34.2,0,21,39,60,0
Ryan Johnson,/players/j/johnsry01.html,C,94,701,38,84,122,-0.9,0,7,16,23,0
Jussi Jokinen,/players/j/jokinju01.html,C,66,951,191,372,563,57.2,0,8,22,30,0
Blair Jones,/players/j/jonesbl01.html,C,78,132,7,10,17,-0.3,0,4,6,10,0
Randy Jones,/players/j/jonesra01.html,D,61,365,20,85,105,18.5,0,1,12,13,0
Chris Joseph,/players/j/josepch01.html,D,66,510,39,112,151,21.8,0,10,19,29,0
Mathieu Joseph,/players/j/josepma01.html,RW,70,70,13,13,26,2.5,0,13,13,26,0
Andreas Karlsson,/players/k/karlsan01.html,C,111,264,16,35,51,0.5,0,5,8,13,0
Martins Karsums,/players/k/karsuma01.html,RW,18,24,1,5,6,-0.1,0,1,4,5,0
Steve Kasper,/players/k/kaspest01.html,C,47,821,177,291,468,23.1,0,3,4,7,0
Sheldon Keefe,/players/k/keefesh01.html,RW,125,125,12,12,24,0.9,0,12,12,24,0
Steve Kelly,/players/k/kellyst01.html,C,58,149,9,12,21,-1.1,0,3,4,7,0
Dan Kesa,/players/k/kesada01.html,RW,50,139,8,22,30,0.0,0,4,10,14,0
Alexander Kharitonov,/players/k/kharial01.html,LW,66,71,7,15,22,1.3,0,7,15,22,0
Geoff Kinrade,/players/k/kinrage01.html,D,1,1,0,0,0,-0.1,0,0,0,0,0
Petr Klima,/players/k/klimape01.html,W,189,786,313,260,573,46.2,0,63,70,133,0
David Koci,/players/k/kocida01.html,LW,33,142,3,1,4,-0.5,0,1,1,2,0
Slater Koekkoek,/players/k/koekksl01.html,D,85,107,6,13,19,3.5,0,5,9,14,0
Zenon Konopka,/players/k/konopze01.html,C,81,346,12,18,30,-2.6,0,2,4,6,0
Chris Kontos,/players/k/kontoch01.html,LW/C,66,230,54,69,123,6.5,0,27,24,51,0
Dmitry Korobov,/players/k/korobdm01.html,D,3,3,0,1,1,0.1,0,0,1,1,0
Mike Kostka,/players/k/kostkmi01.html,D,19,85,4,17,21,4.5,0,2,6,8,0
Lukas Krajicek,/players/k/krajilu01.html,D,94,328,11,61,72,12.4,0,2,18,20,0
Filip Kuba,/players/k/kubafi01.html,D,156,836,70,263,333,63.5,0,21,47,68,0
Kristian Kudroc,/players/k/kudrokr01.html,D,24,26,2,2,4,0.9,0,2,2,4,0
Chris Kunitz,/players/k/kunitch01.html,LW,82,1022,268,351,619,74.0,0,13,16,29,0
Cody Kunyk,/players/k/kunykco01.html,RW,1,1,0,0,0,0.0,0,0,0,0,0
Pierre-Cedric Labrie,/players/l/labripi01.html,LW,46,46,2,3,5,-0.1,0,2,3,5,0
Jason Lafreniere,/players/l/lafreja01.html,C,12,146,34,53,87,4.9,0,3,3,6,0
Daymond Langkow,/players/l/langkda01.html,C,173,1090,270,402,672,69.4,0,27,34,61,0
Mario Larocque,/players/l/larocma01.html,D,5,5,0,0,0,-0.2,0,0,0,0,0
Matt Lashoff,/players/l/lashoma01.html,D,17,74,1,15,16,1.6,0,0,7,7,0
Janne Laukkanen,/players/l/laukkja01.html,D,2,407,22,99,121,24.3,0,1,0,1,0
Jay Leach,/players/l/leachja02.html,D,2,70,1,2,3,1.6,0,0,0,0,0
Grant Ledyard,/players/l/ledyagr01.html,D,67,1028,90,276,366,63.2,0,3,5,8,0
Brian Lee,/players/l/leebr01.html,D,42,209,5,31,36,4.8,0,0,8,8,0
Junior Lessard,/players/l/lessaju01.html,RW/C,19,27,3,1,4,0.1,0,1,1,2,0
Chris Lipuma,/players/l/lipumch01.html,D,64,72,0,9,9,3.1,0,0,9,9,0
Craig MacDonald,/players/m/macdocr01.html,LW,65,233,11,24,35,0.5,0,2,9,11,0
Marek Malik,/players/m/malikma01.html,D,42,691,33,135,168,47.2,0,0,5,5,0
Troy Mallette,/players/m/malletr01.html,LW,3,456,51,68,119,1.5,0,0,0,0,0
Steve Maltais,/players/m/maltast01.html,LW,63,120,9,18,27,-0.8,0,7,13,20,0
Paul Mara,/players/m/marapa01.html,D,101,734,64,189,253,41.3,0,14,22,36,0
Jon Marchessault,/players/a/audymjo01.html,C,47,283,90,114,204,23.9,0,8,11,19,0
Bryan Marchment,/players/m/marchbr02.html,D,22,926,40,142,182,47.4,0,2,4,6,0
Danick Martel,/players/m/marteda01.html,LW,9,13,0,2,2,0.0,0,0,2,2,0
Steve Martins,/players/m/martist02.html,C,77,267,21,25,46,0.4,0,6,8,14,0
Chris McAlpine,/players/m/mcalpch01.html,D,10,289,6,24,30,10.0,0,1,1,2,0
Mike McBain,/players/m/mcbaimi01.html,D,64,64,0,7,7,0.5,0,0,7,7,0
Sandy McCarthy,/players/m/mccarsa01.html,RW,81,736,72,76,148,4.3,0,5,12,17,0
Ryan McDonagh,/players/m/mcdonry01.html,D,96,612,62,225,287,63.7,0,11,38,49,0
Bill McDougall,/players/m/mcdoubi01.html,C,22,28,5,5,10,0.6,0,3,3,6,0
Tye McGinn,/players/m/mcginty01.html,LW,2,89,9,8,17,1.3,0,0,0,0,0
Greg McKegg,/players/m/mckeggr01.html,C,15,132,13,11,24,1.5,0,0,1,1,0
Basil McRae,/players/m/mcraeba01.html,LW,14,576,53,83,136,-2.6,0,2,3,5,0
Josef Melichar,/players/m/melicjo01.html,D,24,349,7,42,49,8.6,0,0,5,5,0
Andrej Meszaros,/players/m/meszaan01.html,D,133,645,63,175,238,41.7,0,8,25,33,0
Glen Metropolit,/players/m/metrogl01.html,C,2,407,57,102,159,13.6,0,0,0,0,0
Vladimir Mihalik,/players/m/mihalvl01.html,D,15,15,0,3,3,-0.1,0,0,3,3,0
Brendan Mikkelson,/players/m/mikkebr01.html,D,45,131,1,9,10,1.2,0,1,3,4,0
Craig Millar,/players/m/millacr01.html,D,16,114,8,14,22,3.6,0,1,1,2,0
Drew Miller,/players/m/milledr01.html,LW,14,571,62,60,122,6.3,0,0,0,0,0
J.T. Miller,/players/m/millejt01.html,C,94,435,95,142,237,25.0,0,23,42,65,0
Norm Milley,/players/m/milleno01.html,RW,14,29,2,4,6,0.2,0,2,1,3,0
Michel Mongeau,/players/m/mongemi01.html,C,4,54,6,19,25,1.0,0,1,1,2,0
Dominic Moore,/players/m/mooredo01.html,C,133,897,106,176,282,19.2,0,22,29,51,0
Brenden Morrow,/players/m/morrobr01.html,LW,70,991,265,310,575,66.4,0,3,5,8,0
Bryan Muir,/players/m/muirbr01.html,D,40,279,16,37,53,9.1,0,1,4,5,0
Cory Murphy,/players/m/murphco01.html,D,25,91,9,27,36,5.7,0,5,10,15,0
Brantt Myhres,/players/m/myhrebr01.html,RW,62,154,6,2,8,-1.5,0,5,1,6,0
Andrei Nazarov,/players/n/nazaran01.html,LW,40,571,53,71,124,5.0,0,3,1,4,0
Stan Neckar,/players/n/neckast01.html,D,163,510,12,41,53,15.0,0,2,13,15,0
Nikita Nesterov,/players/n/nesteni01.html,D,119,132,9,24,33,6.5,0,8,20,28,0
Janne Niskala,/players/n/niskaja01.html,D,6,6,1,2,3,0.5,0,1,2,3,0
Jeff Norton,/players/n/nortoje01.html,D,50,799,52,332,384,56.2,0,4,11,15,0
Michael Nylander,/players/n/nylanmi01.html,C,35,920,209,470,679,65.0,0,3,9,12,0
Doug O'Brien,/players/o/obriedo01.html,D,5,5,0,0,0,0.0,0,0,0,0,0
Shane O'Brien,/players/o/obriesh01.html,D,96,537,13,79,92,21.0,0,4,19,23,0
Evan Oberg,/players/o/obergev01.html,D,3,7,0,0,0,0.2,0,0,0,0,0
Mattias Ohlund,/players/o/ohlunma01.html,D,139,909,93,250,343,65.8,0,0,18,18,0
Jimmie Olvestad,/players/o/olvesji01.html,LW,111,111,3,14,17,0.1,0,3,14,17,0
Keith Osborne,/players/o/osborke01.html,RW,11,16,1,3,4,-0.1,0,1,1,2,0
Michel Ouellet,/players/o/ouellmi01.html,RW,64,190,52,64,116,12.6,0,17,19,36,0
Richard Panik,/players/p/panikri01.html,RW,75,410,75,84,159,16.1,0,8,14,22,0
Mark Parrish,/players/p/parrima01.html,RW,16,722,216,171,387,42.6,0,0,2,2,0
Matthew Peca,/players/p/pecama01.html,C,20,59,6,11,17,0.7,0,3,4,7,0
Eric Perrin,/players/p/perrier01.html,C,86,245,32,72,104,6.6,0,13,23,36,0
Brent Peterson,/players/p/peterbr02.html,LW,56,56,9,1,10,0.6,0,9,1,10,0
Richard Petiot,/players/p/petiori01.html,D,11,15,0,3,3,0.8,0,0,3,3,0
Michel Petit,/players/p/petitmi01.html,D,45,827,90,238,328,45.8,0,4,7,11,0
Robert Petrovicky,/players/p/petroro01.html,C,71,208,27,38,65,3.7,0,10,14,24,0
Matt Pettinger,/players/p/pettima01.html,LW,59,422,65,58,123,7.3,0,8,7,15,0
Alexandre Picard,/players/p/picaral01.html,D,20,253,19,50,69,12.0,0,3,3,6,0
Adrien Plavsic,/players/p/plavsad01.html,D,22,214,16,56,72,13.5,0,3,3,6,0
Marek Posmyk,/players/p/posmyma01.html,D,19,19,1,2,3,0.6,0,1,2,3,0
Patrick Poulin,/players/p/poulipa01.html,C,125,634,101,134,235,15.7,0,14,22,36,0
Benoit Pouliot,/players/p/poulibe01.html,LW,34,625,130,133,263,30.9,0,8,12,20,0
Marc Pouliot,/players/p/poulima01.html,C,3,192,21,36,57,4.0,0,0,0,0,0
Wayne Primeau,/players/p/primewa01.html,C,64,774,69,125,194,5.4,0,4,16,20,0
Tom Pyatt,/players/p/pyattto01.html,C,144,445,43,58,101,3.7,0,23,19,42,0
Kevin Quick,/players/q/quickke01.html,D,6,6,0,1,1,0.2,0,0,1,1,0
Yves Racine,/players/r/racinyv01.html,D,60,508,37,194,231,31.6,0,0,8,8,0
Herb Raglan,/players/r/raglahe01.html,RW,2,343,33,56,89,0.0,0,0,0,0,0
Rob Ramage,/players/r/ramagro01.html,D,66,1044,139,425,564,75.1,0,5,12,17,0
Mark Recchi*,/players/r/recchma01.html,RW,62,1652,577,956,1533,147.5,0,13,32,45,0
Joe Reekie,/players/r/reekijo01.html,D,115,902,25,139,164,53.9,0,3,22,25,0
Darren Reid,/players/r/reidda03.html,RW,7,21,0,1,1,-0.5,0,0,1,1,0
Mikael Renberg,/players/r/renbemi01.html,RW,88,661,190,274,464,48.1,0,20,30,50,0
Tanner Richard,/players/r/richata01.html,C,3,3,0,0,0,-0.1,0,0,0,0,0
Luke Richardson,/players/r/richalu01.html,D,27,1417,35,166,201,45.5,0,0,3,3,0
Stephane Richer,/players/r/richest02.html,RW,110,1054,421,398,819,77.6,0,28,37,65,0
Stephane Richer,/players/r/richest01.html,D,3,27,1,5,6,0.9,0,0,0,0,0
Mattias Ritola,/players/r/ritolma01.html,RW,36,43,4,5,9,0.4,0,4,4,8,0
Shawn Rivers,/players/r/riversh01.html,D,4,4,0,2,2,0.2,0,0,2,2,0
Gary Roberts,/players/r/roberga01.html,LW,30,1224,438,472,910,91.9,0,4,3,7,0
Normand Rochefort,/players/r/rocheno01.html,D,6,598,39,119,158,35.4,0,0,0,0,0
Dale Rominski,/players/r/rominda01.html,RW,3,3,0,1,1,0.1,0,0,1,1,0
Mathieu Roy,/players/r/royma01.html,D,5,66,2,11,13,1.7,0,0,0,0,0
Gaetan Royer,/players/r/royerga01.html,RW,3,3,0,0,0,-0.1,0,0,0,0,0
Jason Ruff,/players/r/ruffja01.html,LW,7,14,3,3,6,0.5,0,1,2,3,0
Darren Rumble,/players/r/rumblda01.html,D,24,193,10,26,36,4.6,0,0,0,0,0
Jan Rutta,/players/r/ruttaja02.html,D,14,94,8,20,28,5.2,0,0,2,2,0
Sami Salo,/players/s/salosa01.html,D,117,878,99,240,339,72.9,0,6,28,34,0
Kjell Samuelsson,/players/s/samuekj01.html,D,46,813,48,138,186,49.2,0,1,4,5,0
Denis Savard*,/players/s/savarde01.html,C,105,1196,473,865,1338,105.2,0,24,39,63,0
Brandon Segal,/players/s/segalbr01.html,RW,12,103,11,11,22,2.1,0,0,0,0,0
Alexander Semak,/players/s/semakal01.html,C,22,289,83,91,174,13.9,0,5,5,10,0
Anatoli Semenov,/players/s/semenan01.html,C/LW,13,362,68,126,194,12.1,0,2,3,5,0
Mikhail Sergachev,/players/s/sergami01.html,D,154,158,15,57,72,11.3,0,15,57,72,0
Ryan Shannon,/players/s/shannry01.html,C,45,305,35,64,99,7.2,0,4,8,12,0
David Shaw,/players/s/shawda01.html,D,137,769,41,153,194,42.2,0,2,23,25,0
Jeff Shevalier,/players/s/shevaje01.html,LW,5,32,5,9,14,0.9,0,0,0,0,0
Mike Sillinger,/players/s/sillimi01.html,C,121,1049,240,308,548,40.9,0,27,27,54,0
Martin Simard,/players/s/simarma01.html,RW,7,44,1,5,6,-0.8,0,0,0,0,0
Reid Simpson,/players/s/simpsre01.html,LW,26,301,18,18,36,0.8,0,1,0,1,0
Andrei Skopintsev,/players/s/skopian01.html,D,23,40,2,4,6,0.7,0,1,1,2,0
Matt Smaby,/players/s/smabyma01.html,D,122,122,0,6,6,0.5,0,0,6,6,0
Trevor Smith,/players/s/smithtr01.html,C,16,107,9,11,20,0.7,0,2,3,5,0
Radek Smolenak,/players/s/smolera01.html,LW,6,7,0,1,1,0.0,0,0,1,1,0
Corey Spring,/players/s/sprinco01.html,RW,16,16,1,1,2,0.0,0,1,1,2,0
Shayne Stevenson,/players/s/stevesh01.html,RW,8,27,0,2,2,-0.7,0,0,1,1,0
Karl Stewart,/players/s/stewaka01.html,LW,16,69,2,4,6,-0.5,0,0,0,0,0
Cory Stillman,/players/s/stillco01.html,LW,81,1025,278,449,727,73.7,0,25,55,80,0
Rich Sutter,/players/s/sutteri01.html,RW,4,874,149,166,315,12.9,0,0,0,0,0
Jaroslav Svejkovsky,/players/s/svejkja01.html,RW,29,113,23,19,42,3.5,0,5,5,10,0
Alexander Svitov,/players/s/svitoal01.html,C,74,179,13,24,37,1.1,0,4,7,11,0
Petr Svoboda,/players/s/svobope01.html,D,123,1028,58,341,399,84.1,0,4,42,46,0
Darryl Sydor,/players/s/sydorda01.html,D,111,1291,98,409,507,94.0,0,5,25,30,0
Michal Sykora,/players/s/sykormi01.html,D,10,267,15,54,69,13.2,0,1,2,3,0
Paul Szczechura,/players/s/szczepa01.html,RW,83,92,10,10,20,0.4,0,9,7,16,0
Peter Taglianetti,/players/t/taglipe01.html,D,61,451,18,74,92,20.8,0,1,8,9,0
Alex Tanguay,/players/t/tangual01.html,LW,80,1088,283,580,863,95.2,0,10,27,37,0
Matt Taormina,/players/t/taormma01.html,D,12,59,4,8,12,3.5,0,0,0,0,0
Nick Tarnasky,/players/t/tarnani01.html,LW,169,245,13,17,30,0.3,0,11,9,20,0
Ryan Tobler,/players/t/toblery01.html,LW,4,4,0,0,0,-0.1,0,0,0,0,0
Jeff Toms,/players/t/tomsje01.html,C,48,236,22,33,55,2.1,0,3,10,13,0
Pavel Torgaev,/players/t/torgapa01.html,LW,5,55,6,14,20,1.1,0,0,2,2,0
Darcy Tucker,/players/t/tuckeda01.html,RW,167,947,215,261,476,41.0,0,41,50,91,0
Dana Tyrell,/players/t/tyrelda01.html,C/RW,132,135,7,17,24,0.0,0,7,17,24,0
Igor Ulanov,/players/u/ulanoig01.html,D,115,739,27,135,162,37.3,0,5,15,20,0
Stephane Veilleux,/players/v/veillst01.html,LW,77,506,50,56,106,4.0,0,3,6,9,0
Joel Vermin,/players/v/vermijo01.html,RW,24,24,0,4,4,0.2,0,0,4,4,0
Mike Vernace,/players/v/vernami01.html,D,10,22,0,1,1,0.0,0,0,1,1,0
Radim Vrbata,/players/v/vrbatra01.html,RW,18,1057,284,339,623,69.1,0,3,3,6,0
Vladimir Vujtek,/players/v/vujtevl01.html,LW,30,110,7,30,37,0.8,0,2,4,6,0
Mick Vukota,/players/v/vukotmi01.html,RW,42,573,17,29,46,-10.7,0,1,0,1,0
Matt Walker,/players/w/walkema01.html,D,66,314,4,26,30,7.7,0,2,3,5,0
Tim Wallace,/players/w/wallati01.html,RW,18,101,4,9,13,-0.3,0,3,5,8,0
Kyle Wanvig,/players/w/wanviky01.html,RW,11,75,6,9,15,0.6,0,1,0,1,0
Jason Ward,/players/w/wardja01.html,RW,97,336,36,45,81,4.2,0,12,10,22,0
Todd Warriner,/players/w/warrito01.html,LW,119,453,65,89,154,9.6,0,21,24,45,0
Noah Welch,/players/w/welchno01.html,D,17,75,4,5,9,1.6,0,0,0,0,0
Jay Wells,/players/w/wellsja01.html,D,21,1098,47,216,263,50.2,0,0,0,0,0
David Wilkie,/players/w/wilkida01.html,D,75,167,10,26,36,3.2,0,2,12,14,0
Shane Willis,/players/w/willish01.html,RW,33,174,31,43,74,6.8,0,4,9,13,0
Ty Wishart,/players/w/wishaty01.html,D,5,26,1,5,6,1.6,0,0,1,1,0
Luke Witkowski,/players/w/witkolu01.html,D,54,119,1,9,10,1.6,0,0,4,4,0
Craig Wolanin,/players/w/wolancr01.html,D,15,695,40,133,173,30.6,0,0,0,0,0
James Wright,/players/w/wrighja02.html,C,49,146,4,8,12,-1.8,0,2,3,5,0
J.T. Wyman,/players/w/wymanja01.html,RW,41,44,2,9,11,0.5,0,2,9,11,0
Juha Ylonen,/players/y/yloneju01.html,C,65,341,26,76,102,4.7,0,3,10,13,0
Thomas Ziegler,/players/z/zieglth01.html,RW,5,5,0,0,0,-0.1,0,0,0,0,0
Andrei Zyuzin,/players/z/zyuzian01.html,D,107,496,38,82,120,25.8,0,6,27,33,0
