Alex Auld,/players/a/auldal01.html,G,81,237,0,7,7,35.8,91
Richard Bachman,/players/b/bachmri01.html,G,7,48,0,1,1,6.1,20
Murray Bannerman,/players/b/bannemu01.html,G,1,289,0,10,10,49.7,116
Martin Brochu,/players/b/brochma01.html,G,6,9,0,0,0,0.4,0
Gary Bromley,/players/b/bromlga01.html,G,73,136,0,6,6,20.4,54
Bruce Bullock,/players/b/bullobr01.html,G,16,16,0,0,0,0.5,3
Sean Burke,/players/b/burkese01.html,G,16,820,0,28,28,141.9,324
Frank Caprice,/players/c/caprifr01.html,G,102,102,0,3,3,11.3,31
Jacques Caron,/players/c/caronja01.html,G,10,72,0,1,1,9.4,24
Thatcher Demko,/players/d/demkoth01.html,G,10,10,0,1,1,1.7,5
Michael Dipietro,/players/d/dipiemi01.html,G,1,1,0,0,0,-0.4,0
Ed Dyck,/players/d/dycked01.html,G,49,49,0,0,0,2.4,8
Ken Ellacott,/players/e/ellacke01.html,G,12,12,0,0,0,1.1,2
Joacim Eriksson,/players/e/eriksjo01.html,G,1,1,0,0,0,-0.2,0
Bob Essensa,/players/e/essenbo01.html,G,39,446,0,15,15,68.7,173
Mike Fountain,/players/f/fountmi01.html,G,6,11,0,0,0,0.7,2
Troy Gamble,/players/g/gambltr01.html,G,72,72,0,1,1,8.4,22
George Gardner,/players/g/gardnge01.html,G,42,66,0,0,0,5.0,16
John Garrett,/players/g/garrejo01.html,G,56,207,0,3,3,23.4,68
Glen Hanlon,/players/h/hanlogl01.html,G,136,476,0,11,11,76.7,167
Johan Hedberg,/players/h/hedbejo01.html,G,21,373,0,10,10,51.6,161
Rick Heinz,/players/h/heinzri01.html,G,3,49,0,1,1,5.3,14
Corey Hirsch,/players/h/hirscco01.html,G,101,108,0,3,3,14.1,34
Charlie Hodge,/players/h/hodgech01.html,G,35,358,0,0,0,61.7,153
Arturs Irbe,/players/i/irbear01.html,G,41,568,0,9,9,83.6,218
Jason LaBarbera,/players/l/labarja01.html,G,9,187,0,2,2,28.7,62
Eddie Lack,/players/l/lacked01.html,G,82,144,0,2,2,20.5,56
Ken Lockett,/players/l/lockeke01.html,G,55,55,0,0,0,6.5,13
Drew MacIntyre,/players/m/macindr01.html,G,2,6,0,0,0,0.6,0
Cesare Maniago,/players/m/maniace01.html,G,93,568,0,4,4,80.9,190
Jacob Markstrom,/players/m/marksja02.html,G,186,229,0,8,8,35.8,87
Bob Mason,/players/m/masonbo01.html,G,6,145,0,4,4,22.2,55
Steve McKichan,/players/m/mckicst01.html,G,1,1,0,0,0,0.0,0
Dave McLelland,/players/m/mclelda01.html,G,2,2,0,0,0,0.0,1
Rob McVicar,/players/m/mcvicro01.html,G,1,1,0,0,0,0.0,0
Alfie Michaud,/players/m/michaal01.html,G,2,2,0,0,0,-0.1,0
Ryan Miller,/players/m/millery01.html,G,150,757,0,11,11,146.7,378
Tyler Moss,/players/m/mossty01.html,G,1,30,0,1,1,3.3,6
Anders Nilsson,/players/n/nilssan01.html,G,39,141,0,3,3,21.8,50
Mika Noronen,/players/n/noronmi01.html,G,4,71,1,0,1,8.6,23
Maxime Ouellet,/players/o/ouellma01.html,G,4,12,0,1,1,2.0,2
Felix Potvin,/players/p/potvife01.html,G,69,635,0,16,16,106.3,266
Andrew Raycroft,/players/r/raycran01.html,G,21,280,0,3,3,38.6,113
Curt Ridley,/players/r/ridlecu01.html,G,96,104,0,1,1,10.6,27
Dany Sabourin,/players/s/sabouda01.html,G,9,57,0,1,1,6.7,18
Curtis Sanford,/players/s/sanfocu01.html,G,35,144,0,1,1,19.7,47
Cory Schneider,/players/s/schneco01.html,G,98,396,0,8,8,73.6,167
Corey Schwab,/players/s/schwaco01.html,G,6,147,0,6,6,16.5,42
Peter Skudra,/players/s/skudrpe01.html,G,46,146,0,2,2,14.3,51
Gary Smith,/players/s/smithga01.html,G,188,531,0,7,7,69.8,174
Garth Snow,/players/s/snowga01.html,G,109,368,0,5,5,49.9,135
Kevin Weekes,/players/w/weekeke01.html,G,31,348,0,3,3,52.6,105
Steve Weeks,/players/w/weeksst01.html,G,66,291,0,7,7,40.3,112
Kay Whitmore,/players/w/whitmka01.html,G,74,155,0,9,9,16.4,60
Dunc Wilson,/players/w/wilsodu01.html,G,148,287,0,4,4,30.9,80
Wendell Young,/players/y/youngwe01.html,G,30,187,0,10,10,23.8,59
Greg Adams,/players/a/adamsgr01.html,LW,12,544,84,143,227,8.8,0
Bruce Affleck,/players/a/afflebr01.html,D,5,280,14,66,80,12.5,0
Jim Agnew,/players/a/agnewji01.html,D,65,81,0,1,1,2.0,0
Andrew Alberts,/players/a/alberan01.html,D,134,459,8,47,55,13.4,0
Claire Alexander,/players/a/alexacl01.html,D,32,155,18,47,65,10.7,0
Jonas Andersson,/players/a/anderjo02.html,RW,4,9,0,0,0,-0.2,0
Shawn Antoski,/players/a/antossh01.html,LW,70,183,3,5,8,-4.4,0
John Arbour,/players/a/arboujo01.html,D,13,106,1,9,10,3.6,0
Darren Archibald,/players/a/archida02.html,RW,52,55,6,8,14,1.1,0
Magnus Arvedson,/players/a/arvedma01.html,LW,41,434,100,125,225,26.4,0
Brent Ashton,/players/a/ashtobr01.html,LW,124,998,284,345,629,39.7,0
Peter Bakovic,/players/b/bakovpe01.html,RW,10,10,2,0,2,0.0,0
Jozef Balej,/players/b/balejjo01.html,RW,1,18,1,5,6,0.3,0
Keith Ballard,/players/b/ballake01.html,D,148,604,38,137,175,33.0,0
Dave Balon,/players/b/balonda01.html,LW,116,777,192,222,414,34.5,0
Cam Barker,/players/b/barkeca01.html,D,14,310,21,75,96,15.1,0
Robin Bartel,/players/b/bartero01.html,D,40,41,0,1,1,1.3,0
Matt Bartkowski,/players/b/bartkma01.html,D,80,255,8,40,48,9.2,0
Nolan Baumgartner,/players/b/baumgno01.html,D,99,143,7,40,47,8.4,0
Robin Bawa,/players/b/bawaro01.html,RW,2,61,6,1,7,-1.2,0
Jay Beagle,/players/b/beaglja01.html,RW/C,57,528,54,75,129,8.5,0
Kris Beech,/players/b/beechkr01.html,C,4,198,25,42,67,4.1,0
Jesse Belanger,/players/b/belanje01.html,C,9,246,59,76,135,10.8,0
Neil Belland,/players/b/bellane01.html,D,106,109,13,32,45,7.0,0
Josef Beranek,/players/b/beranjo01.html,LW/C,98,531,118,144,262,17.8,0
Drake Berehowsky,/players/b/berehdr01.html,D,39,549,37,112,149,29.2,0
Marc Bergevin,/players/b/bergema01.html,D,9,1191,36,145,181,46.5,0
Steve Bernier,/players/b/bernist01.html,RW,140,637,105,125,230,21.6,0
Ken Berry,/players/b/berryke01.html,LW,27,55,8,10,18,0.3,0
Alex Biega,/players/b/biegaal01.html,D,179,179,4,32,36,6.4,0
Byron Bitz,/players/b/bitzby01.html,RW,10,97,10,12,22,1.4,0
Mario Bliznak,/players/b/bliznma01.html,C,6,6,1,0,1,0.1,0
Ken Block,/players/b/blockke01.html,D,1,1,0,0,0,0.0,0
Doug Bodger,/players/b/bodgedo01.html,D,13,1071,106,422,528,79.4,0
Brock Boeser,/players/b/boesebr01.html,RW,140,140,59,57,116,13.9,0
Lonny Bohonos,/players/b/bohonlo01.html,RW,70,83,19,16,35,2.6,0
Alexandre Bolduc,/players/b/boldual01.html,C,46,65,2,3,5,-0.5,0
Larry Bolonchuk,/players/b/bolonla01.html,D,15,74,3,9,12,1.0,0
Nick Bonino,/players/b/boninni01.html,C,75,559,104,143,247,24.6,0
Ryan Bonni,/players/b/bonniry01.html,D,3,3,0,0,0,-0.1,0
David Booth,/players/b/boothda01.html,LW,134,530,124,112,236,24.5,0
Paulin Bordeleau,/players/b/bordepa01.html,RW,183,183,33,56,89,4.4,0
Reid Boucher,/players/b/bouchre01.html,C,48,133,20,22,42,3.3,0
Tyler Bouck,/players/b/bouckty01.html,C,36,91,4,8,12,0.0,0
Luc Bourdon,/players/b/bourdlu01.html,D,36,36,2,0,2,1.5,0
Randy Boyd,/players/b/boydra01.html,D,62,257,20,67,87,13.4,0
Steve Bozek,/players/b/bozekst01.html,LW,191,641,164,167,331,17.8,0
Brian Bradley,/players/b/bradlbr01.html,C,193,651,182,321,503,39.0,0
Per-Olov Brasar,/players/b/brasape01.html,LW,181,348,64,142,206,11.6,0
Mel Bridgman,/players/b/bridgme01.html,C,15,977,252,449,701,45.6,0
Guillaume Brisebois,/players/b/brisegu01.html,D,8,8,0,0,0,-0.2,0
Wade Brookbank,/players/b/brookwa01.html,D,52,127,6,3,9,1.7,0
Cam Brown,/players/b/brownca01.html,LW,1,1,0,0,0,0.0,0
Jeff Brown,/players/b/brownje02.html,D,72,747,154,430,584,78.3,0
Mike Brown,/players/b/brownmi02.html,RW,39,407,19,17,36,-1.5,0
Mike Brown,/players/b/brownmi01.html,LW,16,34,1,2,3,0.2,0
Sean Brown,/players/b/brownse01.html,D,12,436,14,43,57,11.7,0
David Bruce,/players/b/bruceda01.html,LW,143,234,48,39,87,3.5,0
Jan Bulis,/players/b/bulisja01.html,C,79,552,96,149,245,22.0,0
Alexander Burmistrov,/players/b/burmial01.html,C,24,348,37,64,101,4.9,0
Rod Buskas,/players/b/buskaro01.html,D,17,556,19,63,82,19.8,0
Sven Butensch√∂n,/players/b/butensv01.html,D,8,140,2,12,14,2.4,0
Jerry Butler,/players/b/butleje01.html,RW,128,641,99,120,219,5.6,0
Drew Callander,/players/c/calladr01.html,C/RW,21,39,6,2,8,-0.2,0
Colin Campbell,/players/c/campbco01.html,D,89,636,25,103,128,27.8,0
Dave Capuano,/players/c/capuada01.html,LW,88,104,17,38,55,2.9,0
Jack Capuano,/players/c/capuaja01.html,D,3,6,0,0,0,0.1,0
Keith Carney,/players/c/carneke01.html,D,18,1018,45,183,228,66.8,0
Larry Carriere,/players/c/carrila01.html,D,56,366,16,74,90,22.5,0
Jimmy Carson,/players/c/carsoji01.html,C,34,626,275,286,561,45.6,0
Anson Carter,/players/c/cartean01.html,RW,81,674,202,219,421,45.1,0
Michael Chaput,/players/c/chapumi01.html,C,77,167,6,16,22,-0.8,0
Jose Charbonneau,/players/c/charbjo01.html,RW,46,71,9,13,22,0.6,0
Marc Chouinard,/players/c/chouima01.html,C,42,320,37,41,78,6.2,0
Mike Christie,/players/c/chrismi01.html,D,9,412,15,101,116,21.9,0
Enrico Ciccone,/players/c/ciccoen01.html,D,13,374,10,18,28,14.1,0
Adam Clendening,/players/c/clendad01.html,D,17,90,4,20,24,5.1,0
Glen Cochrane,/players/c/cochrgl01.html,D,63,411,17,72,89,21.8,0
Wayne Connelly,/players/c/connewa01.html,C,53,543,133,174,307,21.1,0
Brandon Convery,/players/c/convebr01.html,C,19,72,9,19,28,1.5,0
Bob Cook,/players/c/cookbo01.html,RW,2,72,13,9,22,0.6,0
Frank Corrado,/players/c/corrafr01.html,D,28,76,3,5,8,0.3,0
Mike Corrigan,/players/c/corrimi01.html,LW,95,594,152,195,347,23.3,0
Patrick Coulombe,/players/c/coulopa01.html,D,7,7,0,1,1,-0.2,0
Russ Courtnall,/players/c/courtru01.html,RW,141,1029,297,447,744,57.2,0
Larry Courville,/players/c/courvla01.html,LW,33,33,1,2,3,-1.0,0
Jeff Cowan,/players/c/cowanje01.html,LW,88,413,47,34,81,5.3,0
Craig Coxe,/players/c/coxecr01.html,LW,177,235,14,31,45,-1.8,0
Adam Cracknell,/players/c/crackad01.html,RW,44,210,21,22,43,3.7,0
Joseph Cramarossa,/players/c/cramajo01.html,C,10,59,4,6,10,0.6,0
Murray Craven,/players/c/cravemu01.html,LW,88,1071,266,493,759,55.8,0
Marc Crawford,/players/c/crawfma01.html,LW,176,176,19,31,50,0.1,0
Troy Crowder,/players/c/crowdtr01.html,RW,30,150,9,7,16,-2.5,0
Ray Cullen,/players/c/cullera01.html,C,70,313,92,123,215,17.2,0
Jassen Cullimore,/players/c/cullija01.html,D,64,812,26,85,111,27.1,0
Tony Currie,/players/c/currito01.html,RW,38,290,92,119,211,14.5,0
J.J. Daigneault,/players/d/daignjj01.html,D,131,899,53,197,250,48.9,0
Zac Dalpe,/players/d/dalpeza01.html,RW,55,141,12,13,25,0.9,0
Rob Davison,/players/d/davisro01.html,D,23,219,3,15,18,4.9,0
Brandon DeFazio,/players/d/defazbr01.html,LW,2,2,0,0,0,0.0,0
Michael Del Zotto,/players/d/delzomi01.html,D,105,608,54,167,221,40.6,0
Ab DeMarco,/players/d/demarab02.html,D,95,344,44,80,124,26.6,0
Pavol Demitra,/players/d/demitpa01.html,LW,97,847,304,464,768,90.0,0
Bill Derlago,/players/d/derlabi01.html,C,63,555,189,227,416,26.7,0
Guillaume Desbiens,/players/d/desbigu01.html,RW,13,23,0,0,0,-0.2,0
Raphael Diaz,/players/d/diazra01.html,D,6,201,8,41,49,9.2,0
Gary Doak,/players/d/doakga01.html,D,82,790,23,107,130,37.7,0
Derek Dorsett,/players/d/dorsede01.html,RW,184,515,51,76,127,6.8,0
Jim Dowd,/players/d/dowdji01.html,C,38,728,71,168,239,15.9,0
Nic Dowd,/players/d/dowdni01.html,C,40,195,17,31,48,2.8,0
Harold Druken,/players/d/drukeha01.html,C,118,146,27,36,63,7.2,0
Mike Duco,/players/d/ducomi01.html,LW,6,18,0,2,2,-0.2,0
Dale Dunbar,/players/d/dunbada01.html,D,1,2,0,0,0,0.1,0
Dave Dunn,/players/d/dunnda01.html,D,69,184,14,41,55,9.2,0
Andrew Ebbett,/players/e/ebbetan01.html,C,46,224,26,45,71,5.8,0
Christian Ehrhoff,/players/e/ehrhoch01.html,D,159,789,74,265,339,67.7,0
Neil Eisenhut,/players/e/eisenne01.html,C,13,16,1,3,4,0.0,0
Anders Eldebrink,/players/e/eldeban01.html,D,43,55,3,11,14,2.9,0
Roland Eriksson,/players/e/eriksro01.html,C,35,193,48,95,143,9.1,0
Emerson Etem,/players/e/etemem01.html,RW,39,173,22,24,46,3.5,0
Fedor Fedorov,/players/f/fedorfe01.html,C,15,18,0,2,2,-0.1,0
Taylor Fedun,/players/f/fedunta01.html,D,1,100,6,20,26,5.7,0
Tom Fergus,/players/f/ferguto01.html,C,80,726,235,346,581,39.3,0
Benn Ferriero,/players/f/ferribe01.html,RW,2,98,14,9,23,2.5,0
Zack Fitzgerald,/players/f/fitzgza01.html,D,1,1,0,0,0,0.0,0
Rory Fitzpatrick,/players/f/fitzpro02.html,D,58,287,10,25,35,7.0,0
Rob Flockhart,/players/f/flockro01.html,LW,43,55,2,5,7,-1.3,0
Peter Folco,/players/f/folcope01.html,D,2,2,0,0,0,0.0,0
Dave Fortier,/players/f/fortida01.html,D,58,205,8,21,29,10.8,0
Alex Friesen,/players/f/friesal01.html,C,1,1,0,0,0,-0.1,0
Dave Gagner,/players/g/gagneda01.html,C,33,946,318,401,719,60.9,0
Sam Gagner,/players/g/gagnesa01.html,C,81,802,158,288,446,39.5,0
Jason Garrison,/players/g/garrija01.html,D,128,555,49,111,160,38.3,0
Brad Gassoff,/players/g/gassobr01.html,LW,122,122,19,17,36,0.2,0
Adam Gaudette,/players/g/gaudead01.html,C,61,61,5,7,12,0.5,0
Brendan Gaunce,/players/g/gauncbr01.html,C,117,117,6,9,15,-0.1,0
Don Gibson,/players/g/gibsodo02.html,D,14,14,0,3,3,0.6,0
Tanner Glass,/players/g/glassta01.html,LW,140,527,24,45,69,-2.1,0
Dan Gloor,/players/g/gloorda01.html,C,2,2,0,0,0,-0.1,0
Brian Glynn,/players/g/glynnbr01.html,D,16,431,25,79,104,17.9,0
Nikolay Goldobin,/players/g/goldoni01.html,LW,113,124,19,27,46,3.3,0
Larry Goodenough,/players/g/goodela01.html,D,113,242,22,77,99,19.2,0
Andrew Gordon,/players/g/gordoan01.html,RW,6,55,3,4,7,-0.4,0
Robb Gordon,/players/g/gordoro01.html,C,4,4,0,0,0,-0.1,0
Lee Goren,/players/g/gorenle01.html,RW,30,67,5,4,9,0.0,0
Larry Gould,/players/g/gouldla01.html,LW,2,2,0,0,0,-0.1,0
Michael Grabner,/players/g/grabnmi01.html,RW,20,594,167,98,265,33.8,0
Marc-Andre Gragnani,/players/g/gragnma01.html,D,14,78,3,15,18,0.7,0
Josh Green,/players/g/greenjo01.html,LW,90,341,36,40,76,5.1,0
Randy Gregg,/players/g/greggra01.html,D,21,474,41,152,193,31.0,0
Alexandre Grenier,/players/g/grenial01.html,RW,9,9,0,0,0,-0.3,0
Martin Grenier,/players/g/grenima01.html,D,7,18,1,0,1,0.2,0
Erik Gudbranson,/players/g/gudbrer01.html,D,139,467,16,48,64,9.7,0
Kevan Guy,/players/g/guyke01.html,D,114,156,5,20,25,6.2,0
Murray Hall,/players/h/hallmu01.html,RW,109,164,35,48,83,4.6,0
Taylor Hall,/players/h/hallta01.html,LW,34,41,7,9,16,0.2,0
Jim Hargreaves,/players/h/hargrji01.html,D,66,66,1,7,8,0.8,0
Ed Hatoum,/players/h/hatoued01.html,RW,26,47,3,6,9,-0.8,0
Greg Hawgood,/players/h/hawgogr01.html,D,95,474,60,164,224,37.6,0
Todd Hawkins,/players/h/hawkito01.html,W,8,10,0,0,0,-0.3,0
Steve Hazlett,/players/h/hazlest01.html,LW,1,1,0,0,0,-0.1,0
Bryan Helmer,/players/h/helmebr01.html,D,62,146,8,18,26,6.1,0
Darby Hendrickson,/players/h/hendrda01.html,C,67,518,65,64,129,3.3,0
Jan Hlavac,/players/h/hlavaja01.html,LW,55,436,90,134,224,21.3,0
Ivan Hlinka,/players/h/hlinkiv01.html,C,137,137,42,81,123,8.5,0
Cody Hodgson,/players/h/hodgsco01.html,C,71,328,64,78,142,13.2,0
Dan Hodgson,/players/h/hodgsda01.html,C,74,114,29,45,74,4.5,0
Josh Holden,/players/h/holdejo01.html,C,46,60,5,9,14,0.6,0
Bruce Holloway,/players/h/hollobr01.html,D,2,2,0,0,0,0.0,0
Philip Holm,/players/h/holmph01.html,D,1,1,0,0,0,-0.1,0
Randy Holt,/players/h/holtra01.html,D,22,395,4,37,41,12.3,0
Ron Homenuke,/players/h/homenro01.html,RW,1,1,0,0,0,-0.1,0
Darcy Hordichuk,/players/h/hordida01.html,LW,129,542,20,21,41,0.0,0
Willie Huber,/players/h/huberwi01.html,D,35,655,104,217,321,41.9,0
Greg Hubick,/players/h/hubicgr01.html,D,5,77,6,9,15,3.5,0
John Hughes,/players/h/hughejo01.html,D,52,70,2,14,16,3.2,0
Quinn Hughes,/players/h/hughequ01.html,D,5,5,0,3,3,0.4,0
Tim Hunter,/players/h/hunteti01.html,RW,176,815,62,76,138,-5.1,0
Bob Hurlburt,/players/h/hurlbbo01.html,LW,1,1,0,0,0,0.0,0
Jamie Huscroft,/players/h/huscrja01.html,D,33,352,5,33,38,13.9,0
Brad Isbister,/players/i/isbisbr01.html,LW,55,541,106,116,222,19.4,0
Dane Jackson,/players/j/jacksda01.html,RW,15,45,12,6,18,1.7,0
Jason Jaffray,/players/j/jaffrja01.html,LW,33,49,4,7,11,0.8,0
Nicklas Jensen,/players/j/jenseni01.html,LW,24,31,3,3,6,0.2,0
Danny Johnson,/players/j/johnsda01.html,C,76,120,18,19,37,0.7,0
Ryan Johnson,/players/j/johnsry01.html,C,120,701,38,84,122,-0.9,0
Mikko Jokela,/players/j/jokelmi01.html,D,1,1,0,0,0,0.0,0
Jussi Jokinen,/players/j/jokinju01.html,C,14,951,191,372,563,57.2,0
Chris Joseph,/players/j/josepch01.html,D,101,510,39,112,151,21.8,0
Derek Joslin,/players/j/joslide01.html,D,2,116,4,12,16,2.4,0
Sheldon Kannegiesser,/players/k/kannesh01.html,D,42,366,14,67,81,22.6,0
Steve Kariya,/players/k/kariyst01.html,LW,65,65,9,18,27,2.5,0
Zack Kassian,/players/k/kassiza01.html,RW,171,466,67,76,143,11.6,0
Pat Kavanagh,/players/k/kavanpa01.html,RW,6,14,2,0,2,0.3,0
Mike Keane,/players/k/keanemi01.html,RW,64,1161,168,302,470,30.3,0
Ronalds Kenins,/players/k/keninro01.html,LW,38,38,4,8,12,0.9,0
Dan Kesa,/players/k/kesada01.html,RW,19,139,8,22,30,0.0,0
Ian Kidd,/players/k/kiddia01.html,D,20,20,4,7,11,1.5,0
Jason King,/players/k/kingja01.html,C,55,59,12,11,23,2.4,0
Mark Kirton,/players/k/kirtoma01.html,C,119,266,57,56,113,3.5,0
Joe Kocur,/players/k/kocurjo01.html,RW,7,820,80,82,162,-4.6,0
Zenith Komarniski,/players/k/komarze01.html,D,19,21,1,1,2,0.5,0
Jerry Korab,/players/k/korabje01.html,D,31,975,114,341,455,79.5,0
Don Kozak,/players/k/kozakdo01.html,RW,28,437,96,86,182,10.2,0
Lukas Krajicek,/players/k/krajilu01.html,D,117,328,11,61,72,12.4,0
Jason Krog,/players/k/krogja01.html,C,4,202,22,37,59,5.1,0
Robert Kron,/players/k/kronro01.html,LW,144,771,144,194,338,23.2,0
Vladimir Krutov,/players/k/krutovl01.html,LW,61,61,11,23,34,1.8,0
Frantisek Kucera,/players/k/kucerfr01.html,D,26,465,24,95,119,27.9,0
Stu Kulak,/players/k/kulakst01.html,RW,32,90,8,4,12,-1.4,0
Justin Kurtz,/players/k/kurtzju01.html,D,27,27,3,5,8,1.2,0
Tom Kurvers,/players/k/kurveto01.html,D,32,659,93,328,421,54.3,0
Joseph Labate,/players/l/labatjo01.html,C,13,13,0,0,0,-0.2,0
Scott Lachance,/players/l/lachasc01.html,D,157,819,31,112,143,30.8,0
Nathan LaFayette,/players/l/lafayna01.html,C,38,187,17,20,37,0.1,0
Kellan Lain,/players/l/lainke01.html,C,9,9,1,0,1,0.2,0
Mike Lampman,/players/l/lampmmi01.html,LW,14,96,17,20,37,1.6,0
Darren Langdon,/players/l/langdda01.html,LW,45,521,16,23,39,-3.0,0
Jean-Marc Lanthier,/players/l/lanthje01.html,RW,105,105,16,16,32,0.1,0
Maxim Lapierre,/players/l/lapiema01.html,C,149,614,65,74,139,7.4,0
Philip Larsen,/players/l/larseph01.html,D,26,151,9,28,37,6.8,0
Paul Lawless,/players/l/lawlepa01.html,LW,13,239,49,77,126,6.1,0
John LeBlanc,/players/l/leblajo01.html,RW,43,83,26,13,39,2.5,0
Grant Ledyard,/players/l/ledyagr01.html,D,49,1028,90,276,366,63.2,0
Brad Leeb,/players/l/leebbr01.html,RW,4,5,0,0,0,-0.2,0
Gary Leeman,/players/l/leemaga01.html,RW,10,667,199,267,466,32.9,0
Brendan Leipsic,/players/l/leipsbr01.html,LW,31,126,13,35,48,2.9,0
Josh Leivo,/players/l/leivojo01.html,LW,49,133,24,22,46,4.9,0
Rich Lemieux,/players/l/lemieri01.html,C,192,274,39,82,121,3.5,0
Tim Lenardon,/players/l/lenarti01.html,C,8,15,2,1,3,-0.1,0
Trevor Letowski,/players/l/letowtr01.html,RW,120,616,84,117,201,14.5,0
Craig Levie,/players/l/leviecr01.html,D,9,183,22,53,75,12.4,0
Mats Lindgren,/players/l/lindgma01.html,C/LW,54,387,54,74,128,9.7,0
Dave Logan,/players/l/loganda01.html,D,40,218,5,29,34,8.2,0
Brian Loney,/players/l/loneybr01.html,RW,12,12,2,3,5,0.3,0
Dave Lowry,/players/l/lowryda01.html,LW,165,1084,164,187,351,17.2,0
Brad Lukowich,/players/l/lukowbr01.html,D,13,658,23,90,113,31.4,0
Len Lunde,/players/l/lundele01.html,C,20,321,39,83,122,4.8,0
Al MacAdam,/players/m/macadal01.html,RW,80,864,240,351,591,40.4,0
Blair MacDonald,/players/m/macdobl01.html,RW,88,219,91,100,191,14.5,0
Brett MacDonald,/players/m/macdobr01.html,D,1,1,0,0,0,0.0,0
Zack MacEwen,/players/m/macewza01.html,C,4,4,0,1,1,-0.1,0
Jim Mair,/players/m/mairji01.html,D,23,76,4,15,19,2.4,0
Wayne Maki,/players/m/makiwa01.html,LW,180,246,57,79,136,8.7,0
Manny Malhotra,/players/m/malhoma01.html,C,159,991,116,179,295,20.8,0
Marek Malik,/players/m/malikma01.html,D,147,691,33,135,168,47.2,0
Dean Malkoc,/players/m/malkode01.html,D,41,116,1,3,4,1.3,0
Mark Mancari,/players/m/mancama01.html,RW,6,42,3,10,13,0.7,0
Kris Manery,/players/m/manerkr01.html,C/RW,21,250,63,64,127,7.1,0
Bob Manno,/players/m/mannobo01.html,D,163,371,41,132,173,21.5,0
Mario Marois,/players/m/maroima01.html,D,50,956,76,357,433,64.1,0
Grant Martin,/players/m/martigr01.html,LW,24,44,0,4,4,-1.2,0
Pit Martin,/players/m/martipi01.html,C,131,1101,324,485,809,69.9,0
Shawn Matthias,/players/m/matthsh01.html,C,96,551,90,84,174,15.9,0
Brad Maxwell,/players/m/maxwebr02.html,D,30,613,98,270,368,49.0,0
Jay Mazur,/players/m/mazurja01.html,C/RW,47,47,11,7,18,1.2,0
Chris McAllister,/players/m/mcallch01.html,D,64,301,4,17,21,2.3,0
Andrew McBain,/players/m/mcbaian01.html,RW,45,608,129,172,301,12.4,0
Bryan McCabe,/players/m/mccabbr01.html,D,95,1135,145,383,528,97.9,0
Jared McCann,/players/m/mccanja01.html,C,69,244,38,50,88,8.0,0
Steve McCarthy,/players/m/mccarst01.html,D,51,302,17,38,55,8.9,0
Dennis McCord,/players/m/mccorde01.html,D,3,3,0,0,0,0.1,0
Joe McDonnell,/players/m/mcdonjo01.html,D,7,50,2,10,12,1.2,0
Evan McEneny,/players/m/mceneev01.html,D,1,1,0,0,0,-0.1,0
Jack McIlhargey,/players/m/mcilhja01.html,D,167,393,11,36,47,13.8,0
John McIntyre,/players/m/mcintjo01.html,C,90,351,24,54,78,-2.6,0
Nathan McIver,/players/m/mcivena01.html,D,18,36,0,1,1,-0.3,0
Brandon McMillan,/players/m/mcmilbr01.html,LW,8,171,14,22,36,0.6,0
Peter McNab,/players/m/mcnabpe01.html,C,89,955,363,450,813,65.3,0
Bryan McSheffrey,/players/m/mcshebr01.html,RW,87,90,13,7,20,-1.1,0
Gerry Meehan,/players/m/meehage01.html,C,57,670,180,243,423,30.5,0
Jayson Megna,/players/m/megnaja01.html,C,59,113,10,10,20,1.1,0
Larry Melnyk,/players/m/melnyla01.html,D,190,432,11,63,74,17.9,0
Aaron Miller,/players/m/milleaa01.html,D,57,677,25,94,119,31.4,0
Gerry Minor,/players/m/minorge01.html,C,140,140,11,21,32,-0.7,0
Tomas Mojzis,/players/m/mojzito01.html,D,7,17,1,2,3,0.7,0
Lars Molin,/players/m/molinla01.html,LW,172,172,33,65,98,4.1,0
Griffen Molino,/players/m/molingr01.html,C,5,5,0,0,0,-0.2,0
Brad Moran,/players/m/moranbr01.html,C,3,8,1,2,3,0.3,0
Stephane Morin,/players/m/morinst01.html,C,6,90,16,39,55,3.5,0
Dave Morrison,/players/m/morrida01.html,RW,8,39,3,3,6,-0.8,0
Tyler Motte,/players/m/mottety01.html,C,89,153,18,12,30,1.5,0
Bill Muckalt,/players/m/muckabi01.html,RW,106,256,40,57,97,8.9,0
Rob Murphy,/players/m/murphro02.html,C,73,125,9,12,21,-1.9,0
Bob Murray,/players/m/murrabo01.html,D,90,194,6,16,22,9.1,0
John Namestnikov,/players/n/namesjo01.html,D,35,43,0,9,9,1.8,0
Sergei Nemchinov,/players/n/nemchse01.html,LW,6,761,152,193,345,27.1,0
Jim Nill,/players/n/nillji01.html,RW,124,524,58,87,145,-0.8,0
Brian Noonan,/players/n/noonabr01.html,RW,98,629,116,159,275,16.3,0
Robert Nordmark,/players/n/nordmro01.html,D,169,236,13,70,83,13.7,0
Lawrence Nycholat,/players/n/nychola01.html,D,14,50,2,7,9,1.4,0
Shane O'Brien,/players/o/obriesh01.html,D,141,537,13,79,92,21.0,0
Paul O'Neil,/players/o/oneilpa01.html,C/RW,5,6,0,0,0,-0.3,0
Chris O'Sullivan,/players/o/osullch01.html,D,11,62,2,17,19,3.9,0
Evan Oberg,/players/o/obergev01.html,D,4,7,0,0,0,0.2,0
Roman Oksiuta,/players/o/oksiuro01.html,RW,68,153,46,41,87,6.7,0
Victor Oreskovich,/players/o/oreskvi01.html,RW,17,67,2,7,9,1.2,0
Michel Ouellet,/players/o/ouellmi01.html,RW,3,190,52,64,116,12.6,0
Samuel Pahlsson,/players/p/pahlssa01.html,C,19,798,68,131,199,4.0,0
Rosaire Paiement,/players/p/paiemro01.html,C,147,191,48,52,100,6.4,0
Ryan Parent,/players/p/parenry01.html,D,4,106,1,6,7,0.9,0
Richard Park,/players/p/parkri01.html,RW,60,738,102,139,241,16.6,0
Tanner Pearson,/players/p/pearsta01.html,LW,19,388,87,83,170,20.1,0
Michael Peca,/players/p/pecami01.html,C,37,864,176,289,465,42.2,0
Andrey Pedan,/players/p/pedanan01.html,D,13,13,0,0,0,-0.1,0
Denis Pederson,/players/p/pederde01.html,C/RW,102,435,57,71,128,8.3,0
Pascal Pelletier,/players/p/pellepa01.html,LW,3,16,0,0,0,-0.5,0
Joel Perrault,/players/p/perrajo01.html,C,7,96,12,14,26,1.3,0
Brent Peterson,/players/p/peterbr01.html,C,146,620,72,141,213,5.5,0
Elias Pettersson,/players/p/petteel01.html,C,71,71,28,38,66,7.8,0
Matt Pettinger,/players/p/pettima01.html,LW,29,422,65,58,123,7.3,0
Steve Pinizzotto,/players/p/pinizst01.html,C,12,36,2,4,6,0.1,0
Adrien Plavsic,/players/p/plavsad01.html,D,182,214,16,56,72,13.5,0
Poul Popiel,/players/p/popiepo01.html,D,116,225,13,41,54,12.1,0
Derrick Pouliot,/players/p/poulide01.html,D,133,200,8,40,48,6.6,0
Tracy Pratt,/players/p/pratttr01.html,D,176,580,17,97,114,27.6,0
Kevin Primeau,/players/p/primeke01.html,RW,2,2,0,0,0,-0.1,0
Sean Pronger,/players/p/prongse01.html,C,3,260,23,36,59,1.4,0
Brandon Prust,/players/p/prustbr01.html,LW,35,486,40,75,115,8.6,0
Dan Quinn,/players/q/quinnda01.html,C,101,805,266,419,685,46.2,0
Pat Quinn*,/players/q/quinnpa01.html,D,133,606,18,113,131,34.2,0
Brogan Rafferty,/players/r/raffebr01.html,D,2,2,0,0,0,0.0,0
Dan Ratushny,/players/r/ratusda01.html,D,1,1,0,1,1,0.1,0
Marc Reaume,/players/r/reaumma01.html,D,27,344,8,43,51,18.2,0
Brandon Reid,/players/r/reidbr01.html,C,13,13,2,4,6,0.8,0
Paul Reinhart,/players/r/reinhpa01.html,D,131,648,133,426,559,69.7,0
Borna Rendulic,/players/r/rendubo01.html,RW,1,15,1,1,2,0.1,0
Brad Richardson,/players/r/richabr02.html,C,118,749,100,131,231,18.1,0
Glen Richardson,/players/r/richagl01.html,LW,24,24,3,6,9,0.2,0
Dave Richter,/players/r/richtda01.html,D,127,365,9,40,49,13.7,0
Mike Ridley,/players/r/ridlemi01.html,C,112,866,292,466,758,60.6,0
Byron Ritchie,/players/r/ritchby01.html,C,71,324,25,33,58,1.6,0
Garth Rizzuto,/players/r/rizzuga01.html,C,37,37,3,4,7,-0.7,0
David Roberts,/players/r/roberda01.html,LW,71,125,20,33,53,3.4,0
Bert Robertsson,/players/r/roberbe01.html,D,69,123,4,10,14,1.2,0
Mike Robitaille,/players/r/robitmi01.html,D,174,382,23,105,128,26.5,0
Leon Rochefort,/players/r/rochele01.html,RW,87,617,121,147,268,16.1,0
Anton Rodin,/players/r/rodinan01.html,RW,3,3,0,1,1,0.1,0
Jeff Rohlicek,/players/r/rohlije01.html,C,9,9,0,0,0,-0.3,0
Leif Rohlin,/players/r/rohlile01.html,D,96,96,8,24,32,5.7,0
Aaron Rome,/players/r/romeaa01.html,D,148,226,6,22,28,5.2,0
Antoine Roussel,/players/r/roussan01.html,LW,65,478,73,99,172,15.5,0
Derek Roy,/players/r/royde01.html,C,12,738,189,335,524,53.3,0
Martin Rucinsky,/players/r/rucinma01.html,LW,13,961,241,371,612,57.3,0
Christian Ruuttu,/players/r/ruuttch01.html,C,25,621,134,298,432,28.9,0
Prestin Ryan,/players/r/ryanpr01.html,D,1,1,0,0,0,-0.1,0
Rick Rypien,/players/r/rypieri01.html,C,119,119,9,7,16,0.4,0
Mikael Samuelsson,/players/s/samuemi01.html,RW,155,699,149,197,346,35.7,0
Derek Sanderson,/players/s/sandede01.html,C,16,598,202,250,452,40.9,0
Geoff Sanderson,/players/s/sandege01.html,LW,22,1104,355,345,700,69.8,0
Tommi Santala,/players/s/santato01.html,C,30,63,2,7,9,0.0,0
Mike Santorelli,/players/s/santomi01.html,C,49,406,64,74,138,11.8,0
David Saunders,/players/s/saundda01.html,LW,56,56,7,13,20,0.3,0
Ashton Sautner,/players/s/sautnas01.html,D,22,22,0,3,3,0.8,0
Yann Sauve,/players/s/sauveya01.html,D,8,8,0,0,0,-0.2,0
Dave Scatchard,/players/s/scatcda01.html,C,179,659,128,141,269,24.3,0
Peter Schaefer,/players/s/schaepe01.html,LW,194,572,99,162,261,23.8,0
Tim Schaller,/players/s/schalti01.html,LW,47,223,24,27,51,3.2,0
John Schella,/players/s/scheljo01.html,D,115,115,2,18,20,2.8,0
Luke Schenn,/players/s/schenlu01.html,D,18,734,30,115,145,26.7,0
Andy Schliebener,/players/s/schlian01.html,D,84,84,2,11,13,2.3,0
Mathieu Schneider,/players/s/schnema01.html,D,17,1289,223,520,743,132.8,0
Jordan Schroeder,/players/s/schrojo01.html,C,56,165,18,24,42,4.0,0
Jesse Schultz,/players/s/schulje01.html,RW,2,2,0,0,0,0.0,0
Dan Seguin,/players/s/seguida01.html,LW,26,37,2,6,8,-0.4,0
Alexander Semak,/players/s/semakal01.html,C,18,289,83,91,174,13.9,0
Anatoli Semenov,/players/s/semenan01.html,C/LW,62,362,68,126,194,12.1,0
Tom Sestito,/players/s/sestito01.html,LW,103,154,10,11,21,0.9,0
Ryan Shannon,/players/s/shannry01.html,C,27,305,35,64,99,7.2,0
Vadim Sharifijanov,/players/s/shariva01.html,LW,17,92,16,21,37,3.3,0
Hunter Shinkaruk,/players/s/shinkhu01.html,C,1,15,2,2,4,0.0,0
Sergei Shirokov,/players/s/shirose01.html,RW,8,8,1,0,1,-0.1,0
Drew Shore,/players/s/shoredr01.html,C,14,94,9,17,26,1.1,0
Mike Sillinger,/players/s/sillimi01.html,C,138,1049,240,308,548,40.9,0
Jack Skille,/players/s/skillja01.html,RW,55,368,43,41,84,5.3,0
Jiri Slegr,/players/s/slegrji01.html,D,154,622,56,193,249,43.8,0
Darryl Sly,/players/s/slyda01.html,D,31,79,1,2,3,2.1,0
Brad Smith,/players/s/smithbr03.html,RW,21,222,28,34,62,-0.2,0
Doug Smith,/players/s/smithdo03.html,C,40,535,115,138,253,8.7,0
Nathan Smith,/players/s/smithna02.html,C,4,26,0,0,0,-0.6,0
Bryan Smolinski,/players/s/smolibr01.html,C,20,1056,274,377,651,63.6,0
Gene Sobchuk,/players/s/sobchge01.html,LW/C,1,1,0,0,0,0.0,0
Fred Speck,/players/s/speckfr01.html,C,18,28,1,2,3,-1.1,0
Ryan Spooner,/players/s/spoonry01.html,C,11,325,48,119,167,15.2,0
Andy Spruce,/players/s/sprucan01.html,LW,51,172,31,42,73,3.0,0
Steve Staios,/players/s/staiost01.html,D,143,1001,56,164,220,37.0,0
Daryl Stanley,/players/s/stanlda01.html,D/LW,100,189,8,17,25,8.2,0
Ryan Stanton,/players/s/stantry01.html,D,118,120,4,23,27,6.6,0
Mike Stapleton,/players/s/staplmi01.html,C,18,697,71,111,182,1.7,0
Ron Stern,/players/s/sternro01.html,RW,97,638,75,86,161,4.0,0
Mike Stevens,/players/s/stevemi01.html,LW,6,23,1,4,5,-0.2,0
Ralph Stewart,/players/s/stewara01.html,C,53,252,57,73,130,7.8,0
Ron Stewart,/players/s/stewaro01.html,RW,42,1353,276,253,529,38.1,0
Alek Stojanov,/players/s/stojaal01.html,RW,62,107,2,5,7,-2.7,0
Steve Stone,/players/s/stonest01.html,RW,2,2,0,0,0,-0.1,0
Marco Sturm,/players/s/sturmma01.html,LW,6,938,242,245,487,54.0,0
Alexander Sulzer,/players/s/sulzeal01.html,D,12,131,7,15,22,6.2,0
Raimo Summanen,/players/s/summara01.html,LW,19,151,36,40,76,3.1,0
Mats Sundin*,/players/s/sundima01.html,C,41,1346,564,785,1349,144.4,0
Brandon Sutter,/players/s/suttebr03.html,C/RW,188,683,135,125,260,24.3,0
Bill Sweatt,/players/s/sweatbi01.html,LW,3,3,0,0,0,-0.1,0
Lee Sweatt,/players/s/sweatle01.html,D,3,3,1,1,2,0.7,0
Jeff Tambellini,/players/t/tambeje01.html,LW,62,242,27,36,63,3.9,0
Steve Tambellini,/players/t/tambest01.html,C,161,553,160,150,310,16.3,0
Don Tannahill,/players/t/tannado01.html,LW,111,111,30,33,63,4.0,0
Ted Taylor,/players/t/taylote01.html,LW,125,166,23,35,58,1.5,0
Josh Teves,/players/t/tevesjo01.html,D,1,1,0,0,0,-0.1,0
Alexei Tezikov,/players/t/tezikal01.html,D,2,30,1,1,2,0.6,0
Esa Tikkanen,/players/t/tikkaes01.html,LW,100,877,244,386,630,46.7,0
Raffi Torres,/players/t/torrera01.html,LW,80,635,137,123,260,28.4,0
Yannick Tremblay,/players/t/trembya01.html,D,12,390,38,87,125,15.4,0
Nikita Tryamkin,/players/t/tryamni01.html,D,79,79,3,8,11,2.5,0
Rob Tudor,/players/t/tudorro01.html,RW/C,26,28,4,4,8,0.4,0
Ossi Vaananen,/players/v/vaanaos01.html,D,3,479,13,55,68,17.7,0
Lubomir Vaic,/players/v/vaiclu01.html,C,9,9,1,1,2,0.0,0
Rick Vaive,/players/v/vaiveri01.html,RW,47,876,441,347,788,65.4,0
Garry Valk,/players/v/valkga01.html,RW,172,777,100,156,256,13.3,0
Thomas Vanek,/players/v/vanekth01.html,LW,61,1029,373,416,789,95.9,0
Herbert Vasiljevs,/players/v/vasilhe01.html,RW,18,51,8,7,15,0.7,0
Linden Vey,/players/v/veyli01.html,RW,116,138,14,30,44,2.6,0
Sid Veysey,/players/v/veysesi01.html,C,1,1,0,0,0,-0.1,0
Claude Vilgrain,/players/v/vilgrcl01.html,RW,6,89,21,32,53,3.9,0
Aaron Volpatti,/players/v/volpaaa01.html,LW,54,114,5,2,7,-0.6,0
Radim Vrbata,/players/v/vrbatra01.html,RW,142,1057,284,339,623,69.1,0
Ryan Walter,/players/w/waltery01.html,C/LW,92,1003,264,382,646,40.4,0
Mike Walton,/players/w/waltomi01.html,C,115,588,201,247,448,37.4,0
Dixon Ward,/players/w/warddi01.html,RW,103,537,95,129,224,17.2,0
Ron Ward,/players/w/wardro01.html,C,71,89,2,5,7,-1.8,0
Todd Warriner,/players/w/warrito01.html,LW,44,453,65,89,154,9.6,0
Steve Washburn,/players/w/washbst01.html,C,8,93,14,15,29,2.0,0
Mike Weaver,/players/w/weavemi01.html,D,55,633,8,89,97,23.3,0
Yannick Weber,/players/w/weberya01.html,D,159,456,27,64,91,17.5,0
Eric Weinrich,/players/w/weinrer01.html,D,16,1157,70,318,388,82.0,0
Dale Weise,/players/w/weiseda01.html,RW,152,490,54,66,120,10.6,0
Kyle Wellwood,/players/w/wellwky01.html,C,149,489,92,143,235,22.3,0
Jeremy Welsh,/players/w/welshje01.html,C,19,27,1,1,2,0.0,0
Doug Wickenheiser,/players/w/wickedo01.html,C,80,556,111,165,276,13.9,0
Barry Wilcox,/players/w/wilcoba01.html,RW,33,33,3,2,5,-0.6,0
Jim Wiley,/players/w/wileyji01.html,C,37,63,4,10,14,-0.7,0
Jim Wiste,/players/w/wisteji01.html,C,23,52,1,10,11,-0.7,0
Dan Woodley,/players/w/woodlda01.html,RW,5,5,2,0,2,0.2,0
Mark Wotton,/players/w/wottoma01.html,D,42,43,3,6,9,2.3,0
John Wright,/players/w/wrighjo01.html,C,91,127,16,36,52,1.7,0
Harry York,/players/y/yorkha01.html,C,103,244,29,46,75,4.1,0
Howie Young,/players/y/youngho01.html,D/RW,11,336,12,62,74,13.9,0
Michael Zalewski,/players/z/zalewmi01.html,LW,6,6,0,2,2,0.2,0
Lars Zetterstrom,/players/z/zettela01.html,D,14,14,0,1,1,0.2,0
Peter Zezel,/players/z/zezelpe01.html,C,66,873,219,388,607,43.5,0
